instrument_token,exchange_token,tradingsymbol,tick_size,lot_size,instrument_type,segment,exchange
195520257,763751,0ABCL31-N0,0.01,1,EQ,NSE,NSE
195168001,762375,0HFL28-N0,0.01,1,EQ,NSE,NSE
194580481,760080,0IRFC35-N0,0.01,1,EQ,NSE,NSE
6068225,23704,0MOFSL27-N3,0.01,1,EQ,NSE,NSE
7534593,29432,0NHIT34-N0,0.01,1,EQ,NSE,NSE
7532801,29425,0NHIT35-N0,0.01,1,EQ,NSE,NSE
6580737,25706,0RL34-N0,0.01,1,EQ,NSE,NSE
5964545,23299,0SCL27-YW,0.01,1,EQ,NSE,NSE
6180097,24141,1003IIFL29-NC,0.01,1,EQ,NSE,NSE
5319425,20779,1003ISFL28-N4,0.01,1,EQ,NSE,NSE
5968641,23315,1003SCFL31-Z4,0.01,1,EQ,NSE,NSE
4831745,18874,1003SCL30-BW,0.01,1,EQ,NSE,NSE
5149697,20116,1003SCL30A-NV,0.01,1,EQ,NSE,NSE
6135553,23967,1003SCL31-ZQ,0.01,1,EQ,NSE,NSE
6544897,25566,1003SCL31A-N1,0.01,1,EQ,NSE,NSE
7405825,28929,1003SCL31P-N1,0.01,1,EQ,NSE,NSE
7738369,30228,1003SCL32-N1,0.01,1,EQ,NSE,NSE
3903745,15249,1003SFIL28-NX,0.01,1,EQ,NSE,NSE
6284545,24549,10157PCP27-N0,0.01,1,EQ,NSE,NSE
2041601,7975,1015ECL29-NR,0.01,1,EQ,NSE,NSE
5965569,23303,1015SCFL29-YY,0.01,1,EQ,NSE,NSE
5146113,20102,1015SCL28-NR,0.01,1,EQ,NSE,NSE
3765761,14710,1015SCL28A-AL,0.01,1,EQ,NSE,NSE
4490753,17542,1015SCL28B-AZ,0.01,1,EQ,NSE,NSE
6131713,23952,1015SCL29-ZL,0.01,1,EQ,NSE,NSE
6542849,25558,1015SCL29B-N1,0.01,1,EQ,NSE,NSE
7404801,28925,1015SCL29T-N1,0.01,1,EQ,NSE,NSE
7740417,30236,1015SCL30-N1,0.01,1,EQ,NSE,NSE
193536001,756000,1015UCL27-NF,0.01,1,EQ,NSE,NSE
1749249,6833,1018GS2026-GS,0.01,1,EQ,NSE,NSE
6946305,27134,1020CCSP27-N0,0.01,1,EQ,NSE,NSE
193575425,756154,1025IIFL30-Y3,0.01,1,EQ,NSE,NSE
194235393,758732,1025PATE28-N0,0.01,1,EQ,NSE,NSE
5969153,23317,1025SCFL34-Z5,0.01,1,EQ,NSE,NSE
5383681,21030,1025SCL33-YJ,0.01,1,EQ,NSE,NSE
4837633,18897,1025SCL33A-N1,0.01,1,EQ,NSE,NSE
5970689,23323,1025SCL34-Z8,0.01,1,EQ,NSE,NSE
6137345,23974,1025SCL34A-ZT,0.01,1,EQ,NSE,NSE
6547201,25575,1025SCL34B-N1,0.01,1,EQ,NSE,NSE
6545409,25568,1025SCL34C-N1,0.01,1,EQ,NSE,NSE
7406081,28930,1025SCL34U-N1,0.01,1,EQ,NSE,NSE
7406849,28933,1025SCL34Z-N1,0.01,1,EQ,NSE,NSE
7739905,30234,1025SCL35-N1,0.01,1,EQ,NSE,NSE
7732225,30204,1025SCL35A-N1,0.01,1,EQ,NSE,NSE
6633985,25914,1025UCL26A-N1,0.01,1,EQ,NSE,NSE
193536513,756002,1025UCL27A-NG,0.01,1,EQ,NSE,NSE
193897729,757413,1025VCCL28-N0,0.01,1,EQ,NSE,NSE
7415553,28967,102CCSP27A-N0,0.01,1,EQ,NSE,NSE
3592705,14034,1030SFIL28-NM,0.01,1,EQ,NSE,NSE
5987841,23390,1035CCSP26-N2,0.01,1,EQ,NSE,NSE
6042625,23604,1035CCSP27-N3,0.01,1,EQ,NSE,NSE
193535489,755998,1039UCL26-NE,0.01,1,EQ,NSE,NSE
6634497,25916,1040UCL27B-N1,0.01,1,EQ,NSE,NSE
6180609,24143,1050IIFL29-ND,0.01,1,EQ,NSE,NSE
5320705,20784,1050ISFL28-N5,0.01,1,EQ,NSE,NSE
5967617,23311,1050SCFL31-Z2,0.01,1,EQ,NSE,NSE
5148417,20111,1050SCL30-NU,0.01,1,EQ,NSE,NSE
6134785,23964,1050SCL31-ZP,0.01,1,EQ,NSE,NSE
6544385,25564,1050SCL31A-N1,0.01,1,EQ,NSE,NSE
7405569,28928,1050SCL31T-N1,0.01,1,EQ,NSE,NSE
7741953,30242,1050SCL32-N1,0.01,1,EQ,NSE,NSE
193537025,756004,1050UCL28-NH,0.01,1,EQ,NSE,NSE
4876033,19047,105IIFL29-N7,0.01,1,EQ,NSE,NSE
2044417,7986,1060ECL29-NS,0.01,1,EQ,NSE,NSE
5919489,23123,1065NFL27-NC,0.01,1,EQ,NSE,NSE
5969665,23319,1075SCFL34-Z6,0.01,1,EQ,NSE,NSE
5386753,21042,1075SCL33-YK,0.01,1,EQ,NSE,NSE
4838913,18902,1075SCL33A-N2,0.01,1,EQ,NSE,NSE
5150209,20118,1075SCL33B-NW,0.01,1,EQ,NSE,NSE
6136321,23970,1075SCL34-ZR,0.01,1,EQ,NSE,NSE
6545921,25570,1075SCL34C-N1,0.01,1,EQ,NSE,NSE
7406337,28931,1075SCL34T-N1,0.01,1,EQ,NSE,NSE
7739393,30232,1075SCL35-N1,0.01,1,EQ,NSE,NSE
194359041,759215,1075WCA28-N0,0.01,1,EQ,NSE,NSE
193486081,755805,1075WCA28B-N0,0.01,1,EQ,NSE,NSE
194302721,758995,1075WCAP28-N0,0.01,1,EQ,NSE,NSE
195663361,764310,1075WCAP29-N0,0.01,1,EQ,NSE,NSE
5894145,23024,1077IIFL30-N7,0.01,1,EQ,NSE,NSE
194684673,760487,1096GIPL28-N0,0.01,1,EQ,NSE,NSE
3191041,12465,10CAGL27-N5,0.01,1,EQ,NSE,NSE
195694337,764431,10CHI36-N0,0.01,1,EQ,NSE,NSE
1334273,5212,10IIFL28-N4,0.01,1,EQ,NSE,NSE
734977,2871,10IIFL28A-NE,0.01,1,EQ,NSE,NSE
4875521,19045,10IIFL29-N6,0.01,1,EQ,NSE,NSE
6179585,24139,10IIFLSF27-NB,0.01,1,EQ,NSE,NSE
5317377,20771,10ISFL26-N3,0.01,1,EQ,NSE,NSE
195380737,763206,10MWL29-N0,0.01,1,EQ,NSE,NSE
195926273,765337,10PGL28-N0,0.01,1,EQ,NSE,NSE
4830209,18868,10SCL30A-BV,0.01,1,EQ,NSE,NSE
5967105,23309,10SCL31-Z1,0.01,1,EQ,NSE,NSE
6134017,23961,10SCL31A-ZO,0.01,1,EQ,NSE,NSE
193534977,755996,10UCL26-ND,0.01,1,EQ,NSE,NSE
195416577,763346,1116AFL27-N0,0.01,1,EQ,NSE,NSE
195532289,763798,1116AFL28-N0,0.01,1,EQ,NSE,NSE
195685121,764395,1116AFL28A-N0,0.01,1,EQ,NSE,NSE
5920001,23125,1119NFL27-ND,0.01,1,EQ,NSE,NSE
194020353,757892,111ESFB31-N0,0.01,1,EQ,NSE,NSE
195339265,763044,1125AFIL29-N0,0.01,1,EQ,NSE,NSE
194572033,760047,1125VCCL27-N0,0.01,1,EQ,NSE,NSE
194379777,759296,113ESFB31-N0,0.01,1,EQ,NSE,NSE
194506497,759791,113ESFB31B-N0,0.01,1,EQ,NSE,NSE
194677505,760459,1150AFIL28-N0,0.01,1,EQ,NSE,NSE
194724097,760641,1150AFIL29-N0,0.01,1,EQ,NSE,NSE
195624705,764159,115AFIL28A-N0,0.01,1,EQ,NSE,NSE
193976065,757719,115VCCL27-N0,0.01,1,EQ,NSE,NSE
194572545,760049,115VCCL28-N0,0.01,1,EQ,NSE,NSE
194675457,760451,115VCCL28A-N0,0.01,1,EQ,NSE,NSE
194969345,761599,115VCCL31-N0,0.01,1,EQ,NSE,NSE
195425281,763380,115VCCL31A-N0,0.01,1,EQ,NSE,NSE
195712769,764503,115VCCL31B-N0,0.01,1,EQ,NSE,NSE
194242561,758760,1165ESF32-N0,0.01,1,EQ,NSE,NSE
194934017,761461,1165ESFB32-N0,0.01,1,EQ,NSE,NSE
194135041,758340,116VCCL26A-N0,0.01,1,EQ,NSE,NSE
194183937,758531,116VCCL27-N0,0.01,1,EQ,NSE,NSE
194404353,759392,116VCCL27A-N0,0.01,1,EQ,NSE,NSE
194702081,760555,1175IFL28-N0,0.01,1,EQ,NSE,NSE
195458561,763510,1175IFL28A-N0,0.01,1,EQ,NSE,NSE
194486273,759712,1180IFL28-N0,0.01,1,EQ,NSE,NSE
194917633,761397,1180IFL28A-N0,0.01,1,EQ,NSE,NSE
195611905,764109,1180IFL28B-N0,0.01,1,EQ,NSE,NSE
6608385,25814,1180VCCL26-N0,0.01,1,EQ,NSE,NSE
194135553,758342,118VCCL27-N0,0.01,1,EQ,NSE,NSE
194184449,758533,118VCCL27A-N0,0.01,1,EQ,NSE,NSE
194404865,759394,118VCCL27B-N0,0.01,1,EQ,NSE,NSE
195402753,763292,11MCS27-N0,0.01,1,EQ,NSE,NSE
195668737,764331,11RCPL28-N0,0.01,1,EQ,NSE,NSE
195954945,765449,11RCPL28A-N0,0.01,1,EQ,NSE,NSE
194571521,760045,11VCCL27-N0,0.01,1,EQ,NSE,NSE
194417665,759444,1215DHPL27-N0,0.01,1,EQ,NSE,NSE
194804737,760956,1225DCCL27-N0,0.01,1,EQ,NSE,NSE
194533633,759897,1225IFL27-N0,0.01,1,EQ,NSE,NSE
194727937,760656,1225IFL28-N0,0.01,1,EQ,NSE,NSE
194702849,760558,125VCCL31-N0,0.01,1,EQ,NSE,NSE
195511553,763717,1275DCC28-N0,0.01,1,EQ,NSE,NSE
195004673,761737,1275DCCL28-N0,0.01,1,EQ,NSE,NSE
195709185,764489,1295DCCL28-N0,0.01,1,EQ,NSE,NSE
195680257,764376,129DCCL28-N0,0.01,1,EQ,NSE,NSE
194418177,759446,12AFIL27-N0,0.01,1,EQ,NSE,NSE
194329089,759098,12AFIL27A-N0,0.01,1,EQ,NSE,NSE
194376449,759283,12AFIL28-N0,0.01,1,EQ,NSE,NSE
194507009,759793,12DCCL27-N0,0.01,1,EQ,NSE,NSE
194755329,760763,12DCCL29-N0,0.01,1,EQ,NSE,NSE
194717185,760614,12DCCL29A-N0,0.01,1,EQ,NSE,NSE
6518785,25464,12VCCL27-N0,0.01,1,EQ,NSE,NSE
6607873,25812,12VCCL27A-N0,0.01,1,EQ,NSE,NSE
7615745,29749,12VCCL27B-N0,0.01,1,EQ,NSE,NSE
194134529,758338,12VCCL27D-N0,0.01,1,EQ,NSE,NSE
194375937,759281,12VCCL28-N0,0.01,1,EQ,NSE,NSE
6519297,25466,12VCCL29-N0,0.01,1,EQ,NSE,NSE
7494145,29274,12VCCL29A-N0,0.01,1,EQ,NSE,NSE
193770497,756916,12VCCL29B-N0,0.01,1,EQ,NSE,NSE
193976577,757721,12VCCL29C-N0,0.01,1,EQ,NSE,NSE
195475201,763575,12VPT28-N0,0.01,1,EQ,NSE,NSE
193126913,754402,12VPT28A-N0,0.01,1,EQ,NSE,NSE
195708673,764487,1305DCCL29-N0,0.01,1,EQ,NSE,NSE
194971905,761609,13DCCL29-N0,0.01,1,EQ,NSE,NSE
194756353,760767,14DCCL31-N0,0.01,1,EQ,NSE,NSE
194755841,760765,14DCCL31A-N0,0.01,1,EQ,NSE,NSE
7748865,30269,14RARL30-N0,0.01,1,EQ,NSE,NSE
6321409,24693,1650RARL27-N0,0.01,1,EQ,NSE,NSE
194364673,759237,165RARL28-N0,0.01,1,EQ,NSE,NSE
194787073,760887,182D030926-TB,0.01,100,EQ,NSE,NSE
195693057,764426,182D040227-TB,0.01,100,EQ,NSE,NSE
195401729,763288,182D051126-TB,0.01,100,EQ,NSE,NSE
195596289,764048,182D070127-TB,0.01,100,EQ,NSE,NSE
194991617,761686,182D081026-TB,0.01,100,EQ,NSE,NSE
194914049,761383,182D100926-TB,0.01,100,EQ,NSE,NSE
8119809,31718,182D101226-TB,0.01,100,EQ,NSE,NSE
195714817,764511,182D110227-TB,0.01,100,EQ,NSE,NSE
195423489,763373,182D121126-TB,0.01,100,EQ,NSE,NSE
195623169,764153,182D140127-TB,0.01,100,EQ,NSE,NSE
195182081,762430,182D151026-TB,0.01,100,EQ,NSE,NSE
192969473,753787,182D171226-TB,0.01,100,EQ,NSE,NSE
195923201,765325,182D180227-TB,0.01,100,EQ,NSE,NSE
194938881,761480,182D180926-TB,0.01,100,EQ,NSE,NSE
195462657,763526,182D191126-TB,0.01,100,EQ,NSE,NSE
195648769,764253,182D210127-TB,0.01,100,EQ,NSE,NSE
195347969,763078,182D221026-TB,0.01,100,EQ,NSE,NSE
193481217,755786,182D241226-TB,0.01,100,EQ,NSE,NSE
195953409,765443,182D260227-TB,0.01,100,EQ,NSE,NSE
195488001,763625,182D271126-TB,0.01,100,EQ,NSE,NSE
195668225,764329,182D280127-TB,0.01,100,EQ,NSE,NSE
195380225,763204,182D291026-TB,0.01,100,EQ,NSE,NSE
195528193,763782,182D311226-TB,0.01,100,EQ,NSE,NSE
5916417,23111,18MVL27-N0,0.01,1,EQ,NSE,NSE
193006849,753933,18MVL31-N0,0.01,1,EQ,NSE,NSE
193544961,756035,18PVL29-N0,0.01,1,EQ,NSE,NSE
193545473,756037,18PVL29A-N0,0.01,1,EQ,NSE,NSE
4331777,16921,20MICRONS,0.01,1,EQ,NSE,NSE
1025,4,21STCENMGM,0.01,1,EQ,NSE,NSE
3343617,13061,360ONE,0.1,1,EQ,NSE,NSE
195528449,763783,364D010727-TB,0.01,100,EQ,NSE,NSE
194391297,759341,364D021026-TB,0.01,100,EQ,NSE,NSE
194288641,758940,364D030926-TB,0.01,100,EQ,NSE,NSE
194585601,760100,364D031226-TB,0.01,100,EQ,NSE,NSE
194760961,760785,364D040227-TB,0.01,100,EQ,NSE,NSE
194787329,760888,364D040327-TB,0.01,100,EQ,NSE,NSE
195693313,764427,364D050827-TB,0.01,100,EQ,NSE,NSE
195401985,763289,364D060527-TB,0.01,100,EQ,NSE,NSE
194457601,759600,364D061126-TB,0.01,100,EQ,NSE,NSE
194711809,760593,364D070127-TB,0.01,100,EQ,NSE,NSE
194991873,761687,364D080427-TB,0.01,100,EQ,NSE,NSE
195596545,764049,364D080727-TB,0.01,100,EQ,NSE,NSE
194414849,759433,364D081026-TB,0.01,100,EQ,NSE,NSE
8136705,31784,364D100627-TB,0.01,100,EQ,NSE,NSE
194275329,758888,364D100926-TB,0.01,100,EQ,NSE,NSE
194636545,760299,364D101226-TB,0.01,100,EQ,NSE,NSE
194800897,760941,364D110227-TB,0.01,100,EQ,NSE,NSE
194914305,761384,364D110327-TB,0.01,100,EQ,NSE,NSE
195715073,764512,364D120827-TB,0.01,100,EQ,NSE,NSE
194516737,759831,364D121126-TB,0.01,100,EQ,NSE,NSE
195423745,763374,364D130527-TB,0.01,100,EQ,NSE,NSE
194742785,760714,364D150127-TB,0.01,100,EQ,NSE,NSE
195182337,762431,364D150427-TB,0.01,100,EQ,NSE,NSE
195623425,764154,364D150727-TB,0.01,100,EQ,NSE,NSE
194425857,759476,364D151026-TB,0.01,100,EQ,NSE,NSE
192972545,753799,364D170627-TB,0.01,100,EQ,NSE,NSE
194354945,759199,364D170926-TB,0.01,100,EQ,NSE,NSE
194660097,760391,364D171226-TB,0.01,100,EQ,NSE,NSE
194830081,761055,364D190227-TB,0.01,100,EQ,NSE,NSE
194939137,761481,364D190327-TB,0.01,100,EQ,NSE,NSE
195923457,765326,364D190827-TB,0.01,100,EQ,NSE,NSE
194525697,759866,364D191126-TB,0.01,100,EQ,NSE,NSE
195462913,763527,364D200527-TB,0.01,100,EQ,NSE,NSE
194759681,760780,364D210127-TB,0.01,100,EQ,NSE,NSE
195348225,763079,364D220427-TB,0.01,100,EQ,NSE,NSE
195649025,764254,364D220727-TB,0.01,100,EQ,NSE,NSE
194261761,758835,364D231026-TB,0.01,100,EQ,NSE,NSE
193485313,755802,364D240627-TB,0.01,100,EQ,NSE,NSE
194316033,759047,364D240926-TB,0.01,100,EQ,NSE,NSE
194602497,760166,364D250227-TB,0.01,100,EQ,NSE,NSE
194694657,760526,364D251226-TB,0.01,100,EQ,NSE,NSE
194567681,760030,364D261126-TB,0.01,100,EQ,NSE,NSE
195953665,765444,364D270827-TB,0.01,100,EQ,NSE,NSE
194754817,760761,364D280127-TB,0.01,100,EQ,NSE,NSE
195488257,763626,364D280527-TB,0.01,100,EQ,NSE,NSE
195380481,763205,364D290427-TB,0.01,100,EQ,NSE,NSE
195668481,764330,364D290727-TB,0.01,100,EQ,NSE,NSE
194433025,759504,364D291026-TB,0.01,100,EQ,NSE,NSE
195204609,762518,3BBLACKBIO,0.1,1,EQ,NSE,NSE
1597441,6240,3IINFOLTD-BE,0.01,1,EQ,NSE,NSE
121345,474,3MINDIA,5,1,EQ,NSE,NSE
664321,2595,3PLAND,0.01,1,EQ,NSE,NSE
1713921,6695,574GS2026-GS,0.01,1,EQ,NSE,NSE
214017,836,575PY26-SG,0.01,100,EQ,NSE,NSE
5706753,22292,577GS2030-GS,0.01,1,EQ,NSE,NSE
4827393,18857,579GS2030-GS,0.01,1,EQ,NSE,NSE
466945,1824,582RJ27-SG,0.01,100,EQ,NSE,NSE
343297,1341,585GS2030-GS,0.01,1,EQ,NSE,NSE
435969,1703,588CG26-SG,0.01,100,EQ,NSE,NSE
193984769,757753,591GS2028-GS,0.01,1,EQ,NSE,NSE
370945,1449,593CG26-SG,0.01,100,EQ,NSE,NSE
1505281,5880,596PY26-SG,0.01,100,EQ,NSE,NSE
483073,1887,597CG27-SG,0.01,100,EQ,NSE,NSE
113921,445,5PAISA,0.05,1,EQ,NSE,NSE
1757697,6866,601GS2028-GS,0.01,1,EQ,NSE,NSE
194043649,757983,601GS2030-GS,0.01,1,EQ,NSE,NSE
1534465,5994,601RJ26-SG,0.01,100,EQ,NSE,NSE
194719233,760622,603GS2029-GS,0.01,1,EQ,NSE,NSE
1801729,7038,604AS26-SG,0.01,100,EQ,NSE,NSE
1589505,6209,604GJ26-SG,0.01,100,EQ,NSE,NSE
1788673,6987,607RJ26-SG,0.01,100,EQ,NSE,NSE
1613825,6304,609AS26-SG,0.01,100,EQ,NSE,NSE
5614081,21930,609KA28-SG,0.01,100,EQ,NSE,NSE
193900801,757425,60TN28-SG,0.01,100,EQ,NSE,NSE
1283073,5012,610GS2031-GS,0.01,1,EQ,NSE,NSE
5613825,21929,612KA27-SG,0.01,100,EQ,NSE,NSE
1758209,6868,613GS2028-GS,0.01,1,EQ,NSE,NSE
194030337,757931,613OR28-SG,0.01,100,EQ,NSE,NSE
193978369,757728,614TN28-SG,0.01,100,EQ,NSE,NSE
437505,1709,617KL27-SG,0.01,100,EQ,NSE,NSE
4857089,18973,619GS2034-GS,0.01,1,EQ,NSE,NSE
515329,2013,61CG27-SG,0.01,100,EQ,NSE,NSE
193935105,757559,61GJ28-SG,0.01,100,EQ,NSE,NSE
214273,837,61RJ27-SG,0.01,100,EQ,NSE,NSE
195911681,765280,620GS2029-GS,0.01,1,EQ,NSE,NSE
193796609,757018,622AS30-SG,0.01,100,EQ,NSE,NSE
243969,953,622GS2035-GS,0.01,1,EQ,NSE,NSE
348417,1361,622KL27-SG,0.01,100,EQ,NSE,NSE
1504513,5877,623RJ27-SG,0.01,100,EQ,NSE,NSE
5618433,21947,624MH28-SG,0.01,100,EQ,NSE,NSE
193906945,757449,627PFCL27-N0,0.01,1,EQ,NSE,NSE
194284289,758923,627TN27-SG,0.01,100,EQ,NSE,NSE
194099201,758200,627TN29-SG,0.01,100,EQ,NSE,NSE
1414145,5524,628GJ27-SG,0.01,100,EQ,NSE,NSE
194046465,757994,628GS2032-GS,0.01,1,EQ,NSE,NSE
1920001,7500,629RJ26A-SG,0.01,100,EQ,NSE,NSE
5701633,22272,62RJ27-SG,0.01,100,EQ,NSE,NSE
5709313,22302,632KA28-SG,0.01,100,EQ,NSE,NSE
1918721,7495,633AS26A-SG,0.01,100,EQ,NSE,NSE
193763841,756890,633GS2035-GS,0.01,1,EQ,NSE,NSE
5666561,22135,633TN30-SG,0.01,100,EQ,NSE,NSE
1614593,6307,634RJ27-SG,0.01,100,EQ,NSE,NSE
5266433,20572,635AP27-SG,0.01,100,EQ,NSE,NSE
194134017,758336,635LT28-N0,0.01,1,EQ,NSE,NSE
310273,1212,635MH28-SG,0.01,100,EQ,NSE,NSE
194821121,761020,636GS2031-GS,0.01,1,EQ,NSE,NSE
5700353,22267,636HP28-SG,0.01,100,EQ,NSE,NSE
194123265,758294,637RECL27-N0,0.01,1,EQ,NSE,NSE
1399553,5467,638MH27-SG,0.01,100,EQ,NSE,NSE
934401,3650,639BR27-SG,0.01,100,EQ,NSE,NSE
3038209,11868,63MOONS,0.05,1,EQ,NSE,NSE
1831169,7153,63PY27-SG,0.01,100,EQ,NSE,NSE
194160641,758440,640NHPCL27-N0,0.01,1,EQ,NSE,NSE
193893889,757398,640TN32-SG,0.01,100,EQ,NSE,NSE
5386241,21040,641GA30-SG,0.01,100,EQ,NSE,NSE
5658369,22103,641TN30-SG,0.01,100,EQ,NSE,NSE
218113,852,642GA30-SG,0.01,100,EQ,NSE,NSE
193742593,756807,642JK31-SG,0.01,100,EQ,NSE,NSE
193901057,757426,642JK31A-SG,0.01,100,EQ,NSE,NSE
5611265,21919,642MN30-SG,0.01,100,EQ,NSE,NSE
5708289,22298,642PN30-SG,0.01,100,EQ,NSE,NSE
193737473,756787,642TN31-SG,0.01,100,EQ,NSE,NSE
217345,849,642UP30-SG,0.01,100,EQ,NSE,NSE
249857,976,643AP30-SG,0.01,100,EQ,NSE,NSE
1385985,5414,643MH27-SG,0.01,100,EQ,NSE,NSE
2013953,7867,643RJ27-SG,0.01,100,EQ,NSE,NSE
5747457,22451,643UK30-SG,0.01,100,EQ,NSE,NSE
5273857,20601,644GJ29-SG,0.01,100,EQ,NSE,NSE
5718273,22337,644GJ29A-SG,0.01,100,EQ,NSE,NSE
5719553,22342,644MH28-SG,0.01,100,EQ,NSE,NSE
218369,853,644UK30-SG,0.01,100,EQ,NSE,NSE
5699073,22262,644UP30-SG,0.01,100,EQ,NSE,NSE
945921,3695,645BR27-SG,0.01,100,EQ,NSE,NSE
5746689,22448,645GJ30-SG,0.01,100,EQ,NSE,NSE
467713,1827,645GJ30A-SG,0.01,100,EQ,NSE,NSE
3448833,13472,645GS2029-GS,0.01,1,EQ,NSE,NSE
214529,838,645HP29-SG,0.01,100,EQ,NSE,NSE
153345,599,645MH27-SG,0.01,100,EQ,NSE,NSE
5746945,22449,645ML30-SG,0.01,100,EQ,NSE,NSE
5709057,22301,645MN30-SG,0.01,100,EQ,NSE,NSE
530177,2071,645RJ27-SG,0.01,100,EQ,NSE,NSE
2020865,7894,645RJ27A-SG,0.01,100,EQ,NSE,NSE
218881,855,645RJ30-SG,0.01,100,EQ,NSE,NSE
251393,982,646GJ30-SG,0.01,100,EQ,NSE,NSE
5709569,22303,646JK30-SG,0.01,100,EQ,NSE,NSE
5719041,22340,646RJ30-SG,0.01,100,EQ,NSE,NSE
5747201,22450,646RJ30A-SG,0.01,100,EQ,NSE,NSE
5700865,22269,646WB30-SG,0.01,100,EQ,NSE,NSE
5484033,21422,647GJ30-SG,0.01,100,EQ,NSE,NSE
194091265,758169,647IRFC28-N0,0.01,1,EQ,NSE,NSE
276481,1080,647KA30-SG,0.01,100,EQ,NSE,NSE
197889,773,647MH28-SG,0.01,100,EQ,NSE,NSE
5356033,20922,648AP27-SG,0.01,100,EQ,NSE,NSE
5385985,21039,648AP32-SG,0.01,100,EQ,NSE,NSE
252161,985,648AS30-SG,0.01,100,EQ,NSE,NSE
194405377,759396,648GS2035-GS,0.01,1,EQ,NSE,NSE
5708545,22299,648HR40-SG,0.01,100,EQ,NSE,NSE
5717761,22335,648KA30-SG,0.01,100,EQ,NSE,NSE
220417,861,648KA31-SG,0.01,100,EQ,NSE,NSE
252929,988,648MZ30-SG,0.01,100,EQ,NSE,NSE
2129665,8319,648RJ27-SG,0.01,100,EQ,NSE,NSE
5699585,22264,649AP33-SG,0.01,100,EQ,NSE,NSE
349185,1364,649GJ29-SG,0.01,100,EQ,NSE,NSE
5475841,21390,649KA30-SG,0.01,100,EQ,NSE,NSE
296449,1158,649KA30A-SG,0.01,100,EQ,NSE,NSE
5718017,22336,649KA31-SG,0.01,100,EQ,NSE,NSE
5719809,22343,649MH31-SG,0.01,100,EQ,NSE,NSE
193978625,757729,649OR30-SG,0.01,100,EQ,NSE,NSE
5643009,22043,649RJ30-SG,0.01,100,EQ,NSE,NSE
5666817,22136,649TN50-SG,0.01,100,EQ,NSE,NSE
5699329,22263,649TS50-SG,0.01,100,EQ,NSE,NSE
348673,1362,64AP28-SG,0.01,100,EQ,NSE,NSE
5707777,22296,64GJ30-SG,0.01,100,EQ,NSE,NSE
216577,846,64GJ30A-SG,0.01,100,EQ,NSE,NSE
5699841,22265,64KA30-SG,0.01,100,EQ,NSE,NSE
5747713,22452,64KA30A-SG,0.01,100,EQ,NSE,NSE
215809,843,64KA30B-SG,0.01,100,EQ,NSE,NSE
248833,972,64KA30C-SG,0.01,100,EQ,NSE,NSE
5700097,22266,64KA31-SG,0.01,100,EQ,NSE,NSE
249089,973,64MH30-SG,0.01,100,EQ,NSE,NSE
193796865,757019,651GJ33-SG,0.01,100,EQ,NSE,NSE
215041,840,651HP30-SG,0.01,100,EQ,NSE,NSE
194049,758,651KA30-SG,0.01,100,EQ,NSE,NSE
422401,1650,651KA30B-SG,0.01,100,EQ,NSE,NSE
442113,1727,651KA30C-SG,0.01,100,EQ,NSE,NSE
5483265,21419,651KA31-SG,0.01,100,EQ,NSE,NSE
193742849,756808,651UP32-SG,0.01,100,EQ,NSE,NSE
389633,1522,652KA30-SG,0.01,100,EQ,NSE,NSE
316417,1236,652MH30-SG,0.01,100,EQ,NSE,NSE
5634305,22009,652ML30-SG,0.01,100,EQ,NSE,NSE
5618945,21949,652MP35-SG,0.01,100,EQ,NSE,NSE
5630209,21993,652NL30-SG,0.01,100,EQ,NSE,NSE
254465,994,652PY30-SG,0.01,100,EQ,NSE,NSE
194026753,757917,652RL28-N0,0.01,1,EQ,NSE,NSE
5709825,22304,652TS50-SG,0.01,100,EQ,NSE,NSE
1451777,5671,653CG28-SG,0.01,100,EQ,NSE,NSE
311041,1215,653HP29-SG,0.01,100,EQ,NSE,NSE
349441,1365,653KA30-SG,0.01,100,EQ,NSE,NSE
470785,1839,653TN31-SG,0.01,100,EQ,NSE,NSE
5356289,20923,654AP30-SG,0.01,100,EQ,NSE,NSE
296193,1157,654AR30-SG,0.01,100,EQ,NSE,NSE
5355777,20921,654GA30-SG,0.01,100,EQ,NSE,NSE
388097,1516,654GA30A-SG,0.01,100,EQ,NSE,NSE
5431297,21216,654GJ30-SG,0.01,100,EQ,NSE,NSE
2007809,7843,654GS2032-GS,0.01,1,EQ,NSE,NSE
371969,1453,654KA30-SG,0.01,100,EQ,NSE,NSE
2080257,8126,654MH27-SG,0.01,100,EQ,NSE,NSE
5614593,21932,654MH30-SG,0.01,100,EQ,NSE,NSE
5708033,22297,654MP35-SG,0.01,100,EQ,NSE,NSE
5647105,22059,654RJ30-SG,0.01,100,EQ,NSE,NSE
296961,1160,654RJ30A-SG,0.01,100,EQ,NSE,NSE
194487297,759716,654TN29-SG,0.01,100,EQ,NSE,NSE
193754369,756853,654TN31-SG,0.01,100,EQ,NSE,NSE
199425,779,654UP30-SG,0.01,100,EQ,NSE,NSE
5676289,22173,654WB35-SG,0.01,100,EQ,NSE,NSE
5516545,21549,655AP28-SG,0.01,100,EQ,NSE,NSE
221185,864,655AP33-SG,0.01,100,EQ,NSE,NSE
5707265,22294,655AP35-SG,0.01,100,EQ,NSE,NSE
5287169,20653,655AS30-SG,0.01,100,EQ,NSE,NSE
5746433,22447,655AS30A-SG,0.01,100,EQ,NSE,NSE
274945,1074,655GA30-SG,0.01,100,EQ,NSE,NSE
372225,1454,655GA30A-SG,0.01,100,EQ,NSE,NSE
5606657,21901,655KL30-SG,0.01,100,EQ,NSE,NSE
154881,605,655MH28-SG,0.01,100,EQ,NSE,NSE
5652225,22079,655RJ30-SG,0.01,100,EQ,NSE,NSE
5637889,22023,655RJ50-SG,0.01,100,EQ,NSE,NSE
5640449,22033,655RJ55-SG,0.01,100,EQ,NSE,NSE
194521857,759851,655TN29-SG,0.01,100,EQ,NSE,NSE
5661185,22114,655TN30-SG,0.01,100,EQ,NSE,NSE
219649,858,655TR30-SG,0.01,100,EQ,NSE,NSE
5677569,22178,655WB30-SG,0.01,100,EQ,NSE,NSE
5290497,20666,656AP31-SG,0.01,100,EQ,NSE,NSE
193025,754,656AS30-SG,0.01,100,EQ,NSE,NSE
3585,14,656KA30-SG,0.01,100,EQ,NSE,NSE
198657,776,656MH30-SG,0.01,100,EQ,NSE,NSE
256001,1000,656MH32-SG,0.01,100,EQ,NSE,NSE
5611777,21921,656MN30-SG,0.01,100,EQ,NSE,NSE
194555905,759984,656RJ29-SG,0.01,100,EQ,NSE,NSE
390401,1525,656UP30-SG,0.01,100,EQ,NSE,NSE
5436161,21235,657AP30-SG,0.01,100,EQ,NSE,NSE
316673,1237,657GA30-SG,0.01,100,EQ,NSE,NSE
5191425,20279,657GJ29-SG,0.01,100,EQ,NSE,NSE
515585,2014,657GJ31-SG,0.01,100,EQ,NSE,NSE
1841665,7194,657GS2033-GS,0.01,1,EQ,NSE,NSE
195911937,765281,657GS2033A-GS,0.01,1,EQ,NSE,NSE
420865,1644,657HP30-SG,0.01,100,EQ,NSE,NSE
421633,1647,657HP30A-SG,0.01,100,EQ,NSE,NSE
5615617,21936,657MH31-SG,0.01,100,EQ,NSE,NSE
5625601,21975,657MP30-SG,0.01,100,EQ,NSE,NSE
5635585,22014,657MZ35-SG,0.01,100,EQ,NSE,NSE
5646337,22056,657RJ30-SG,0.01,100,EQ,NSE,NSE
483841,1890,657TN31-SG,0.01,100,EQ,NSE,NSE
5191681,20280,658AP30-SG,0.01,100,EQ,NSE,NSE
5273089,20598,658GA30-SG,0.01,100,EQ,NSE,NSE
421377,1646,658GA30A-SG,0.01,100,EQ,NSE,NSE
468481,1830,658GA31-SG,0.01,100,EQ,NSE,NSE
783617,3061,658GJ27-SG,0.01,100,EQ,NSE,NSE
194090753,758167,658IRFC30-N0,0.01,1,EQ,NSE,NSE
5677825,22179,658JK30-SG,0.01,100,EQ,NSE,NSE
5193729,20288,658KA30-SG,0.01,100,EQ,NSE,NSE
5618689,21948,658MP35-SG,0.01,100,EQ,NSE,NSE
5644801,22050,658RJ30-SG,0.01,100,EQ,NSE,NSE
194382081,759305,658TN29-SG,0.01,100,EQ,NSE,NSE
317185,1239,658UP30-SG,0.01,100,EQ,NSE,NSE
1528577,5971,659CG28-SG,0.01,100,EQ,NSE,NSE
275713,1077,659HR30-SG,0.01,100,EQ,NSE,NSE
193907457,757451,659PFCL30-N0,0.01,1,EQ,NSE,NSE
5650689,22073,659RJ30-SG,0.01,100,EQ,NSE,NSE
317697,1241,659RJ30A-SG,0.01,100,EQ,NSE,NSE
470017,1836,659RJ31-SG,0.01,100,EQ,NSE,NSE
255233,997,659UP30-SG,0.01,100,EQ,NSE,NSE
5287425,20654,65AP30-SG,0.01,100,EQ,NSE,NSE
5707521,22295,65AP38-SG,0.01,100,EQ,NSE,NSE
5698817,22261,65GA30-SG,0.01,100,EQ,NSE,NSE
5726465,22369,65GA30A-SG,0.01,100,EQ,NSE,NSE
275201,1075,65GJ30-SG,0.01,100,EQ,NSE,NSE
315649,1233,65GJ30A-SG,0.01,100,EQ,NSE,NSE
5726209,22368,65KA30-SG,0.01,100,EQ,NSE,NSE
314113,1227,65KA30A-SG,0.01,100,EQ,NSE,NSE
5608705,21909,65KL27-SG,0.01,100,EQ,NSE,NSE
253697,991,65NL30-SG,0.01,100,EQ,NSE,NSE
5727233,22372,65RJ30-SG,0.01,100,EQ,NSE,NSE
5707009,22293,65RJ50-SG,0.01,100,EQ,NSE,NSE
5727745,22374,65TN30-SG,0.01,100,EQ,NSE,NSE
5652737,22081,65UP30-SG,0.01,100,EQ,NSE,NSE
5676545,22174,65WB30-SG,0.01,100,EQ,NSE,NSE
5716993,22332,660AP39-SG,0.01,100,EQ,NSE,NSE
5717249,22333,660AP40-SG,0.01,100,EQ,NSE,NSE
193939713,757577,660RECL27-N0,0.01,1,EQ,NSE,NSE
193797121,757020,660TN35-SG,0.01,100,EQ,NSE,NSE
5681921,22195,660TS30-SG,0.01,100,EQ,NSE,NSE
193894145,757399,661AP34-SG,0.01,100,EQ,NSE,NSE
193754881,756855,661GJ32-SG,0.01,100,EQ,NSE,NSE
151809,593,661KA30-SG,0.01,100,EQ,NSE,NSE
497665,1944,661KA33-SG,0.01,100,EQ,NSE,NSE
5748225,22454,661KA35-SG,0.01,100,EQ,NSE,NSE
5718529,22338,661MP35-SG,0.01,100,EQ,NSE,NSE
499969,1953,661MP37-SG,0.01,100,EQ,NSE,NSE
193732353,756767,661PFCL28-N0,0.01,1,EQ,NSE,NSE
277249,1083,661RJ30-SG,0.01,100,EQ,NSE,NSE
485377,1896,661RJ31-SG,0.01,100,EQ,NSE,NSE
516097,2016,661RJ31A-SG,0.01,100,EQ,NSE,NSE
516353,2017,661TS51-SG,0.01,100,EQ,NSE,NSE
484097,1891,661UP31-SG,0.01,100,EQ,NSE,NSE
498433,1947,661WB36-SG,0.01,100,EQ,NSE,NSE
364801,1425,662AS30-SG,0.01,100,EQ,NSE,NSE
1616641,6315,662CG28-SG,0.01,100,EQ,NSE,NSE
496385,1939,662GA31-SG,0.01,100,EQ,NSE,NSE
1841409,7193,662GS2051-GS,0.01,1,EQ,NSE,NSE
516865,2019,662HR41-SG,0.01,100,EQ,NSE,NSE
194817,761,662JH30-SG,0.01,100,EQ,NSE,NSE
5678081,22180,662JK30-SG,0.01,100,EQ,NSE,NSE
200193,782,662KA32-SG,0.01,100,EQ,NSE,NSE
443649,1733,662KA32A-SG,0.01,100,EQ,NSE,NSE
365569,1428,662NL30-SG,0.01,100,EQ,NSE,NSE
1765121,6895,662PY28-SG,0.01,100,EQ,NSE,NSE
350465,1369,662RJ30-SG,0.01,100,EQ,NSE,NSE
517121,2020,662RJ41-SG,0.01,100,EQ,NSE,NSE
501505,1959,662TS41-SG,0.01,100,EQ,NSE,NSE
157953,617,662UK30-SG,0.01,100,EQ,NSE,NSE
433921,1695,662UP30-SG,0.01,100,EQ,NSE,NSE
496129,1938,662UP31-SG,0.01,100,EQ,NSE,NSE
5719297,22341,662WB35-SG,0.01,100,EQ,NSE,NSE
487681,1905,663AP37-SG,0.01,100,EQ,NSE,NSE
193743105,756809,663AS35-SG,0.01,100,EQ,NSE,NSE
193894401,757400,663GA35-SG,0.01,100,EQ,NSE,NSE
16641,65,663GJ29-SG,0.01,100,EQ,NSE,NSE
517377,2021,663HP31-SG,0.01,100,EQ,NSE,NSE
517889,2023,663HP33-SG,0.01,100,EQ,NSE,NSE
1617153,6317,663HR28-SG,0.01,100,EQ,NSE,NSE
5736961,22410,663KA30-SG,0.01,100,EQ,NSE,NSE
422657,1651,663KA34-SG,0.01,100,EQ,NSE,NSE
5608961,21910,663KL30-SG,0.01,100,EQ,NSE,NSE
152577,596,663MH30-SG,0.01,100,EQ,NSE,NSE
496641,1940,663ML31-SG,0.01,100,EQ,NSE,NSE
469249,1833,663MN31-SG,0.01,100,EQ,NSE,NSE
488961,1910,663PN51-SG,0.01,100,EQ,NSE,NSE
422913,1652,663TN35-SG,0.01,100,EQ,NSE,NSE
5658113,22102,663TN55-SG,0.01,100,EQ,NSE,NSE
157185,614,663UP30-SG,0.01,100,EQ,NSE,NSE
517633,2022,663WB31-SG,0.01,100,EQ,NSE,NSE
486913,1902,663WB41-SG,0.01,100,EQ,NSE,NSE
477697,1866,664AP39-SG,0.01,100,EQ,NSE,NSE
318977,1246,664AS30-SG,0.01,100,EQ,NSE,NSE
193743617,756811,664GJ36-SG,0.01,100,EQ,NSE,NSE
7015681,27405,664GS2027-GS,0.01,1,EQ,NSE,NSE
820225,3204,664GS2035-GS,0.01,1,EQ,NSE,NSE
193800705,757034,664HR36-SG,0.01,100,EQ,NSE,NSE
476929,1863,664JK36-SG,0.01,100,EQ,NSE,NSE
5726721,22370,664KA32-SG,0.01,100,EQ,NSE,NSE
193889793,757382,664ML35-SG,0.01,100,EQ,NSE,NSE
5624577,21971,664MP30-SG,0.01,100,EQ,NSE,NSE
486145,1899,664MZ32-SG,0.01,100,EQ,NSE,NSE
193731841,756765,664PFCL30-N0,0.01,1,EQ,NSE,NSE
442881,1730,664PY32-SG,0.01,100,EQ,NSE,NSE
5737473,22412,664RJ30-SG,0.01,100,EQ,NSE,NSE
193890049,757383,664RJ35-SG,0.01,100,EQ,NSE,NSE
483329,1888,664SK31-SG,0.01,100,EQ,NSE,NSE
194897409,761318,664TN29-SG,0.01,100,EQ,NSE,NSE
5678849,22183,664TS50-SG,0.01,100,EQ,NSE,NSE
479233,1872,664TS51-SG,0.01,100,EQ,NSE,NSE
5377,21,664UP30-SG,0.01,100,EQ,NSE,NSE
518145,2024,664UP31-SG,0.01,100,EQ,NSE,NSE
193901313,757427,665AP33-SG,0.01,100,EQ,NSE,NSE
193901569,757428,665AP34-SG,0.01,100,EQ,NSE,NSE
445185,1739,665AP36-SG,0.01,100,EQ,NSE,NSE
446721,1745,665AP40-SG,0.01,100,EQ,NSE,NSE
478977,1871,665AP41-SG,0.01,100,EQ,NSE,NSE
193743361,756810,665GA35-SG,0.01,100,EQ,NSE,NSE
5735937,22406,665GJ30-SG,0.01,100,EQ,NSE,NSE
193743873,756812,665GJ37-SG,0.01,100,EQ,NSE,NSE
193561601,756100,665HP32-SG,0.01,100,EQ,NSE,NSE
193778433,756947,665IRFC30-N0,0.01,1,EQ,NSE,NSE
351489,1373,665JK30-SG,0.01,100,EQ,NSE,NSE
18433,72,665KA30-SG,0.01,100,EQ,NSE,NSE
391937,1531,665KA35-SG,0.01,100,EQ,NSE,NSE
155905,609,665ML30-SG,0.01,100,EQ,NSE,NSE
5559297,21716,665PN50-SG,0.01,100,EQ,NSE,NSE
449793,1757,665PN50A-SG,0.01,100,EQ,NSE,NSE
444929,1738,665TR35-SG,0.01,100,EQ,NSE,NSE
445953,1742,665TS40-SG,0.01,100,EQ,NSE,NSE
953857,3726,665WB28-SG,0.01,100,EQ,NSE,NSE
5677057,22176,665WB30-SG,0.01,100,EQ,NSE,NSE
476161,1860,666JH34-SG,0.01,100,EQ,NSE,NSE
319489,1248,666KA32-SG,0.01,100,EQ,NSE,NSE
194212353,758642,666NBRD28-N0,0.01,1,EQ,NSE,NSE
194444289,759548,666RJ29-SG,0.01,100,EQ,NSE,NSE
194212865,758644,666SIDBI28-N0,0.01,1,EQ,NSE,NSE
1804801,7050,666TN29-SG,0.01,100,EQ,NSE,NSE
5737729,22413,666TN30-SG,0.01,100,EQ,NSE,NSE
193902081,757430,666TN35-SG,0.01,100,EQ,NSE,NSE
193754625,756854,667AP32-SG,0.01,100,EQ,NSE,NSE
1427713,5577,667GS2035-GS,0.01,1,EQ,NSE,NSE
244737,956,667GS2050-GS,0.01,1,EQ,NSE,NSE
7425,29,667MH31-SG,0.01,100,EQ,NSE,NSE
320257,1251,667MH32-SG,0.01,100,EQ,NSE,NSE
193915649,757483,667NBFID30-N0,0.01,1,EQ,NSE,NSE
22273,87,667RJ30-SG,0.01,100,EQ,NSE,NSE
5652481,22080,667RJ50-SG,0.01,100,EQ,NSE,NSE
5728001,22375,667TN50-SG,0.01,100,EQ,NSE,NSE
392961,1535,667TS50-SG,0.01,100,EQ,NSE,NSE
19457,76,667UK30-SG,0.01,100,EQ,NSE,NSE
5737985,22414,667UP30-SG,0.01,100,EQ,NSE,NSE
193561857,756101,667UP32-SG,0.01,100,EQ,NSE,NSE
352769,1378,668AP33-SG,0.01,100,EQ,NSE,NSE
5747969,22453,668AP35-SG,0.01,100,EQ,NSE,NSE
366593,1432,668AP35A-SG,0.01,100,EQ,NSE,NSE
193901825,757429,668AP35B-SG,0.01,100,EQ,NSE,NSE
5748481,22455,668AP39-SG,0.01,100,EQ,NSE,NSE
5735681,22405,668GA30-SG,0.01,100,EQ,NSE,NSE
193755137,756856,668GJ33-SG,0.01,100,EQ,NSE,NSE
1844481,7205,668GS2031-GS,0.01,1,EQ,NSE,NSE
194719489,760623,668GS2033-GS,0.01,1,EQ,NSE,NSE
194008833,757847,668GS2040-GS,0.01,1,EQ,NSE,NSE
193800961,757035,668HR38-SG,0.01,100,EQ,NSE,NSE
5727489,22373,668HR39-SG,0.01,100,EQ,NSE,NSE
352257,1376,668JH32-SG,0.01,100,EQ,NSE,NSE
367873,1437,668KA36-SG,0.01,100,EQ,NSE,NSE
366081,1430,668MZ31-SG,0.01,100,EQ,NSE,NSE
193737729,756788,668RJ35-SG,0.01,100,EQ,NSE,NSE
5666305,22134,668TN55-SG,0.01,100,EQ,NSE,NSE
23553,92,668UP30-SG,0.01,100,EQ,NSE,NSE
5737217,22411,668WB30-SG,0.01,100,EQ,NSE,NSE
392193,1532,668WB35-SG,0.01,100,EQ,NSE,NSE
193819905,757109,669GJ34-SG,0.01,100,EQ,NSE,NSE
193820161,757110,669GJ35-SG,0.01,100,EQ,NSE,NSE
353025,1379,669KA37-SG,0.01,100,EQ,NSE,NSE
5629953,21992,669MP30-SG,0.01,100,EQ,NSE,NSE
151041,590,669PN30-SG,0.01,100,EQ,NSE,NSE
45825,179,669TN30-SG,0.01,100,EQ,NSE,NSE
5660929,22113,669TN50-SG,0.01,100,EQ,NSE,NSE
423681,1655,669TS40-SG,0.01,100,EQ,NSE,NSE
5726977,22371,669TS50-SG,0.01,100,EQ,NSE,NSE
5656833,22097,669UP30-SG,0.01,100,EQ,NSE,NSE
297729,1163,66AS30-SG,0.01,100,EQ,NSE,NSE
421121,1645,66AS30A-SG,0.01,100,EQ,NSE,NSE
5475585,21389,66GA30-SG,0.01,100,EQ,NSE,NSE
5121,20,66GA30A-SG,0.01,100,EQ,NSE,NSE
5542401,21650,66GJ29-SG,0.01,100,EQ,NSE,NSE
312577,1221,66HP30-SG,0.01,100,EQ,NSE,NSE
499201,1950,66KA37-SG,0.01,100,EQ,NSE,NSE
5615873,21937,66MH31-SG,0.01,100,EQ,NSE,NSE
391169,1528,66ML30-SG,0.01,100,EQ,NSE,NSE
438273,1712,66ML30A-SG,0.01,100,EQ,NSE,NSE
350209,1368,66MN30-SG,0.01,100,EQ,NSE,NSE
5636353,22017,66MZ30-SG,0.01,100,EQ,NSE,NSE
298241,1165,66PN30-SG,0.01,100,EQ,NSE,NSE
4609,18,66RJ30-SG,0.01,100,EQ,NSE,NSE
156417,611,66RJ30A-SG,0.01,100,EQ,NSE,NSE
364033,1422,66RJ30B-SG,0.01,100,EQ,NSE,NSE
439041,1715,66RJ30C-SG,0.01,100,EQ,NSE,NSE
277505,1084,66SK30-SG,0.01,100,EQ,NSE,NSE
5665025,22129,66TN29-SG,0.01,100,EQ,NSE,NSE
5660417,22111,66TN30-SG,0.01,100,EQ,NSE,NSE
474625,1854,66UK31-SG,0.01,100,EQ,NSE,NSE
278017,1086,66UP30-SG,0.01,100,EQ,NSE,NSE
422145,1649,66UP30A-SG,0.01,100,EQ,NSE,NSE
471553,1842,66UP31-SG,0.01,100,EQ,NSE,NSE
440577,1721,66WB30-SG,0.01,100,EQ,NSE,NSE
193979137,757731,670GJ33-SG,0.01,100,EQ,NSE,NSE
194123777,758296,670RECL29-N0,0.01,1,EQ,NSE,NSE
5649921,22070,670RJ50-SG,0.01,100,EQ,NSE,NSE
5664769,22128,670TN50-SG,0.01,100,EQ,NSE,NSE
193755649,756858,671AP35-SG,0.01,100,EQ,NSE,NSE
193801217,757036,671MN40-SG,0.01,100,EQ,NSE,NSE
5651713,22077,671RJ30-SG,0.01,100,EQ,NSE,NSE
1725697,6741,671TN29-SG,0.01,100,EQ,NSE,NSE
193517057,755926,671TN35-SG,0.01,100,EQ,NSE,NSE
193820417,757111,671TN35A-SG,0.01,100,EQ,NSE,NSE
370177,1446,671TS40-SG,0.01,100,EQ,NSE,NSE
5748993,22457,671TS50-SG,0.01,100,EQ,NSE,NSE
369409,1443,671WB40-SG,0.01,100,EQ,NSE,NSE
5353985,20914,672AP28-SG,0.01,100,EQ,NSE,NSE
5353729,20913,672GA30-SG,0.01,100,EQ,NSE,NSE
960001,3750,672GJ30-SG,0.01,100,EQ,NSE,NSE
221953,867,672HR35-SG,0.01,100,EQ,NSE,NSE
298497,1166,672KA33-SG,0.01,100,EQ,NSE,NSE
742657,2901,672KL27-SG,0.01,100,EQ,NSE,NSE
193552129,756063,672MH38-SG,0.01,100,EQ,NSE,NSE
193552641,756065,672MH40-SG,0.01,100,EQ,NSE,NSE
5577217,21786,672PN30-SG,0.01,100,EQ,NSE,NSE
43777,171,672RJ30-SG,0.01,100,EQ,NSE,NSE
107521,420,672TN27-SG,0.01,100,EQ,NSE,NSE
193744385,756814,672TR40-SG,0.01,100,EQ,NSE,NSE
193716481,756705,673HPCL30-N0,0.01,1,EQ,NSE,NSE
5607169,21903,673KL28-SG,0.01,100,EQ,NSE,NSE
5627137,21981,673MP30-SG,0.01,100,EQ,NSE,NSE
194309377,759021,673PFCL27-N0,0.01,1,EQ,NSE,NSE
353793,1382,673PN40-SG,0.01,100,EQ,NSE,NSE
193935361,757560,673RJ35-SG,0.01,100,EQ,NSE,NSE
44289,173,673SK30-SG,0.01,100,EQ,NSE,NSE
5663233,22122,673TN30-SG,0.01,100,EQ,NSE,NSE
321025,1254,673TN40-SG,0.01,100,EQ,NSE,NSE
321537,1256,673TS50-SG,0.01,100,EQ,NSE,NSE
193755905,756859,674AP37-SG,0.01,100,EQ,NSE,NSE
42241,165,674GA30-SG,0.01,100,EQ,NSE,NSE
194263809,758843,674MH29-SG,0.01,100,EQ,NSE,NSE
194555649,759983,674SIDBI29-N0,0.01,1,EQ,NSE,NSE
5660673,22112,674TN50-SG,0.01,100,EQ,NSE,NSE
354817,1386,674TS50-SG,0.01,100,EQ,NSE,NSE
193559553,756092,674UK35-SG,0.01,100,EQ,NSE,NSE
193935617,757561,674UK35A-SG,0.01,100,EQ,NSE,NSE
41217,161,674UP30-SG,0.01,100,EQ,NSE,NSE
193551617,756061,675AS40-SG,0.01,100,EQ,NSE,NSE
1274881,4980,675BR27-SG,0.01,100,EQ,NSE,NSE
7556353,29517,675GJ27-SG,0.01,100,EQ,NSE,NSE
1559809,6093,675GJ29-SG,0.01,100,EQ,NSE,NSE
1171201,4575,675GJ31-SG,0.01,100,EQ,NSE,NSE
7303681,28530,675GS2029-GS,0.01,1,EQ,NSE,NSE
194576129,760063,675HP29-SG,0.01,100,EQ,NSE,NSE
193560065,756094,675HR38-SG,0.01,100,EQ,NSE,NSE
18945,74,675KA33-SG,0.01,100,EQ,NSE,NSE
158209,618,675KA33A-SG,0.01,100,EQ,NSE,NSE
279553,1092,675KA34-SG,0.01,100,EQ,NSE,NSE
257537,1006,675KA35-SG,0.01,100,EQ,NSE,NSE
193552385,756064,675MH39-SG,0.01,100,EQ,NSE,NSE
193560833,756097,675MH40-SG,0.01,100,EQ,NSE,NSE
248065,969,675RJ30-SG,0.01,100,EQ,NSE,NSE
194524929,759863,675RJ30A-SG,0.01,100,EQ,NSE,NSE
817921,3195,675RJ31-SG,0.01,100,EQ,NSE,NSE
193561089,756098,675TR40-SG,0.01,100,EQ,NSE,NSE
193978881,757730,676AS32-SG,0.01,100,EQ,NSE,NSE
593153,2317,676GS2061-GS,0.01,1,EQ,NSE,NSE
193768449,756908,676JK31-SG,0.01,100,EQ,NSE,NSE
193551873,756062,676MH37-SG,0.01,100,EQ,NSE,NSE
24321,95,676MP33-SG,0.01,100,EQ,NSE,NSE
259073,1012,676MP40-SG,0.01,100,EQ,NSE,NSE
224513,877,676PN40-SG,0.01,100,EQ,NSE,NSE
932097,3641,676RJ31-SG,0.01,100,EQ,NSE,NSE
1469953,5742,676TN31-SG,0.01,100,EQ,NSE,NSE
194099457,758201,677AP31-SG,0.01,100,EQ,NSE,NSE
224257,876,677AP38-SG,0.01,100,EQ,NSE,NSE
5740033,22422,677AP40-SG,0.01,100,EQ,NSE,NSE
193820929,757113,677AS40-SG,0.01,100,EQ,NSE,NSE
1338113,5227,677BR28-SG,0.01,100,EQ,NSE,NSE
193820673,757112,677HR39-SG,0.01,100,EQ,NSE,NSE
5739777,22421,677KA33-SG,0.01,100,EQ,NSE,NSE
8961,35,677KA34-SG,0.01,100,EQ,NSE,NSE
193890817,757386,677KL37-SG,0.01,100,EQ,NSE,NSE
194536193,759907,677MH30-SG,0.01,100,EQ,NSE,NSE
193559809,756093,677MH37-SG,0.01,100,EQ,NSE,NSE
193560321,756095,677MH38-SG,0.01,100,EQ,NSE,NSE
193757185,756864,677MP37-SG,0.01,100,EQ,NSE,NSE
193757441,756865,677MP39-SG,0.01,100,EQ,NSE,NSE
194346241,759165,677OR29-SG,0.01,100,EQ,NSE,NSE
193561345,756099,677PN43-SG,0.01,100,EQ,NSE,NSE
898817,3511,677RJ31-SG,0.01,100,EQ,NSE,NSE
1470209,5743,677RJ31A-SG,0.01,100,EQ,NSE,NSE
194329857,759101,677TCL28-N0,0.01,1,EQ,NSE,NSE
194630145,760274,677TN29-SG,0.01,100,EQ,NSE,NSE
861185,3364,677TN31-SG,0.01,100,EQ,NSE,NSE
193821185,757114,677TN40-SG,0.01,100,EQ,NSE,NSE
10753,42,677WB40-SG,0.01,100,EQ,NSE,NSE
193768705,756909,678AP33-SG,0.01,100,EQ,NSE,NSE
193890561,757385,678AP37-SG,0.01,100,EQ,NSE,NSE
818177,3196,678AP38-SG,0.01,100,EQ,NSE,NSE
819201,3200,678AP39-SG,0.01,100,EQ,NSE,NSE
1171969,4578,678GA31-SG,0.01,100,EQ,NSE,NSE
193620737,756331,678IRFC30-N0,0.01,1,EQ,NSE,NSE
830465,3244,678JK33-SG,0.01,100,EQ,NSE,NSE
46593,182,678KA32-SG,0.01,100,EQ,NSE,NSE
935681,3655,678KL31-SG,0.01,100,EQ,NSE,NSE
193757697,756866,678KL40-SG,0.01,100,EQ,NSE,NSE
193562369,756103,678KL46-SG,0.01,100,EQ,NSE,NSE
936705,3659,678MH31-SG,0.01,100,EQ,NSE,NSE
47361,185,678MH32-SG,0.01,100,EQ,NSE,NSE
193560577,756096,678MH39-SG,0.01,100,EQ,NSE,NSE
845825,3304,678MN31-SG,0.01,100,EQ,NSE,NSE
5648129,22063,678RJ30-SG,0.01,100,EQ,NSE,NSE
829697,3241,678RJ31-SG,0.01,100,EQ,NSE,NSE
863489,3373,678RJ31A-SG,0.01,100,EQ,NSE,NSE
193562625,756104,678RJ47-SG,0.01,100,EQ,NSE,NSE
932609,3643,678SK31-SG,0.01,100,EQ,NSE,NSE
224769,878,678TS50-SG,0.01,100,EQ,NSE,NSE
299265,1169,678WB35-SG,0.01,100,EQ,NSE,NSE
257025,1004,679AP34-SG,0.01,100,EQ,NSE,NSE
193767937,756906,679AP34A-SG,0.01,100,EQ,NSE,NSE
193756929,756863,679AP36-SG,0.01,100,EQ,NSE,NSE
193757953,756867,679AS45-SG,0.01,100,EQ,NSE,NSE
1843713,7202,679GS2027-GS,0.01,1,EQ,NSE,NSE
1841921,7195,679GS2029-GS,0.01,1,EQ,NSE,NSE
7396865,28894,679GS2031-GS,0.01,1,EQ,NSE,NSE
6588417,25736,679GS2034-GS,0.01,1,EQ,NSE,NSE
6981889,27273,679GS2034A-GS,0.01,1,EQ,NSE,NSE
193562113,756102,679HP34-SG,0.01,100,EQ,NSE,NSE
194897665,761319,679HR30-SG,0.01,100,EQ,NSE,NSE
900353,3517,679HR31-SG,0.01,100,EQ,NSE,NSE
5678593,22182,679JK30-SG,0.01,100,EQ,NSE,NSE
8193,32,679MP33-SG,0.01,100,EQ,NSE,NSE
280321,1095,679MP40-SG,0.01,100,EQ,NSE,NSE
257793,1007,679PN35-SG,0.01,100,EQ,NSE,NSE
193756161,756860,679PN45-SG,0.01,100,EQ,NSE,NSE
193717505,756709,679TN55-SG,0.01,100,EQ,NSE,NSE
193562881,756105,679TS52-SG,0.01,100,EQ,NSE,NSE
193756417,756861,679TS53-SG,0.01,100,EQ,NSE,NSE
193717761,756710,679TS56-SG,0.01,100,EQ,NSE,NSE
1248513,4877,679WB28-SG,0.01,100,EQ,NSE,NSE
1368065,5344,679WB28A-SG,0.01,100,EQ,NSE,NSE
607745,2374,67AS27-SG,0.01,100,EQ,NSE,NSE
42753,167,67GJ30-SG,0.01,100,EQ,NSE,NSE
6657,26,67HR30-SG,0.01,100,EQ,NSE,NSE
193744129,756813,67HR39-SG,0.01,100,EQ,NSE,NSE
5889,23,67JK30-SG,0.01,100,EQ,NSE,NSE
320769,1253,67JK32-SG,0.01,100,EQ,NSE,NSE
43521,170,67KA30-SG,0.01,100,EQ,NSE,NSE
5610497,21916,67KL27-SG,0.01,100,EQ,NSE,NSE
40449,158,67MH28-SG,0.01,100,EQ,NSE,NSE
21249,83,67ML30-SG,0.01,100,EQ,NSE,NSE
22017,86,67NL30-SG,0.01,100,EQ,NSE,NSE
5560065,21719,67PN30-SG,0.01,100,EQ,NSE,NSE
5748737,22456,67PN40-SG,0.01,100,EQ,NSE,NSE
193559297,756091,67RJ35-SG,0.01,100,EQ,NSE,NSE
22785,89,67TR30-SG,0.01,100,EQ,NSE,NSE
193979393,757732,680AP35-SG,0.01,100,EQ,NSE,NSE
194024961,757910,680GJ34-SG,0.01,100,EQ,NSE,NSE
193790977,756996,680NHB32-N0,0.01,1,EQ,NSE,NSE
193979905,757734,680RJ35-SG,0.01,100,EQ,NSE,NSE
193980161,757735,680TN35-SG,0.01,100,EQ,NSE,NSE
193498625,755854,681HR39-SG,0.01,100,EQ,NSE,NSE
1172737,4581,681KL31-SG,0.01,100,EQ,NSE,NSE
109313,427,681MH28-SG,0.01,100,EQ,NSE,NSE
948225,3704,681MH31-SG,0.01,100,EQ,NSE,NSE
961281,3755,681PN31-SG,0.01,100,EQ,NSE,NSE
194026241,757915,681RL36-N0,0.01,1,EQ,NSE,NSE
300033,1172,681TR35-SG,0.01,100,EQ,NSE,NSE
193890305,757384,682AP36-SG,0.01,100,EQ,NSE,NSE
1286657,5026,682BR28-SG,0.01,100,EQ,NSE,NSE
1275905,4984,682CG28-SG,0.01,100,EQ,NSE,NSE
6611969,25828,682GJ27-SG,0.01,100,EQ,NSE,NSE
788993,3082,682JH34-SG,0.01,100,EQ,NSE,NSE
787713,3077,682KL32-SG,0.01,100,EQ,NSE,NSE
789249,3083,682KL35-SG,0.01,100,EQ,NSE,NSE
864257,3376,682MH32-SG,0.01,100,EQ,NSE,NSE
828929,3238,682ML31-SG,0.01,100,EQ,NSE,NSE
789761,3085,682PN36-SG,0.01,100,EQ,NSE,NSE
834305,3259,682RJ31-SG,0.01,100,EQ,NSE,NSE
194025729,757913,682TN35-SG,0.01,100,EQ,NSE,NSE
193931777,757546,682TN36-SG,0.01,100,EQ,NSE,NSE
193755393,756857,683AP34-SG,0.01,100,EQ,NSE,NSE
1803009,7043,683BR30-SG,0.01,100,EQ,NSE,NSE
1505793,5882,683GA31-SG,0.01,100,EQ,NSE,NSE
76033,297,683GJ30-SG,0.01,100,EQ,NSE,NSE
1775361,6935,683GS2039-GS,0.01,1,EQ,NSE,NSE
193498881,755855,683JK42-SG,0.01,100,EQ,NSE,NSE
1788929,6988,683KA31-SG,0.01,100,EQ,NSE,NSE
1803521,7045,683KA31A-SG,0.01,100,EQ,NSE,NSE
1831681,7155,683KA31B-SG,0.01,100,EQ,NSE,NSE
194932225,761454,683MH30-SG,0.01,100,EQ,NSE,NSE
1216513,4752,683MH31-SG,0.01,100,EQ,NSE,NSE
913153,3567,683MH32-SG,0.01,100,EQ,NSE,NSE
938241,3665,683MH32A-SG,0.01,100,EQ,NSE,NSE
1172481,4580,683MH32B-SG,0.01,100,EQ,NSE,NSE
193821441,757115,683MN40-SG,0.01,100,EQ,NSE,NSE
1217281,4755,683TN31-SG,0.01,100,EQ,NSE,NSE
1831937,7156,683TN31A-SG,0.01,100,EQ,NSE,NSE
1277185,4989,683WB28-SG,0.01,100,EQ,NSE,NSE
748801,2925,683WB31-SG,0.01,100,EQ,NSE,NSE
900865,3519,683WB31A-SG,0.01,100,EQ,NSE,NSE
193769217,756911,684AP37-SG,0.01,100,EQ,NSE,NSE
193891073,757387,684AP38-SG,0.01,100,EQ,NSE,NSE
193891329,757388,684AP39-SG,0.01,100,EQ,NSE,NSE
833793,3257,684AR31-SG,0.01,100,EQ,NSE,NSE
1830913,7152,684BR30-SG,0.01,100,EQ,NSE,NSE
787457,3076,684GA31-SG,0.01,100,EQ,NSE,NSE
116225,454,684GJ30-SG,0.01,100,EQ,NSE,NSE
749569,2928,684GJ31-SG,0.01,100,EQ,NSE,NSE
1422849,5558,684GJ31A-SG,0.01,100,EQ,NSE,NSE
194522113,759852,684GJ31B-SG,0.01,100,EQ,NSE,NSE
193768961,756910,684HP35-SG,0.01,100,EQ,NSE,NSE
914177,3571,684HR32-SG,0.01,100,EQ,NSE,NSE
786689,3073,684JK31-SG,0.01,100,EQ,NSE,NSE
194099713,758202,684JK31A-SG,0.01,100,EQ,NSE,NSE
193801473,757037,684JK42-SG,0.01,100,EQ,NSE,NSE
5609729,21913,684KL30-SG,0.01,100,EQ,NSE,NSE
935937,3656,684KL33-SG,0.01,100,EQ,NSE,NSE
193744641,756815,684KL47-SG,0.01,100,EQ,NSE,NSE
901121,3520,684MH32-SG,0.01,100,EQ,NSE,NSE
279041,1090,684MZ34-SG,0.01,100,EQ,NSE,NSE
1506049,5883,684PN31-SG,0.01,100,EQ,NSE,NSE
5649409,22068,684RJ30-SG,0.01,100,EQ,NSE,NSE
950529,3713,684RJ31-SG,0.01,100,EQ,NSE,NSE
1170177,4571,684RJ31A-SG,0.01,100,EQ,NSE,NSE
1789441,6990,684RJ31B-SG,0.01,100,EQ,NSE,NSE
194230017,758711,684TN29-SG,0.01,100,EQ,NSE,NSE
17409,68,684TS40-SG,0.01,100,EQ,NSE,NSE
193516801,755925,684TS56-SG,0.01,100,EQ,NSE,NSE
747265,2919,684UK31-SG,0.01,100,EQ,NSE,NSE
1507073,5887,684UP31-SG,0.01,100,EQ,NSE,NSE
9729,38,685AP36-SG,0.01,100,EQ,NSE,NSE
193769729,756913,685AP41-SG,0.01,100,EQ,NSE,NSE
748033,2922,685AR31-SG,0.01,100,EQ,NSE,NSE
2095617,8186,685AS29-SG,0.01,100,EQ,NSE,NSE
750081,2930,685AS31-SG,0.01,100,EQ,NSE,NSE
1505537,5881,685AS31A-SG,0.01,100,EQ,NSE,NSE
1422337,5556,685BR30-SG,0.01,100,EQ,NSE,NSE
531713,2077,685GA31-SG,0.01,100,EQ,NSE,NSE
744961,2910,685GA31A-SG,0.01,100,EQ,NSE,NSE
1452545,5674,685GA31B-SG,0.01,100,EQ,NSE,NSE
1831425,7154,685GA31C-SG,0.01,100,EQ,NSE,NSE
76801,300,685KA30-SG,0.01,100,EQ,NSE,NSE
751873,2937,685ML31-SG,0.01,100,EQ,NSE,NSE
1453313,5677,685MP31-SG,0.01,100,EQ,NSE,NSE
194308865,759019,685NBRD29-N0,0.01,1,EQ,NSE,NSE
835841,3265,685NL31-SG,0.01,100,EQ,NSE,NSE
949761,3710,685NL31A-SG,0.01,100,EQ,NSE,NSE
194764545,760799,685PFCL31-N1,0.01,1,EQ,NSE,NSE
77313,302,685RJ30-SG,0.01,100,EQ,NSE,NSE
532225,2079,685RJ31-SG,0.01,100,EQ,NSE,NSE
193744897,756816,685RJ47-SG,0.01,100,EQ,NSE,NSE
193745153,756817,685RJ51-SG,0.01,100,EQ,NSE,NSE
536833,2097,685TN51-SG,0.01,100,EQ,NSE,NSE
193822465,757119,685TS50-SG,0.01,100,EQ,NSE,NSE
5688065,22219,685WB30-SG,0.01,100,EQ,NSE,NSE
5689857,22226,685WB30A-SG,0.01,100,EQ,NSE,NSE
1424897,5566,685WB31-SG,0.01,100,EQ,NSE,NSE
1468417,5736,686AP35-SG,0.01,100,EQ,NSE,NSE
193979649,757733,686AS35-SG,0.01,100,EQ,NSE,NSE
1760769,6878,686HP30-SG,0.01,100,EQ,NSE,NSE
746497,2916,686JH36-SG,0.01,100,EQ,NSE,NSE
114945,449,686KA30-SG,0.01,100,EQ,NSE,NSE
1468673,5737,686KL35-SG,0.01,100,EQ,NSE,NSE
948993,3707,686MH32-SG,0.01,100,EQ,NSE,NSE
194517505,759834,686NBFID30-N0,0.01,1,EQ,NSE,NSE
193775105,756934,686NHPCL31-N0,0.01,1,EQ,NSE,NSE
193774593,756932,686NHPCL32-N0,0.01,1,EQ,NSE,NSE
193772289,756923,686NHPCL33-N0,0.01,1,EQ,NSE,NSE
193762817,756886,686NHPCL34-N0,0.01,1,EQ,NSE,NSE
193763329,756888,686NHPCL35-N0,0.01,1,EQ,NSE,NSE
193767169,756903,686NHPCL36-N0,0.01,1,EQ,NSE,NSE
193767681,756905,686NHPCL37-N0,0.01,1,EQ,NSE,NSE
193771265,756919,686NHPCL38-N0,0.01,1,EQ,NSE,NSE
193771777,756921,686NHPCL39-N0,0.01,1,EQ,NSE,NSE
193762305,756884,686NHPCL40-N0,0.01,1,EQ,NSE,NSE
752641,2940,686PN33-SG,0.01,100,EQ,NSE,NSE
753409,2943,686PY34-SG,0.01,100,EQ,NSE,NSE
193720321,756720,686REC35-N0,0.01,1,EQ,NSE,NSE
1469441,5740,686RJ36-SG,0.01,100,EQ,NSE,NSE
193802497,757041,686RJ52-SG,0.01,100,EQ,NSE,NSE
194682369,760478,686TN29-SG,0.01,100,EQ,NSE,NSE
536321,2095,686TS41-SG,0.01,100,EQ,NSE,NSE
193821953,757117,686TS46-SG,0.01,100,EQ,NSE,NSE
193822209,757118,686TS47-SG,0.01,100,EQ,NSE,NSE
5656065,22094,686UP30-SG,0.01,100,EQ,NSE,NSE
194030593,757932,686UP33-SG,0.01,100,EQ,NSE,NSE
194030849,757933,687AP33-SG,0.01,100,EQ,NSE,NSE
190977,746,687AP35-SG,0.01,100,EQ,NSE,NSE
536577,2096,687AP37-SG,0.01,100,EQ,NSE,NSE
10497,41,687AP38-SG,0.01,100,EQ,NSE,NSE
1469697,5741,687AP40-SG,0.01,100,EQ,NSE,NSE
1451521,5670,687AS31-SG,0.01,100,EQ,NSE,NSE
1802497,7041,687AS31A-SG,0.01,100,EQ,NSE,NSE
1528321,5970,687BR30-SG,0.01,100,EQ,NSE,NSE
1760513,6877,687BR30A-SG,0.01,100,EQ,NSE,NSE
7700481,30080,687GJ28-SG,0.01,100,EQ,NSE,NSE
7785729,30413,687GJ28A-SG,0.01,100,EQ,NSE,NSE
1417217,5536,687HR31-SG,0.01,100,EQ,NSE,NSE
1453057,5676,687JH31-SG,0.01,100,EQ,NSE,NSE
1763073,6887,687KA31-SG,0.01,100,EQ,NSE,NSE
114689,448,687MH30-SG,0.01,100,EQ,NSE,NSE
865025,3379,687MH33-SG,0.01,100,EQ,NSE,NSE
914945,3574,687MH33A-SG,0.01,100,EQ,NSE,NSE
1456897,5691,687MN31-SG,0.01,100,EQ,NSE,NSE
193720833,756722,687REC30-N0,0.01,1,EQ,NSE,NSE
1423617,5561,687RJ31-SG,0.01,100,EQ,NSE,NSE
1789697,6991,687SK31-SG,0.01,100,EQ,NSE,NSE
7785985,30414,687TN28-SG,0.01,100,EQ,NSE,NSE
193499137,755856,687TS47-SG,0.01,100,EQ,NSE,NSE
193499393,755857,687TS55-SG,0.01,100,EQ,NSE,NSE
1457921,5695,687UP31-SG,0.01,100,EQ,NSE,NSE
5411329,21138,688AP34-SG,0.01,100,EQ,NSE,NSE
194031105,757934,688AP34A-SG,0.01,100,EQ,NSE,NSE
5389825,21054,688AP35-SG,0.01,100,EQ,NSE,NSE
193769473,756912,688AP40-SG,0.01,100,EQ,NSE,NSE
193952513,757627,688BR35-SG,0.01,100,EQ,NSE,NSE
1422593,5557,688GA31-SG,0.01,100,EQ,NSE,NSE
1252609,4893,688GJ31-SG,0.01,100,EQ,NSE,NSE
1532417,5986,688KA31-SG,0.01,100,EQ,NSE,NSE
1804033,7047,688KA32-SG,0.01,100,EQ,NSE,NSE
901633,3522,688MH33-SG,0.01,100,EQ,NSE,NSE
193768193,756907,688ML35-SG,0.01,100,EQ,NSE,NSE
531969,2078,688MN31-SG,0.01,100,EQ,NSE,NSE
193891585,757389,688MP41-SG,0.01,100,EQ,NSE,NSE
193769985,756914,688PN45-SG,0.01,100,EQ,NSE,NSE
193821697,757116,688PN45A-SG,0.01,100,EQ,NSE,NSE
193770241,756915,688PN46-SG,0.01,100,EQ,NSE,NSE
5638657,22026,688PY31-SG,0.01,100,EQ,NSE,NSE
534785,2089,688RJ46-SG,0.01,100,EQ,NSE,NSE
5675009,22168,688UK30-SG,0.01,100,EQ,NSE,NSE
532481,2080,688UP31-SG,0.01,100,EQ,NSE,NSE
1217793,4757,688UP31A-SG,0.01,100,EQ,NSE,NSE
259841,1015,688WB40-SG,0.01,100,EQ,NSE,NSE
534017,2086,689AP35-SG,0.01,100,EQ,NSE,NSE
528641,2065,689BR28-SG,0.01,100,EQ,NSE,NSE
77569,303,689GA30-SG,0.01,100,EQ,NSE,NSE
1216001,4750,689GA31-SG,0.01,100,EQ,NSE,NSE
1528833,5972,689GA31A-SG,0.01,100,EQ,NSE,NSE
194025473,757912,689GA35-SG,0.01,100,EQ,NSE,NSE
1530113,5977,689GJ31-SG,0.01,100,EQ,NSE,NSE
1832705,7159,689KA33-SG,0.01,100,EQ,NSE,NSE
193802241,757040,689KL51-SG,0.01,100,EQ,NSE,NSE
1249537,4881,689MH31-SG,0.01,100,EQ,NSE,NSE
1218561,4760,689MH32-SG,0.01,100,EQ,NSE,NSE
5627649,21983,689MP35-SG,0.01,100,EQ,NSE,NSE
196353,767,689MP40-SG,0.01,100,EQ,NSE,NSE
194536449,759908,689NL30-SG,0.01,100,EQ,NSE,NSE
193776129,756938,689NTPC35-N0,0.01,1,EQ,NSE,NSE
7602177,29696,689OR28A-SG,0.01,100,EQ,NSE,NSE
1423361,5560,689PN31-SG,0.01,100,EQ,NSE,NSE
193801729,757038,689PN46-SG,0.01,100,EQ,NSE,NSE
193801985,757039,689RJ48-SG,0.01,100,EQ,NSE,NSE
7724801,30175,689TN28-SG,0.01,100,EQ,NSE,NSE
836097,3266,689TS51-SG,0.01,100,EQ,NSE,NSE
1424641,5565,689UP31-SG,0.01,100,EQ,NSE,NSE
535553,2092,689WB41-SG,0.01,100,EQ,NSE,NSE
41985,164,68AS30-SG,0.01,100,EQ,NSE,NSE
5744129,22438,68GS2060-GS,0.01,1,EQ,NSE,NSE
258305,1009,68JK35-SG,0.01,100,EQ,NSE,NSE
785921,3070,68KL31-SG,0.01,100,EQ,NSE,NSE
1172225,4579,68MH31-SG,0.01,100,EQ,NSE,NSE
5612545,21924,68MN30-SG,0.01,100,EQ,NSE,NSE
1470465,5744,68NL31-SG,0.01,100,EQ,NSE,NSE
5558017,21711,68PN26-SG,0.01,100,EQ,NSE,NSE
960513,3752,68RJ31-SG,0.01,100,EQ,NSE,NSE
1470721,5745,68SK31-SG,0.01,100,EQ,NSE,NSE
260609,1018,68TS50-SG,0.01,100,EQ,NSE,NSE
281089,1098,68TS50A-SG,0.01,100,EQ,NSE,NSE
193756673,756862,68TS57-SG,0.01,100,EQ,NSE,NSE
785153,3067,68UK31-SG,0.01,100,EQ,NSE,NSE
5273345,20599,690AP27-SG,0.01,100,EQ,NSE,NSE
194025217,757911,690BR35-SG,0.01,100,EQ,NSE,NSE
193539585,756014,690GS2065-GS,0.01,1,EQ,NSE,NSE
193754113,756852,690LICH27-N0,0.01,1,EQ,NSE,NSE
194764801,760800,690PFCL31-N2,0.01,1,EQ,NSE,NSE
5655809,22093,690UP30-SG,0.01,100,EQ,NSE,NSE
160257,626,691AP39-SG,0.01,100,EQ,NSE,NSE
867329,3388,691AP40-SG,0.01,100,EQ,NSE,NSE
110337,431,691AS30-SG,0.01,100,EQ,NSE,NSE
1528065,5969,691AS31-SG,0.01,100,EQ,NSE,NSE
1277697,4991,691GJ30-SG,0.01,100,EQ,NSE,NSE
1761025,6879,691HP31-SG,0.01,100,EQ,NSE,NSE
1453569,5678,691MH33-SG,0.01,100,EQ,NSE,NSE
1453825,5679,691MH34-SG,0.01,100,EQ,NSE,NSE
161025,629,691MP40-SG,0.01,100,EQ,NSE,NSE
111873,437,691NL30-SG,0.01,100,EQ,NSE,NSE
1245697,4866,691RJ31-SG,0.01,100,EQ,NSE,NSE
1418497,5541,691RJ31A-SG,0.01,100,EQ,NSE,NSE
1534721,5995,691RJ31B-SG,0.01,100,EQ,NSE,NSE
194784513,760877,691TN31-SG,0.01,100,EQ,NSE,NSE
194897921,761320,691TN31A-SG,0.01,100,EQ,NSE,NSE
5657601,22100,691UP30-SG,0.01,100,EQ,NSE,NSE
112385,439,691UP30A-SG,0.01,100,EQ,NSE,NSE
1765633,6897,691WB31-SG,0.01,100,EQ,NSE,NSE
1789953,6992,692AP41-SG,0.01,100,EQ,NSE,NSE
194505985,759789,692AVTL28-N0,0.01,1,EQ,NSE,NSE
5417217,21161,692BR32-SG,0.01,100,EQ,NSE,NSE
6944513,27127,692GS2039-GS,0.01,1,EQ,NSE,NSE
1761537,6881,692HP33-SG,0.01,100,EQ,NSE,NSE
193892609,757393,692HP45-SG,0.01,100,EQ,NSE,NSE
1386241,5415,692HR30-SG,0.01,100,EQ,NSE,NSE
865793,3382,692HR36-SG,0.01,100,EQ,NSE,NSE
1180673,4612,692HR36A-SG,0.01,100,EQ,NSE,NSE
7724545,30174,692JH28-SG,0.01,100,EQ,NSE,NSE
193891841,757390,692MP43-SG,0.01,100,EQ,NSE,NSE
194433281,759505,692OIT28-N0,0.01,1,EQ,NSE,NSE
194822657,761026,692PFCL28-N0,0.01,1,EQ,NSE,NSE
5605121,21895,692PN35-SG,0.01,100,EQ,NSE,NSE
110081,430,692RJ30-SG,0.01,100,EQ,NSE,NSE
1678593,6557,692RJ31-SG,0.01,100,EQ,NSE,NSE
7786241,30415,692TN29-SG,0.01,100,EQ,NSE,NSE
194702337,760556,692TN30-SG,0.01,100,EQ,NSE,NSE
193892865,757394,692TN45-SG,0.01,100,EQ,NSE,NSE
1790209,6993,692TN46-SG,0.01,100,EQ,NSE,NSE
193892097,757391,692TS44-SG,0.01,100,EQ,NSE,NSE
193892353,757392,692TS45-SG,0.01,100,EQ,NSE,NSE
1536001,6000,692UP31-SG,0.01,100,EQ,NSE,NSE
193893121,757395,692WB45-SG,0.01,100,EQ,NSE,NSE
1507585,5889,693AP38-SG,0.01,100,EQ,NSE,NSE
570881,2230,693GJ31-SG,0.01,100,EQ,NSE,NSE
1617921,6320,693GJ31A-SG,0.01,100,EQ,NSE,NSE
1417473,5537,693HP31-SG,0.01,100,EQ,NSE,NSE
1761281,6880,693HP32-SG,0.01,100,EQ,NSE,NSE
109569,428,693JH30-SG,0.01,100,EQ,NSE,NSE
1532673,5987,693KA32-SG,0.01,100,EQ,NSE,NSE
7703041,30090,693OR28-SG,0.01,100,EQ,NSE,NSE
745729,2913,693SK31-SG,0.01,100,EQ,NSE,NSE
1509377,5896,693TS37-SG,0.01,100,EQ,NSE,NSE
1678849,6558,693UP31-SG,0.01,100,EQ,NSE,NSE
1726465,6744,693UP31A-SG,0.01,100,EQ,NSE,NSE
899329,3513,694AP37-SG,0.01,100,EQ,NSE,NSE
899585,3514,694AP38-SG,0.01,100,EQ,NSE,NSE
1509633,5897,694AP41-SG,0.01,100,EQ,NSE,NSE
1678337,6556,694AS31-SG,0.01,100,EQ,NSE,NSE
744193,2907,694CG29-SG,0.01,100,EQ,NSE,NSE
5411585,21139,694GA30-SG,0.01,100,EQ,NSE,NSE
195415041,763340,694GS2036-GS,0.01,1,EQ,NSE,NSE
1803265,7044,694JK36-SG,0.01,100,EQ,NSE,NSE
193893633,757397,694KL62-SG,0.01,100,EQ,NSE,NSE
1278209,4993,694MH31-SG,0.01,100,EQ,NSE,NSE
5626625,21979,694MP35-SG,0.01,100,EQ,NSE,NSE
195691265,764419,694OR30-SG,0.01,100,EQ,NSE,NSE
193726209,756743,694PGCIL35-N0,0.01,1,EQ,NSE,NSE
1506817,5886,694RJ33-SG,0.01,100,EQ,NSE,NSE
193983489,757748,694RJ35-SG,0.01,100,EQ,NSE,NSE
5664257,22126,694TN50-SG,0.01,100,EQ,NSE,NSE
193893377,757396,694TN55-SG,0.01,100,EQ,NSE,NSE
82433,322,694TS50-SG,0.01,100,EQ,NSE,NSE
161281,630,694TS50A-SG,0.01,100,EQ,NSE,NSE
5684993,22207,694TS60-SG,0.01,100,EQ,NSE,NSE
1252097,4891,694UK31-SG,0.01,100,EQ,NSE,NSE
547841,2140,694UP31-SG,0.01,100,EQ,NSE,NSE
1251585,4889,694UP31A-SG,0.01,100,EQ,NSE,NSE
1832961,7160,694WB36-SG,0.01,100,EQ,NSE,NSE
5417473,21162,695AS30-SG,0.01,100,EQ,NSE,NSE
1617409,6318,695BR30-SG,0.01,100,EQ,NSE,NSE
1288449,5033,695GJ31-SG,0.01,100,EQ,NSE,NSE
1745153,6817,695GS2061-GS,0.01,1,EQ,NSE,NSE
5412097,21141,695HP29-SG,0.01,100,EQ,NSE,NSE
5339905,20859,695HP33-SG,0.01,100,EQ,NSE,NSE
5339649,20858,695HP34-SG,0.01,100,EQ,NSE,NSE
946177,3696,695HR33-SG,0.01,100,EQ,NSE,NSE
6520321,25470,695KA28-SG,0.01,100,EQ,NSE,NSE
1589761,6210,695KA31-SG,0.01,100,EQ,NSE,NSE
1288961,5035,695MH31-SG,0.01,100,EQ,NSE,NSE
1250049,4883,695MH32-SG,0.01,100,EQ,NSE,NSE
5612801,21925,695MN30-SG,0.01,100,EQ,NSE,NSE
194702593,760557,695MP30-SG,0.01,100,EQ,NSE,NSE
194195969,758578,695OR31-SG,0.01,100,EQ,NSE,NSE
1251073,4887,695PN31-SG,0.01,100,EQ,NSE,NSE
81665,319,695PN40-SG,0.01,100,EQ,NSE,NSE
195027457,761826,695RECL28-N0,0.01,1,EQ,NSE,NSE
547073,2137,695RJ31-SG,0.01,100,EQ,NSE,NSE
5671937,22156,695SK30-SG,0.01,100,EQ,NSE,NSE
578561,2260,695TN31-SG,0.01,100,EQ,NSE,NSE
1278465,4994,695TN31A-SG,0.01,100,EQ,NSE,NSE
1400577,5471,695TN31B-SG,0.01,100,EQ,NSE,NSE
5669121,22145,695WB35-SG,0.01,100,EQ,NSE,NSE
194099969,758203,696AP33-SG,0.01,100,EQ,NSE,NSE
194096129,758188,696AP34-SG,0.01,100,EQ,NSE,NSE
915201,3575,696AP35-SG,0.01,100,EQ,NSE,NSE
915457,3576,696AP36-SG,0.01,100,EQ,NSE,NSE
1249281,4880,696GA31-SG,0.01,100,EQ,NSE,NSE
2050817,8011,696HR29-SG,0.01,100,EQ,NSE,NSE
5340161,20860,696HR40-SG,0.01,100,EQ,NSE,NSE
7786497,30416,696JH29-SG,0.01,100,EQ,NSE,NSE
80385,314,696JK35-SG,0.01,100,EQ,NSE,NSE
7787009,30418,696KA30-SG,0.01,100,EQ,NSE,NSE
1560321,6095,696KA31-SG,0.01,100,EQ,NSE,NSE
1869825,7304,696KA31A-SG,0.01,100,EQ,NSE,NSE
947457,3701,696KL34-SG,0.01,100,EQ,NSE,NSE
194779905,760859,696PFCL28-N0,0.01,1,EQ,NSE,NSE
1922817,7511,696PY30-SG,0.01,100,EQ,NSE,NSE
1619713,6327,696RJ31-SG,0.01,100,EQ,NSE,NSE
549633,2147,696RJ41-SG,0.01,100,EQ,NSE,NSE
6995457,27326,696TN28-SG,0.01,100,EQ,NSE,NSE
1659137,6481,696TN31-SG,0.01,100,EQ,NSE,NSE
915969,3578,696TN51-SG,0.01,100,EQ,NSE,NSE
916481,3580,696TN56-SG,0.01,100,EQ,NSE,NSE
1806081,7055,696TS45-SG,0.01,100,EQ,NSE,NSE
868097,3391,696TS51-SG,0.01,100,EQ,NSE,NSE
1872385,7314,696UP31-SG,0.01,100,EQ,NSE,NSE
1386497,5416,697AS31-SG,0.01,100,EQ,NSE,NSE
1867521,7295,697AS31A-SG,0.01,100,EQ,NSE,NSE
1400065,5469,697GA31-SG,0.01,100,EQ,NSE,NSE
6324481,24705,697GR2034-GS,0.01,1,EQ,NSE,NSE
1832449,7158,697GS2026-GS,0.01,1,EQ,NSE,NSE
5341185,20864,697KA28-SG,0.01,100,EQ,NSE,NSE
5353473,20912,697KA30-SG,0.01,100,EQ,NSE,NSE
79617,311,697KA31-SG,0.01,100,EQ,NSE,NSE
1401345,5474,697KL31-SG,0.01,100,EQ,NSE,NSE
5618177,21946,697MH28-SG,0.01,100,EQ,NSE,NSE
1387009,5418,697NL31-SG,0.01,100,EQ,NSE,NSE
1387265,5419,697PN31-SG,0.01,100,EQ,NSE,NSE
5577985,21789,697PN40-SG,0.01,100,EQ,NSE,NSE
5646593,22057,697RJ30-SG,0.01,100,EQ,NSE,NSE
1279233,4997,697RJ31-SG,0.01,100,EQ,NSE,NSE
550401,2150,697RJ51-SG,0.01,100,EQ,NSE,NSE
577793,2257,697RJ51A-SG,0.01,100,EQ,NSE,NSE
7214081,28180,697TN28-SG,0.01,100,EQ,NSE,NSE
1302017,5086,697TN31-SG,0.01,100,EQ,NSE,NSE
1324289,5173,697TN31A-SG,0.01,100,EQ,NSE,NSE
1386753,5417,697TN31B-SG,0.01,100,EQ,NSE,NSE
1560577,6096,697TN31C-SG,0.01,100,EQ,NSE,NSE
933633,3647,697TN46-SG,0.01,100,EQ,NSE,NSE
193983745,757749,697UK35-SG,0.01,100,EQ,NSE,NSE
1387777,5421,697UP31-SG,0.01,100,EQ,NSE,NSE
1561345,6099,697UP31A-SG,0.01,100,EQ,NSE,NSE
550145,2149,697WB36-SG,0.01,100,EQ,NSE,NSE
1451009,5668,698AP36-SG,0.01,100,EQ,NSE,NSE
546305,2134,698AS31-SG,0.01,100,EQ,NSE,NSE
1399809,5468,698AS31A-SG,0.01,100,EQ,NSE,NSE
1658369,6478,698BR30-SG,0.01,100,EQ,NSE,NSE
1867777,7296,698GA31-SG,0.01,100,EQ,NSE,NSE
7657473,29912,698GJ30-SG,0.01,100,EQ,NSE,NSE
1365505,5334,698GJ31-SG,0.01,100,EQ,NSE,NSE
194818049,761008,698GJ31A-SG,0.01,100,EQ,NSE,NSE
194556161,759985,698GJ32-SG,0.01,100,EQ,NSE,NSE
7121665,27819,698GR2054-GS,0.01,1,EQ,NSE,NSE
1417729,5538,698HP32-SG,0.01,100,EQ,NSE,NSE
1338625,5229,698HR31-SG,0.01,100,EQ,NSE,NSE
549377,2146,698HR41-SG,0.01,100,EQ,NSE,NSE
1507841,5890,698JK36-SG,0.01,100,EQ,NSE,NSE
5616385,21939,698MH28-SG,0.01,100,EQ,NSE,NSE
193932033,757547,698MH37-SG,0.01,100,EQ,NSE,NSE
5626369,21978,698MP30-SG,0.01,100,EQ,NSE,NSE
7725057,30176,698OR29-SG,0.01,100,EQ,NSE,NSE
194028801,757925,698OR37-SG,0.01,100,EQ,NSE,NSE
194174465,758494,698PGCIL35-N0,0.01,1,EQ,NSE,NSE
1506561,5885,698PN33-SG,0.01,100,EQ,NSE,NSE
788225,3079,698PY33-SG,0.01,100,EQ,NSE,NSE
1561601,6100,698RJ31-SG,0.01,100,EQ,NSE,NSE
1658881,6480,698RJ31A-SG,0.01,100,EQ,NSE,NSE
194740993,760707,698SHFL28-N0,0.01,1,EQ,NSE,NSE
1289473,5037,698TN31-SG,0.01,100,EQ,NSE,NSE
1338881,5230,698TN31A-SG,0.01,100,EQ,NSE,NSE
5667329,22138,698TR30-SG,0.01,100,EQ,NSE,NSE
5680897,22191,698TS28-SG,0.01,100,EQ,NSE,NSE
915713,3577,698TS41-SG,0.01,100,EQ,NSE,NSE
1401089,5473,698UP31-SG,0.01,100,EQ,NSE,NSE
5670145,22149,698WB35-SG,0.01,100,EQ,NSE,NSE
1458433,5697,698WB36-SG,0.01,100,EQ,NSE,NSE
1727745,6749,698WB37-SG,0.01,100,EQ,NSE,NSE
5340417,20861,699AR30-SG,0.01,100,EQ,NSE,NSE
1620481,6330,699AS31-SG,0.01,100,EQ,NSE,NSE
5340673,20862,699GA30-SG,0.01,100,EQ,NSE,NSE
1279489,4998,699GA31-SG,0.01,100,EQ,NSE,NSE
1286913,5027,699GA31A-SG,0.01,100,EQ,NSE,NSE
1365249,5333,699GA31B-SG,0.01,100,EQ,NSE,NSE
1714177,6696,699GS2051-GS,0.01,1,EQ,NSE,NSE
194355457,759201,699HP31-SG,0.01,100,EQ,NSE,NSE
1590017,6211,699HR31-SG,0.01,100,EQ,NSE,NSE
5683201,22200,699JH30-SG,0.01,100,EQ,NSE,NSE
530945,2074,699JK31-SG,0.01,100,EQ,NSE,NSE
700161,2735,699KA28-SG,0.01,100,EQ,NSE,NSE
1508097,5891,699KL36-SG,0.01,100,EQ,NSE,NSE
2080769,8128,699MH29-SG,0.01,100,EQ,NSE,NSE
5612033,21922,699MN30-SG,0.01,100,EQ,NSE,NSE
1728001,6750,699MP41-SG,0.01,100,EQ,NSE,NSE
194921985,761414,699NL30-SG,0.01,100,EQ,NSE,NSE
2120705,8284,699PY29-SG,0.01,100,EQ,NSE,NSE
576257,2251,699RJ41-SG,0.01,100,EQ,NSE,NSE
193879297,757341,699SFL27-N0,0.01,1,EQ,NSE,NSE
7787265,30419,699TN31-SG,0.01,100,EQ,NSE,NSE
194260737,758831,699TN32-SG,0.01,100,EQ,NSE,NSE
933121,3645,699TN41-SG,0.01,100,EQ,NSE,NSE
1508353,5892,699TR36-SG,0.01,100,EQ,NSE,NSE
5680641,22190,699TS28-SG,0.01,100,EQ,NSE,NSE
1728513,6752,699TS43-SG,0.01,100,EQ,NSE,NSE
1289729,5038,699UP31-SG,0.01,100,EQ,NSE,NSE
1324545,5174,699UP31A-SG,0.01,100,EQ,NSE,NSE
1625601,6350,699UP31B-SG,0.01,100,EQ,NSE,NSE
1324033,5172,699WB30-SG,0.01,100,EQ,NSE,NSE
1400321,5470,699WB31-SG,0.01,100,EQ,NSE,NSE
158721,620,699WB35-SG,0.01,100,EQ,NSE,NSE
790785,3089,699WB36-SG,0.01,100,EQ,NSE,NSE
1509121,5895,699WB36A-SG,0.01,100,EQ,NSE,NSE
532737,2081,69AP32-SG,0.01,100,EQ,NSE,NSE
866561,3385,69AP39-SG,0.01,100,EQ,NSE,NSE
5159681,20155,69AS30-SG,0.01,100,EQ,NSE,NSE
75265,294,69AS30A-SG,0.01,100,EQ,NSE,NSE
5157889,20148,69GA30-SG,0.01,100,EQ,NSE,NSE
112641,440,69GA30A-SG,0.01,100,EQ,NSE,NSE
784385,3064,69GJ30-SG,0.01,100,EQ,NSE,NSE
114177,446,69HP30-SG,0.01,100,EQ,NSE,NSE
868353,3392,69JK33-SG,0.01,100,EQ,NSE,NSE
6578945,25699,69KA27-SG,0.01,100,EQ,NSE,NSE
5159425,20154,69KA30-SG,0.01,100,EQ,NSE,NSE
1726209,6743,69KA31-SG,0.01,100,EQ,NSE,NSE
194775041,760840,69MH30-SG,0.01,100,EQ,NSE,NSE
78337,306,69ML30-SG,0.01,100,EQ,NSE,NSE
5613057,21926,69MN30-SG,0.01,100,EQ,NSE,NSE
901889,3523,69MZ33-SG,0.01,100,EQ,NSE,NSE
2020609,7893,69PY28-SG,0.01,100,EQ,NSE,NSE
74497,291,69PY29-SG,0.01,100,EQ,NSE,NSE
194682625,760479,69RJ29-SG,0.01,100,EQ,NSE,NSE
1219585,4764,69RJ32-SG,0.01,100,EQ,NSE,NSE
1535233,5997,69TN31-SG,0.01,100,EQ,NSE,NSE
5676033,22172,69UK30-SG,0.01,100,EQ,NSE,NSE
79105,309,69UK30A-SG,0.01,100,EQ,NSE,NSE
78593,307,69UP30-SG,0.01,100,EQ,NSE,NSE
193980417,757736,700AP37-SG,0.01,100,EQ,NSE,NSE
194100225,758204,700ML35-SG,0.01,100,EQ,NSE,NSE
6626817,25886,700TN29-SG,0.01,100,EQ,NSE,NSE
963073,3762,701AP39-SG,0.01,100,EQ,NSE,NSE
193974017,757711,701BR37-SG,0.01,100,EQ,NSE,NSE
7436033,29047,701GJ31-SG,0.01,100,EQ,NSE,NSE
194284545,758924,701GJ31A-SG,0.01,100,EQ,NSE,NSE
1280513,5002,701MH32-SG,0.01,100,EQ,NSE,NSE
1302273,5087,701MN31-SG,0.01,100,EQ,NSE,NSE
194816513,761002,701NBRD29-N0,0.01,1,EQ,NSE,NSE
194502145,759774,701NGEL35-N0,0.01,1,EQ,NSE,NSE
194492161,759735,701TN32-SG,0.01,100,EQ,NSE,NSE
7791617,30436,701TN35-SG,0.01,100,EQ,NSE,NSE
1302785,5089,701UP31-SG,0.01,100,EQ,NSE,NSE
5340929,20863,702AP30-SG,0.01,100,EQ,NSE,NSE
1625857,6351,702AP36-SG,0.01,100,EQ,NSE,NSE
1626113,6352,702AP37-SG,0.01,100,EQ,NSE,NSE
1425665,5569,702AP41-SG,0.01,100,EQ,NSE,NSE
5337857,20851,702AS30-SG,0.01,100,EQ,NSE,NSE
7786753,30417,702AS30A-SG,0.01,100,EQ,NSE,NSE
194096385,758189,702AS35-SG,0.01,100,EQ,NSE,NSE
5472001,21375,702BR30-SG,0.01,100,EQ,NSE,NSE
194264065,758844,702BR30A-SG,0.01,100,EQ,NSE,NSE
194791681,760905,702GJ31-SG,0.01,100,EQ,NSE,NSE
7602433,29697,702GJ31A-SG,0.01,100,EQ,NSE,NSE
7789313,30427,702GJ33-SG,0.01,100,EQ,NSE,NSE
194196225,758579,702GJ33A-SG,0.01,100,EQ,NSE,NSE
6106625,23854,702GS2027-GS,0.01,1,EQ,NSE,NSE
6162433,24072,702GS2031-GS,0.01,1,EQ,NSE,NSE
572417,2236,702HP36-SG,0.01,100,EQ,NSE,NSE
649985,2539,702HR29-SG,0.01,100,EQ,NSE,NSE
1926145,7524,702KA31-SG,0.01,100,EQ,NSE,NSE
1870081,7305,702KA33-SG,0.01,100,EQ,NSE,NSE
649473,2537,702KL28-SG,0.01,100,EQ,NSE,NSE
683521,2670,702MH29-SG,0.01,100,EQ,NSE,NSE
1425921,5570,702ML41-SG,0.01,100,EQ,NSE,NSE
194682881,760480,702MP30-SG,0.01,100,EQ,NSE,NSE
7790337,30431,702MP35-SG,0.01,100,EQ,NSE,NSE
194433793,759507,702OIT40-N0,0.01,1,EQ,NSE,NSE
194627585,760264,702PGCIL35-N0,0.01,1,EQ,NSE,NSE
683009,2668,702PN28-SG,0.01,100,EQ,NSE,NSE
195525889,763773,702PN30-SG,0.01,100,EQ,NSE,NSE
193725697,756741,702RECL40-N0,0.01,1,EQ,NSE,NSE
6912001,27000,702TN29-SG,0.01,100,EQ,NSE,NSE
7725313,30177,702TN29A-SG,0.01,100,EQ,NSE,NSE
2121473,8287,702TN30-SG,0.01,100,EQ,NSE,NSE
1928449,7533,702TN31-SG,0.01,100,EQ,NSE,NSE
1365761,5335,702UP31-SG,0.01,100,EQ,NSE,NSE
194492417,759736,702UP32-SG,0.01,100,EQ,NSE,NSE
1289985,5039,702WB31-SG,0.01,100,EQ,NSE,NSE
121601,475,703AP40-SG,0.01,100,EQ,NSE,NSE
1923073,7512,703AS31-SG,0.01,100,EQ,NSE,NSE
6523905,25484,703CG30-SG,0.01,100,EQ,NSE,NSE
194784769,760878,703GJ32-SG,0.01,100,EQ,NSE,NSE
7495937,29281,703GJ35-SG,0.01,100,EQ,NSE,NSE
1924865,7519,703HP31-SG,0.01,100,EQ,NSE,NSE
7790081,30430,703HR35-SG,0.01,100,EQ,NSE,NSE
193903361,757435,703HR39-SG,0.01,100,EQ,NSE,NSE
5436417,21236,703HR40-SG,0.01,100,EQ,NSE,NSE
1562625,6104,703KA32-SG,0.01,100,EQ,NSE,NSE
7789569,30428,703KA33-SG,0.01,100,EQ,NSE,NSE
5610241,21915,703KL30-SG,0.01,100,EQ,NSE,NSE
193932289,757548,703MH38-SG,0.01,100,EQ,NSE,NSE
1658625,6479,703MN31-SG,0.01,100,EQ,NSE,NSE
573185,2239,703MP31-SG,0.01,100,EQ,NSE,NSE
193532929,755988,703NBFID30-N0,0.01,1,EQ,NSE,NSE
5631233,21997,703NL30-SG,0.01,100,EQ,NSE,NSE
7495169,29278,703OR31-SG,0.01,100,EQ,NSE,NSE
5639425,22029,703PY28-SG,0.01,100,EQ,NSE,NSE
5651457,22076,703RJ30-SG,0.01,100,EQ,NSE,NSE
1927937,7531,703RJ31-SG,0.01,100,EQ,NSE,NSE
575489,2248,703RJ36-SG,0.01,100,EQ,NSE,NSE
6454273,25212,703TN29-SG,0.01,100,EQ,NSE,NSE
7378945,28824,703TN29A-SG,0.01,100,EQ,NSE,NSE
2130177,8321,703TN30-SG,0.01,100,EQ,NSE,NSE
194922241,761415,703TN31-SG,0.01,100,EQ,NSE,NSE
952065,3719,703TN46-SG,0.01,100,EQ,NSE,NSE
952833,3722,703TN51-SG,0.01,100,EQ,NSE,NSE
1166337,4556,703TS51-SG,0.01,100,EQ,NSE,NSE
5654273,22087,703UP30-SG,0.01,100,EQ,NSE,NSE
7788545,30424,704AP33-SG,0.01,100,EQ,NSE,NSE
1527553,5967,704AP34-SG,0.01,100,EQ,NSE,NSE
944385,3689,704AP40-SG,0.01,100,EQ,NSE,NSE
945153,3692,704AP41-SG,0.01,100,EQ,NSE,NSE
5211905,20359,704GJ30-SG,0.01,100,EQ,NSE,NSE
6995713,27327,704GJ32-SG,0.01,100,EQ,NSE,NSE
7080961,27660,704GJ33-SG,0.01,100,EQ,NSE,NSE
6123265,23919,704GS2029-GS,0.01,1,EQ,NSE,NSE
7792129,30438,704HR37-SG,0.01,100,EQ,NSE,NSE
193933057,757551,704HR40-SG,0.01,100,EQ,NSE,NSE
7579393,29607,704IRFC28-N6,0.01,1,EQ,NSE,NSE
946433,3697,704JK36-SG,0.01,100,EQ,NSE,NSE
7788033,30422,704KA32-SG,0.01,100,EQ,NSE,NSE
1417985,5539,704KL34-SG,0.01,100,EQ,NSE,NSE
650753,2542,704MH29-SG,0.01,100,EQ,NSE,NSE
193933313,757552,704MH40-SG,0.01,100,EQ,NSE,NSE
5635073,22012,704ML30-SG,0.01,100,EQ,NSE,NSE
5623041,21965,704MP30-SG,0.01,100,EQ,NSE,NSE
5636865,22019,704MZ30-SG,0.01,100,EQ,NSE,NSE
548609,2143,704MZ33-SG,0.01,100,EQ,NSE,NSE
193503489,755873,704NBFID35-N0,0.01,1,EQ,NSE,NSE
7581185,29614,704REC28-N4,0.01,1,EQ,NSE,NSE
5644289,22048,704RJ30-SG,0.01,100,EQ,NSE,NSE
7788289,30423,704RJ32-SG,0.01,100,EQ,NSE,NSE
1223681,4780,704RJ36-SG,0.01,100,EQ,NSE,NSE
194744833,760722,704SIDBI29-N0,0.01,1,EQ,NSE,NSE
1999873,7812,704TN30-SG,0.01,100,EQ,NSE,NSE
2082305,8134,704TN30A-SG,0.01,100,EQ,NSE,NSE
7725569,30178,704TN30B-SG,0.01,100,EQ,NSE,NSE
1872641,7315,704TS32-SG,0.01,100,EQ,NSE,NSE
964353,3767,704TS51-SG,0.01,100,EQ,NSE,NSE
5675521,22170,704UK30-SG,0.01,100,EQ,NSE,NSE
5653761,22085,704UP30-SG,0.01,100,EQ,NSE,NSE
1928705,7534,704UP31-SG,0.01,100,EQ,NSE,NSE
80641,315,704WB35-SG,0.01,100,EQ,NSE,NSE
5436673,21237,705AP31-SG,0.01,100,EQ,NSE,NSE
1414913,5527,705AP35-SG,0.01,100,EQ,NSE,NSE
193903105,757434,705AP39-SG,0.01,100,EQ,NSE,NSE
5318145,20774,705AS30-SG,0.01,100,EQ,NSE,NSE
6525185,25489,705AS31-SG,0.01,100,EQ,NSE,NSE
6358529,24838,705GJ28-SG,0.01,100,EQ,NSE,NSE
6958849,27183,705GJ29-SG,0.01,100,EQ,NSE,NSE
6940929,27113,705GJ31-SG,0.01,100,EQ,NSE,NSE
7437057,29051,705GJ32-SG,0.01,100,EQ,NSE,NSE
7495425,29279,705GJ34-SG,0.01,100,EQ,NSE,NSE
571649,2233,705HP35-SG,0.01,100,EQ,NSE,NSE
193932545,757549,705HR38-SG,0.01,100,EQ,NSE,NSE
82177,321,705HR40-SG,0.01,100,EQ,NSE,NSE
194424833,759472,705JCL27-N0,0.01,1,EQ,NSE,NSE
5682689,22198,705JH30-SG,0.01,100,EQ,NSE,NSE
5606145,21899,705KL30-SG,0.01,100,EQ,NSE,NSE
1533697,5991,705KL36-SG,0.01,100,EQ,NSE,NSE
119297,466,705MH32-SG,0.01,100,EQ,NSE,NSE
5611521,21920,705MN30-SG,0.01,100,EQ,NSE,NSE
7787521,30420,705MP32-SG,0.01,100,EQ,NSE,NSE
2081281,8130,705MZ29-SG,0.01,100,EQ,NSE,NSE
80897,316,705MZ35-SG,0.01,100,EQ,NSE,NSE
5630465,21994,705NL30-SG,0.01,100,EQ,NSE,NSE
573953,2242,705NL31-SG,0.01,100,EQ,NSE,NSE
7790849,30433,705OR35-SG,0.01,100,EQ,NSE,NSE
194766849,760808,705PFCL41-NA,0.01,1,EQ,NSE,NSE
546561,2135,705PN31-SG,0.01,100,EQ,NSE,NSE
574721,2245,705RJ31-SG,0.01,100,EQ,NSE,NSE
7792385,30439,705RJ37-SG,0.01,100,EQ,NSE,NSE
951297,3716,705RJ41-SG,0.01,100,EQ,NSE,NSE
194260225,758829,705SFL27-N0,0.01,1,EQ,NSE,NSE
194639361,760310,705SFL28-N0,0.01,1,EQ,NSE,NSE
194568961,760035,705SFL28A-N0,0.01,1,EQ,NSE,NSE
5662465,22119,705TN26-SG,0.01,100,EQ,NSE,NSE
194346753,759167,705TN31-SG,0.01,100,EQ,NSE,NSE
1414657,5526,705TS35-SG,0.01,100,EQ,NSE,NSE
953601,3725,705TS41-SG,0.01,100,EQ,NSE,NSE
6595841,25765,705UK29-SG,0.01,100,EQ,NSE,NSE
1928961,7535,705UK31-SG,0.01,100,EQ,NSE,NSE
7787777,30421,705UK32-SG,0.01,100,EQ,NSE,NSE
5668609,22143,705WB30-SG,0.01,100,EQ,NSE,NSE
579841,2265,705WB31-SG,0.01,100,EQ,NSE,NSE
1536257,6001,705WB36-SG,0.01,100,EQ,NSE,NSE
1873665,7319,705WB36A-SG,0.01,100,EQ,NSE,NSE
5308673,20737,706AP30-SG,0.01,100,EQ,NSE,NSE
701441,2740,706CG29-SG,0.01,100,EQ,NSE,NSE
6358785,24839,706GJ29-SG,0.01,100,EQ,NSE,NSE
7678721,29995,706GJ30-SG,0.01,100,EQ,NSE,NSE
2096385,8189,706GJ32-SG,0.01,100,EQ,NSE,NSE
194402561,759385,706GJ33-SG,0.01,100,EQ,NSE,NSE
7438593,29057,706GJ34-SG,0.01,100,EQ,NSE,NSE
3832321,14970,706GS2028-GS,0.01,1,EQ,NSE,NSE
195659521,764295,706GS2041-GS,0.01,1,EQ,NSE,NSE
1839105,7184,706GS2046-GS,0.01,1,EQ,NSE,NSE
193984257,757751,706HR39-SG,0.01,100,EQ,NSE,NSE
1659905,6484,706JK33-SG,0.01,100,EQ,NSE,NSE
1226241,4790,706KL38-SG,0.01,100,EQ,NSE,NSE
1419521,5545,706KL39-SG,0.01,100,EQ,NSE,NSE
1227009,4793,706KL41-SG,0.01,100,EQ,NSE,NSE
7796225,30454,706KL55-SG,0.01,100,EQ,NSE,NSE
1533953,5992,706MZ34-SG,0.01,100,EQ,NSE,NSE
7602689,29698,706OR31A-SG,0.01,100,EQ,NSE,NSE
193939201,757575,706RECL35-N0,0.01,1,EQ,NSE,NSE
7791105,30434,706RJ35-SG,0.01,100,EQ,NSE,NSE
193984001,757750,706RJ38-SG,0.01,100,EQ,NSE,NSE
194663681,760405,706TCHE28-N0,0.01,1,EQ,NSE,NSE
6401537,25006,706TN29-SG,0.01,100,EQ,NSE,NSE
6426881,25105,706TN29A-SG,0.01,100,EQ,NSE,NSE
1226753,4792,706TS41-SG,0.01,100,EQ,NSE,NSE
5674497,22166,706UK30-SG,0.01,100,EQ,NSE,NSE
6912257,27001,706UK30A-SG,0.01,100,EQ,NSE,NSE
194556417,759986,706UK32-SG,0.01,100,EQ,NSE,NSE
1224193,4782,706WB36-SG,0.01,100,EQ,NSE,NSE
7551489,29498,707AP34-SG,0.01,100,EQ,NSE,NSE
7785473,30412,707AP36-SG,0.01,100,EQ,NSE,NSE
580097,2266,707AS31-SG,0.01,100,EQ,NSE,NSE
194688257,760501,707GJ30-SG,0.01,100,EQ,NSE,NSE
609537,2381,707GJ31-SG,0.01,100,EQ,NSE,NSE
7569409,29568,707GJ32-SG,0.01,100,EQ,NSE,NSE
194310657,759026,707GJ32A-SG,0.01,100,EQ,NSE,NSE
194561025,760004,707GJ33-SG,0.01,100,EQ,NSE,NSE
7551745,29499,707GJ34-SG,0.01,100,EQ,NSE,NSE
194382849,759308,707GJ34A-SG,0.01,100,EQ,NSE,NSE
1224705,4784,707HR37-SG,0.01,100,EQ,NSE,NSE
5323777,20796,707JK30-SG,0.01,100,EQ,NSE,NSE
6959105,27184,707KA29-SG,0.01,100,EQ,NSE,NSE
193716993,756707,707LICH30-N0,0.01,1,EQ,NSE,NSE
6525697,25491,707MH32-SG,0.01,100,EQ,NSE,NSE
194492673,759737,707MH33-SG,0.01,100,EQ,NSE,NSE
117761,460,707MP32-SG,0.01,100,EQ,NSE,NSE
963329,3763,707RJ46-SG,0.01,100,EQ,NSE,NSE
1873409,7318,707TN38-SG,0.01,100,EQ,NSE,NSE
193975041,757715,707TN55-SG,0.01,100,EQ,NSE,NSE
7795713,30452,707TS52-SG,0.01,100,EQ,NSE,NSE
7795969,30453,707TS55-SG,0.01,100,EQ,NSE,NSE
195595265,764044,707WB31-SG,0.01,100,EQ,NSE,NSE
194029057,757926,707WB37-SG,0.01,100,EQ,NSE,NSE
194377473,759287,70826LTF28-N0,0.01,1,EQ,NSE,NSE
1660161,6485,708AP35-SG,0.01,100,EQ,NSE,NSE
7557121,29520,708AP35A-SG,0.01,100,EQ,NSE,NSE
7791873,30437,708AP37-SG,0.01,100,EQ,NSE,NSE
1660673,6487,708AP40-SG,0.01,100,EQ,NSE,NSE
193903873,757437,708AP40A-SG,0.01,100,EQ,NSE,NSE
609281,2380,708CG29-SG,0.01,100,EQ,NSE,NSE
5672705,22159,708CG30-SG,0.01,100,EQ,NSE,NSE
683777,2671,708GJ31-SG,0.01,100,EQ,NSE,NSE
6941185,27114,708GJ33-SG,0.01,100,EQ,NSE,NSE
7605249,29708,708GJ33B-SG,0.01,100,EQ,NSE,NSE
7569665,29569,708GJ34-SG,0.01,100,EQ,NSE,NSE
6612481,25830,708HP34-SG,0.01,100,EQ,NSE,NSE
7792641,30440,708HR39-SG,0.01,100,EQ,NSE,NSE
193806849,757058,708IIFCL35-N0,0.01,1,EQ,NSE,NSE
193880321,757345,708JCL28-N0,0.01,1,EQ,NSE,NSE
1419265,5544,708JK36-SG,0.01,100,EQ,NSE,NSE
7088129,27688,708JK46-SG,0.01,100,EQ,NSE,NSE
193933825,757554,708JK46A-SG,0.01,100,EQ,NSE,NSE
7501057,29301,708JK55-SG,0.01,100,EQ,NSE,NSE
5324033,20797,708KA31-SG,0.01,100,EQ,NSE,NSE
7570433,29572,708KA31A-SG,0.01,100,EQ,NSE,NSE
119809,468,708KA34-SG,0.01,100,EQ,NSE,NSE
1590273,6212,708KA34A-SG,0.01,100,EQ,NSE,NSE
6612737,25831,708KA34B-SG,0.01,100,EQ,NSE,NSE
6950657,27151,708KL31-SG,0.01,100,EQ,NSE,NSE
7793409,30443,708KL40-SG,0.01,100,EQ,NSE,NSE
610049,2383,708MH31-SG,0.01,100,EQ,NSE,NSE
193932801,757550,708MH39-SG,0.01,100,EQ,NSE,NSE
2137857,8351,708MP29-SG,0.01,100,EQ,NSE,NSE
193903617,757436,708MZ39-SG,0.01,100,EQ,NSE,NSE
194382337,759306,708OR33-SG,0.01,100,EQ,NSE,NSE
194555137,759981,708PFCL35-N0,0.01,1,EQ,NSE,NSE
6631681,25905,708PGC34-N0,0.01,1,EQ,NSE,NSE
6993921,27320,708PN34-SG,0.01,100,EQ,NSE,NSE
5638401,22025,708PY26-SG,0.01,100,EQ,NSE,NSE
5640961,22035,708RJ30-SG,0.01,100,EQ,NSE,NSE
6992385,27314,708RJ34-SG,0.01,100,EQ,NSE,NSE
194669825,760429,708TFSIL27-N0,0.01,1,EQ,NSE,NSE
193823489,757123,708TML28-N0,0.01,1,EQ,NSE,NSE
193824001,757125,708TML28A-N0,0.01,1,EQ,NSE,NSE
7679489,29998,708TN30-SG,0.01,100,EQ,NSE,NSE
6994177,27321,708TN34-SG,0.01,100,EQ,NSE,NSE
1660929,6488,708TS42-SG,0.01,100,EQ,NSE,NSE
7500289,29298,708TS49-SG,0.01,100,EQ,NSE,NSE
193904897,757441,708TS56-SG,0.01,100,EQ,NSE,NSE
193905153,757442,708TS57-SG,0.01,100,EQ,NSE,NSE
195379457,763201,708UK29-SG,0.01,100,EQ,NSE,NSE
579585,2264,708UP31-SG,0.01,100,EQ,NSE,NSE
6612225,25829,708UP32-SG,0.01,100,EQ,NSE,NSE
7087617,27686,708UP38-SG,0.01,100,EQ,NSE,NSE
1628417,6361,708WB41-SG,0.01,100,EQ,NSE,NSE
7789825,30429,709AP35-SG,0.01,100,EQ,NSE,NSE
1527809,5968,709AP39-SG,0.01,100,EQ,NSE,NSE
2095873,8187,709AS32-SG,0.01,100,EQ,NSE,NSE
2121985,8289,709GJ32-SG,0.01,100,EQ,NSE,NSE
6386945,24949,709GS2054-GS,0.01,1,EQ,NSE,NSE
6955521,27170,709GS2074-GS,0.01,1,EQ,NSE,NSE
2193665,8569,709HR29-SG,0.01,100,EQ,NSE,NSE
7084033,27672,709HR37-SG,0.01,100,EQ,NSE,NSE
7792897,30441,709HR40-SG,0.01,100,EQ,NSE,NSE
7155457,27951,709IRFC34-N0,0.01,1,EQ,NSE,NSE
5200129,20313,709KA30-SG,0.01,100,EQ,NSE,NSE
6959361,27185,709KA30A-SG,0.01,100,EQ,NSE,NSE
6611713,25827,709KA35-SG,0.01,100,EQ,NSE,NSE
1215489,4748,709KL36-SG,0.01,100,EQ,NSE,NSE
193934593,757557,709KL52-SG,0.01,100,EQ,NSE,NSE
195951361,765435,709MH31-SG,0.01,100,EQ,NSE,NSE
5629697,21991,709MP30-SG,0.01,100,EQ,NSE,NSE
194347009,759168,709PY31-SG,0.01,100,EQ,NSE,NSE
6612993,25832,709PY34-SG,0.01,100,EQ,NSE,NSE
193904129,757438,709PY40-SG,0.01,100,EQ,NSE,NSE
2096897,8191,709RJ32-SG,0.01,100,EQ,NSE,NSE
6611201,25825,709RJ35-SG,0.01,100,EQ,NSE,NSE
193933569,757553,709RJ43-SG,0.01,100,EQ,NSE,NSE
6926593,27057,709RL39-N0,0.01,1,EQ,NSE,NSE
2173185,8489,709TN30-SG,0.01,100,EQ,NSE,NSE
7697665,30069,709TN30A-SG,0.01,100,EQ,NSE,NSE
194576385,760064,709TN32-SG,0.01,100,EQ,NSE,NSE
7571201,29575,709TN35-SG,0.01,100,EQ,NSE,NSE
194197505,758584,709TN35A-SG,0.01,100,EQ,NSE,NSE
193934849,757558,709TN55-SG,0.01,100,EQ,NSE,NSE
1367809,5343,709TS34-SG,0.01,100,EQ,NSE,NSE
1535489,5998,709TS40-SG,0.01,100,EQ,NSE,NSE
193738241,756790,709TS58-SG,0.01,100,EQ,NSE,NSE
193738497,756791,709TS59-SG,0.01,100,EQ,NSE,NSE
193738753,756792,709TS60-SG,0.01,100,EQ,NSE,NSE
194031873,757937,709TS60A-SG,0.01,100,EQ,NSE,NSE
193739009,756793,709TS61-SG,0.01,100,EQ,NSE,NSE
194028545,757924,709TS63-SG,0.01,100,EQ,NSE,NSE
5656577,22096,709UP30-SG,0.01,100,EQ,NSE,NSE
120833,472,709WB40-SG,0.01,100,EQ,NSE,NSE
962049,3758,70AP38-SG,0.01,100,EQ,NSE,NSE
1680129,6563,70AP38A-SG,0.01,100,EQ,NSE,NSE
81409,318,70AP39-SG,0.01,100,EQ,NSE,NSE
1425153,5567,70AP39A-SG,0.01,100,EQ,NSE,NSE
1680385,6564,70AP39B-SG,0.01,100,EQ,NSE,NSE
6489857,25351,70CG29-SG,0.01,100,EQ,NSE,NSE
1659649,6483,70GA31-SG,0.01,100,EQ,NSE,NSE
1923329,7513,70GA31A-SG,0.01,100,EQ,NSE,NSE
1531649,5983,70JH33-SG,0.01,100,EQ,NSE,NSE
1870593,7307,70JK33-SG,0.01,100,EQ,NSE,NSE
6579201,25700,70KA30-SG,0.01,100,EQ,NSE,NSE
5617665,21944,70MH28-SG,0.01,100,EQ,NSE,NSE
1250561,4885,70MN31-SG,0.01,100,EQ,NSE,NSE
1561857,6101,70MN31A-SG,0.01,100,EQ,NSE,NSE
1927681,7530,70MN31B-SG,0.01,100,EQ,NSE,NSE
1288705,5034,70MP31-SG,0.01,100,EQ,NSE,NSE
1423105,5559,70MZ34-SG,0.01,100,EQ,NSE,NSE
1562369,6103,70NL31-SG,0.01,100,EQ,NSE,NSE
1872897,7316,70NL31A-SG,0.01,100,EQ,NSE,NSE
7556609,29518,70OR30-SG,0.01,100,EQ,NSE,NSE
1289217,5036,70RJ31-SG,0.01,100,EQ,NSE,NSE
7705345,30099,70TN29-SG,0.01,100,EQ,NSE,NSE
1366017,5336,70TN31-SG,0.01,100,EQ,NSE,NSE
194230273,758712,70TN31A-SG,0.01,100,EQ,NSE,NSE
1425409,5568,70TS36-SG,0.01,100,EQ,NSE,NSE
570113,2227,70TS51-SG,0.01,100,EQ,NSE,NSE
1290241,5040,70UK31-SG,0.01,100,EQ,NSE,NSE
5654529,22088,70UP30-SG,0.01,100,EQ,NSE,NSE
1339137,5231,70WB31-SG,0.01,100,EQ,NSE,NSE
1659393,6482,70WB31A-SG,0.01,100,EQ,NSE,NSE
6995969,27328,710AP34-SG,0.01,100,EQ,NSE,NSE
194843649,761108,710BOB33-N0,0.01,1,EQ,NSE,NSE
5145345,20099,710GJ30-SG,0.01,100,EQ,NSE,NSE
3832577,14971,710GR2028-GS,0.01,1,EQ,NSE,NSE
2316033,9047,710GS2029-GS,0.01,1,EQ,NSE,NSE
6993153,27317,710JK44-SG,0.01,100,EQ,NSE,NSE
7239169,28278,710JK49-SG,0.01,100,EQ,NSE,NSE
7436289,29048,710KA32-SG,0.01,100,EQ,NSE,NSE
7437313,29052,710KA33-SG,0.01,100,EQ,NSE,NSE
6626305,25884,710KA35-SG,0.01,100,EQ,NSE,NSE
7233537,28256,710KL42-SG,0.01,100,EQ,NSE,NSE
194760193,760782,710NBRD29-N0,0.01,1,EQ,NSE,NSE
7069953,27617,710PFCL35-N0,0.01,1,EQ,NSE,NSE
194765569,760803,710PFCL36-N5,0.01,1,EQ,NSE,NSE
194450945,759574,710PFCL40-N0,0.01,1,EQ,NSE,NSE
7290625,28479,710RECL35-N0,0.01,1,EQ,NSE,NSE
7236353,28267,710RJ46-SG,0.01,100,EQ,NSE,NSE
7499777,29296,710RJ50-SG,0.01,100,EQ,NSE,NSE
7500801,29300,710RJ51-SG,0.01,100,EQ,NSE,NSE
7081985,27664,710TN34-SG,0.01,100,EQ,NSE,NSE
7239425,28279,710TN54-SG,0.01,100,EQ,NSE,NSE
6994945,27324,710TS44-SG,0.01,100,EQ,NSE,NSE
6995201,27325,710TS45-SG,0.01,100,EQ,NSE,NSE
7237633,28272,710TS46-SG,0.01,100,EQ,NSE,NSE
7238913,28277,710TS47-SG,0.01,100,EQ,NSE,NSE
7500545,29299,710TS50-SG,0.01,100,EQ,NSE,NSE
194031617,757936,710TS57-SG,0.01,100,EQ,NSE,NSE
5673985,22164,710UK30-SG,0.01,100,EQ,NSE,NSE
5653249,22083,710UP30-SG,0.01,100,EQ,NSE,NSE
6951425,27154,710UP32-SG,0.01,100,EQ,NSE,NSE
6575361,25685,711AP38-SG,0.01,100,EQ,NSE,NSE
6992897,27316,711AP38A-SG,0.01,100,EQ,NSE,NSE
7553281,29505,711AP38B-SG,0.01,100,EQ,NSE,NSE
6994689,27323,711AP39-SG,0.01,100,EQ,NSE,NSE
7234561,28260,711AR44-SG,0.01,100,EQ,NSE,NSE
5145601,20100,711AS30-SG,0.01,100,EQ,NSE,NSE
7499265,29294,711AS45-SG,0.01,100,EQ,NSE,NSE
6490369,25353,711BR33-SG,0.01,100,EQ,NSE,NSE
6579457,25701,711BR33A-SG,0.01,100,EQ,NSE,NSE
6626049,25883,711BR33B-SG,0.01,100,EQ,NSE,NSE
7499009,29293,711BR45-SG,0.01,100,EQ,NSE,NSE
5672193,22157,711CG30-SG,0.01,100,EQ,NSE,NSE
696577,2721,711GJ31-SG,0.01,100,EQ,NSE,NSE
7376641,28815,711GJ33-SG,0.01,100,EQ,NSE,NSE
5130497,20041,711HP28-SG,0.01,100,EQ,NSE,NSE
5130241,20040,711HP30-SG,0.01,100,EQ,NSE,NSE
6992129,27313,711HP34-SG,0.01,100,EQ,NSE,NSE
7424257,29001,711JK55-SG,0.01,100,EQ,NSE,NSE
7570689,29573,711KA33-SG,0.01,100,EQ,NSE,NSE
7224321,28220,711KA35-SG,0.01,100,EQ,NSE,NSE
7552001,29500,711KA35A-SG,0.01,100,EQ,NSE,NSE
2287361,8935,711MH29-SG,0.01,100,EQ,NSE,NSE
6527745,25499,711MH36-SG,0.01,100,EQ,NSE,NSE
7439617,29061,711MH38-SG,0.01,100,EQ,NSE,NSE
7220481,28205,711ML33-SG,0.01,100,EQ,NSE,NSE
5622529,21963,711MP30-SG,0.01,100,EQ,NSE,NSE
5637121,22020,711MZ30-SG,0.01,100,EQ,NSE,NSE
7553025,29504,711OR37-SG,0.01,100,EQ,NSE,NSE
7065089,27598,711PFCL40-N0,0.01,1,EQ,NSE,NSE
6613249,25833,711PN44-SG,0.01,100,EQ,NSE,NSE
7222017,28211,711RJ34-SG,0.01,100,EQ,NSE,NSE
194457857,759601,711SDIL30-N0,0.01,1,EQ,NSE,NSE
6951169,27153,711TN34-SG,0.01,100,EQ,NSE,NSE
7379201,28825,711TN34A-SG,0.01,100,EQ,NSE,NSE
7498753,29292,711TN45-SG,0.01,100,EQ,NSE,NSE
7442433,29072,711TN55-SG,0.01,100,EQ,NSE,NSE
6613505,25834,711TS45-SG,0.01,100,EQ,NSE,NSE
7500033,29297,711TS47-SG,0.01,100,EQ,NSE,NSE
7442177,29071,711TS55-SG,0.01,100,EQ,NSE,NSE
5675265,22169,711UK30-SG,0.01,100,EQ,NSE,NSE
193974529,757713,711WB44-SG,0.01,100,EQ,NSE,NSE
193737985,756789,711WB47-SG,0.01,100,EQ,NSE,NSE
193746689,756823,7123TCHF27-N0,0.01,1,EQ,NSE,NSE
1290497,5041,712AP35-SG,0.01,100,EQ,NSE,NSE
1225985,4789,712AP37-SG,0.01,100,EQ,NSE,NSE
1968897,7691,712AS32-SG,0.01,100,EQ,NSE,NSE
2123521,8295,712AS32A-SG,0.01,100,EQ,NSE,NSE
6993409,27318,712AS34-SG,0.01,100,EQ,NSE,NSE
6526209,25493,712BR33-SG,0.01,100,EQ,NSE,NSE
7222529,28213,712BR34-SG,0.01,100,EQ,NSE,NSE
7496193,29282,712BR37-SG,0.01,100,EQ,NSE,NSE
7552513,29502,712BR37A-SG,0.01,100,EQ,NSE,NSE
7805185,30489,712EXIM30-N0,0.01,1,EQ,NSE,NSE
6527489,25498,712GA34-SG,0.01,100,EQ,NSE,NSE
6626561,25885,712GA34A-SG,0.01,100,EQ,NSE,NSE
6580225,25704,712GA35-SG,0.01,100,EQ,NSE,NSE
194152449,758408,712GA36-SG,0.01,100,EQ,NSE,NSE
2130945,8324,712GJ32-SG,0.01,100,EQ,NSE,NSE
7484673,29237,712GJ35-SG,0.01,100,EQ,NSE,NSE
7601665,29694,712GJ37A-SG,0.01,100,EQ,NSE,NSE
7225857,28226,712HP36-SG,0.01,100,EQ,NSE,NSE
6528257,25501,712HR36-SG,0.01,100,EQ,NSE,NSE
6580481,25705,712HR36A-SG,0.01,100,EQ,NSE,NSE
6941953,27117,712HR37-SG,0.01,100,EQ,NSE,NSE
5318401,20775,712HR40-SG,0.01,100,EQ,NSE,NSE
193958657,757651,712HR41-SG,0.01,100,EQ,NSE,NSE
6638337,25931,712INBK34-N0,0.01,1,EQ,NSE,NSE
2133505,8334,712JK37-SG,0.01,100,EQ,NSE,NSE
6596353,25767,712KA33-SG,0.01,100,EQ,NSE,NSE
1929985,7539,712KA34-SG,0.01,100,EQ,NSE,NSE
7227649,28233,712KA36-SG,0.01,100,EQ,NSE,NSE
2098177,8196,712KA37-SG,0.01,100,EQ,NSE,NSE
6992641,27315,712KL35-SG,0.01,100,EQ,NSE,NSE
194040321,757970,712LTFL27-N0,0.01,1,EQ,NSE,NSE
194003969,757828,712LTFL28-N0,0.01,1,EQ,NSE,NSE
6491137,25356,712MH36-SG,0.01,100,EQ,NSE,NSE
7552257,29501,712MH36A-SG,0.01,100,EQ,NSE,NSE
6528513,25502,712MH38-SG,0.01,100,EQ,NSE,NSE
7553793,29507,712MH38A-SG,0.01,100,EQ,NSE,NSE
6521857,25476,712MH43-SG,0.01,100,EQ,NSE,NSE
194029569,757928,712MH47-SG,0.01,100,EQ,NSE,NSE
6579969,25703,712ML34-SG,0.01,100,EQ,NSE,NSE
7793665,30444,712MN40-SG,0.01,100,EQ,NSE,NSE
5623297,21966,712MP35-SG,0.01,100,EQ,NSE,NSE
6528001,25500,712MP36-SG,0.01,100,EQ,NSE,NSE
7425281,29005,712MP47-SG,0.01,100,EQ,NSE,NSE
194535169,759903,712MPL28-N0,0.01,1,EQ,NSE,NSE
1280769,5003,712MZ34-SG,0.01,100,EQ,NSE,NSE
194438657,759526,712OIT40-N0,0.01,1,EQ,NSE,NSE
7325441,28615,712PGCIL34-N0,0.01,1,EQ,NSE,NSE
6994433,27322,712PN36-SG,0.01,100,EQ,NSE,NSE
2098433,8197,712PN37-SG,0.01,100,EQ,NSE,NSE
7499521,29295,712PN45-SG,0.01,100,EQ,NSE,NSE
7228161,28235,712RJ39-SG,0.01,100,EQ,NSE,NSE
194084609,758143,712SHFL30-N0,0.01,1,EQ,NSE,NSE
194518017,759836,712TACA28-N0,0.01,1,EQ,NSE,NSE
2138113,8352,712TN30-SG,0.01,100,EQ,NSE,NSE
194820865,761019,712TN32-SG,0.01,100,EQ,NSE,NSE
6596865,25769,712TN34-SG,0.01,100,EQ,NSE,NSE
6912769,27003,712TN34A-SG,0.01,100,EQ,NSE,NSE
7485953,29242,712TN55-SG,0.01,100,EQ,NSE,NSE
6575617,25686,712TS39-SG,0.01,100,EQ,NSE,NSE
7425537,29006,712TS51-SG,0.01,100,EQ,NSE,NSE
7441921,29070,712TS54-SG,0.01,100,EQ,NSE,NSE
1973505,7709,712UP32-SG,0.01,100,EQ,NSE,NSE
194197249,758583,712UP33-SG,0.01,100,EQ,NSE,NSE
194382593,759307,712UP33A-SG,0.01,100,EQ,NSE,NSE
194522369,759853,712UP33B-SG,0.01,100,EQ,NSE,NSE
1932289,7548,712WB36-SG,0.01,100,EQ,NSE,NSE
1418753,5542,712WB51-SG,0.01,100,EQ,NSE,NSE
1220097,4766,713AP36-SG,0.01,100,EQ,NSE,NSE
1564673,6112,713AP36A-SG,0.01,100,EQ,NSE,NSE
2133761,8335,713AP39-SG,0.01,100,EQ,NSE,NSE
2097409,8193,713AP40-SG,0.01,100,EQ,NSE,NSE
2097665,8194,713AP41-SG,0.01,100,EQ,NSE,NSE
194230529,758713,713AS31-SG,0.01,100,EQ,NSE,NSE
6490881,25355,713AS34-SG,0.01,100,EQ,NSE,NSE
6597121,25770,713AS34A-SG,0.01,100,EQ,NSE,NSE
6576897,25691,713AS39-SG,0.01,100,EQ,NSE,NSE
2124289,8298,713BR32-SG,0.01,100,EQ,NSE,NSE
6912513,27002,713BR34-SG,0.01,100,EQ,NSE,NSE
6950145,27149,713BR34A-SG,0.01,100,EQ,NSE,NSE
6993665,27319,713BR34B-SG,0.01,100,EQ,NSE,NSE
6950401,27150,713GA34-SG,0.01,100,EQ,NSE,NSE
6941697,27116,713HP39-SG,0.01,100,EQ,NSE,NSE
1969153,7692,713HR32-SG,0.01,100,EQ,NSE,NSE
6491905,25359,713HR36-SG,0.01,100,EQ,NSE,NSE
6913025,27004,713HR36A-SG,0.01,100,EQ,NSE,NSE
2134017,8336,713HR42-SG,0.01,100,EQ,NSE,NSE
2097153,8192,713JK34-SG,0.01,100,EQ,NSE,NSE
7605505,29709,713KA34A-SG,0.01,100,EQ,NSE,NSE
2125057,8301,713KA38-SG,0.01,100,EQ,NSE,NSE
2125313,8302,713KA39-SG,0.01,100,EQ,NSE,NSE
7496961,29285,713KA41-SG,0.01,100,EQ,NSE,NSE
1253633,4897,713KL46-SG,0.01,100,EQ,NSE,NSE
193982465,757744,713KL58-SG,0.01,100,EQ,NSE,NSE
6492161,25360,713MH37-SG,0.01,100,EQ,NSE,NSE
6597889,25773,713MH37A-SG,0.01,100,EQ,NSE,NSE
7552769,29503,713MH37B-SG,0.01,100,EQ,NSE,NSE
6493185,25364,713MH43-SG,0.01,100,EQ,NSE,NSE
194031361,757935,713MH48-SG,0.01,100,EQ,NSE,NSE
7229697,28241,713MZ39-SG,0.01,100,EQ,NSE,NSE
193904385,757439,713PN50-SG,0.01,100,EQ,NSE,NSE
2222081,8680,713RJ29-SG,0.01,100,EQ,NSE,NSE
684289,2673,713RJ31-SG,0.01,100,EQ,NSE,NSE
6644993,25957,713RJ34-SG,0.01,100,EQ,NSE,NSE
7495681,29280,713RJ35-SG,0.01,100,EQ,NSE,NSE
6521345,25474,713RJ39-SG,0.01,100,EQ,NSE,NSE
1246465,4869,713RJ41-SG,0.01,100,EQ,NSE,NSE
6523137,25481,713RJ46-SG,0.01,100,EQ,NSE,NSE
2193921,8570,713TN30-SG,0.01,100,EQ,NSE,NSE
6644737,25956,713TN34-SG,0.01,100,EQ,NSE,NSE
2098689,8198,713TN47-SG,0.01,100,EQ,NSE,NSE
2133249,8333,713TS34-SG,0.01,100,EQ,NSE,NSE
6491393,25357,713TS36-SG,0.01,100,EQ,NSE,NSE
2124545,8299,713TS37-SG,0.01,100,EQ,NSE,NSE
6941441,27115,713TS39-SG,0.01,100,EQ,NSE,NSE
7441665,29069,713TS49-SG,0.01,100,EQ,NSE,NSE
193959937,757656,713TS55-SG,0.01,100,EQ,NSE,NSE
7436545,29049,713UK32-SG,0.01,100,EQ,NSE,NSE
7232001,28250,713WB40-SG,0.01,100,EQ,NSE,NSE
7497217,29286,713WB42-SG,0.01,100,EQ,NSE,NSE
7498497,29291,713WB44-SG,0.01,100,EQ,NSE,NSE
194402817,759386,714AP33-SG,0.01,100,EQ,NSE,NSE
5124865,20019,714AP34-SG,0.01,100,EQ,NSE,NSE
6959873,27187,714AP34A-SG,0.01,100,EQ,NSE,NSE
1930241,7540,714AP35-SG,0.01,100,EQ,NSE,NSE
1291265,5044,714AP36-SG,0.01,100,EQ,NSE,NSE
1339905,5234,714AP37-SG,0.01,100,EQ,NSE,NSE
1932545,7549,714AP40-SG,0.01,100,EQ,NSE,NSE
1340417,5236,714AP41-SG,0.01,100,EQ,NSE,NSE
1565441,6115,714AP41A-SG,0.01,100,EQ,NSE,NSE
1932801,7550,714AP41B-SG,0.01,100,EQ,NSE,NSE
6578177,25696,714AP44-SG,0.01,100,EQ,NSE,NSE
6578689,25698,714AP48-SG,0.01,100,EQ,NSE,NSE
5124097,20016,714BR30-SG,0.01,100,EQ,NSE,NSE
6596609,25768,714BR33-SG,0.01,100,EQ,NSE,NSE
7568641,29565,714BR37-SG,0.01,100,EQ,NSE,NSE
7484417,29236,714BR45-SG,0.01,100,EQ,NSE,NSE
7726337,30181,714CG32-SG,0.01,100,EQ,NSE,NSE
7569153,29567,714CG33-SG,0.01,100,EQ,NSE,NSE
7119617,27811,714EXIM29-N0,0.01,1,EQ,NSE,NSE
5290753,20667,714GA30-SG,0.01,100,EQ,NSE,NSE
1929217,7536,714HP33-SG,0.01,100,EQ,NSE,NSE
702209,2743,714HR31-SG,0.01,100,EQ,NSE,NSE
7484929,29238,714HR38-SG,0.01,100,EQ,NSE,NSE
7496449,29283,714HR38A-SG,0.01,100,EQ,NSE,NSE
7569921,29570,714HR38B-SG,0.01,100,EQ,NSE,NSE
1931009,7543,714JK36-SG,0.01,100,EQ,NSE,NSE
193952769,757628,714JK40-SG,0.01,100,EQ,NSE,NSE
7377153,28817,714JK51-SG,0.01,100,EQ,NSE,NSE
5687809,22218,714KA29-SG,0.01,100,EQ,NSE,NSE
5689601,22225,714KA29A-SG,0.01,100,EQ,NSE,NSE
2000129,7813,714KA32-SG,0.01,100,EQ,NSE,NSE
1930497,7541,714KL35-SG,0.01,100,EQ,NSE,NSE
7485441,29240,714KL45-SG,0.01,100,EQ,NSE,NSE
6493441,25365,714KL47-SG,0.01,100,EQ,NSE,NSE
5616897,21941,714MH29-SG,0.01,100,EQ,NSE,NSE
7554049,29508,714MH39-SG,0.01,100,EQ,NSE,NSE
7440385,29064,714MH43-SG,0.01,100,EQ,NSE,NSE
193959425,757654,714MH45-SG,0.01,100,EQ,NSE,NSE
193959681,757655,714MH46-SG,0.01,100,EQ,NSE,NSE
7725825,30179,714MP32-SG,0.01,100,EQ,NSE,NSE
193958913,757652,714MP41-SG,0.01,100,EQ,NSE,NSE
6522113,25477,714MP43-SG,0.01,100,EQ,NSE,NSE
7377921,28820,714MP45-SG,0.01,100,EQ,NSE,NSE
194492929,759738,714MZ33-SG,0.01,100,EQ,NSE,NSE
193958401,757650,714MZ40-SG,0.01,100,EQ,NSE,NSE
6945281,27130,714NHB34-N0,0.01,1,EQ,NSE,NSE
194346497,759166,714NL30-SG,0.01,100,EQ,NSE,NSE
194646017,760336,714NL30A-SG,0.01,100,EQ,NSE,NSE
7262977,28371,714NPC39-N0,0.01,1,EQ,NSE,NSE
1973249,7708,714PN32-SG,0.01,100,EQ,NSE,NSE
1931265,7544,714PN36-SG,0.01,100,EQ,NSE,NSE
6523649,25483,714PN49-SG,0.01,100,EQ,NSE,NSE
194645761,760335,714PY30-SG,0.01,100,EQ,NSE,NSE
7604993,29707,714PY31A-SG,0.01,100,EQ,NSE,NSE
7378689,28823,714PY35-SG,0.01,100,EQ,NSE,NSE
5650945,22074,714RJ30-SG,0.01,100,EQ,NSE,NSE
2001665,7819,714RJ32-SG,0.01,100,EQ,NSE,NSE
7601921,29695,714RJ37A-SG,0.01,100,EQ,NSE,NSE
194089217,758161,714SDIL32-N0,0.01,1,EQ,NSE,NSE
194546945,759949,714SECIL35-N0,0.01,1,EQ,NSE,NSE
5671425,22154,714SK30-SG,0.01,100,EQ,NSE,NSE
6597377,25771,714SK34-SG,0.01,100,EQ,NSE,NSE
194724609,760643,714TFSIL28-N0,0.01,1,EQ,NSE,NSE
2131201,8325,714TN32-SG,0.01,100,EQ,NSE,NSE
6960641,27190,714TN34-SG,0.01,100,EQ,NSE,NSE
194563329,760013,714TN34A-SG,0.01,100,EQ,NSE,NSE
194256897,758816,714TN35-SG,0.01,100,EQ,NSE,NSE
194444545,759549,714TN35A-SG,0.01,100,EQ,NSE,NSE
7379457,28826,714TN44-SG,0.01,100,EQ,NSE,NSE
1929729,7538,714TS33-SG,0.01,100,EQ,NSE,NSE
1340673,5237,714TS41-SG,0.01,100,EQ,NSE,NSE
6577153,25692,714TS42-SG,0.01,100,EQ,NSE,NSE
193981441,757740,714TS49-SG,0.01,100,EQ,NSE,NSE
193982209,757743,714TS55-SG,0.01,100,EQ,NSE,NSE
7556865,29519,714UK32-SG,0.01,100,EQ,NSE,NSE
5656321,22095,714UP30-SG,0.01,100,EQ,NSE,NSE
195594753,764042,714UP32-SG,0.01,100,EQ,NSE,NSE
1973761,7710,714WB32-SG,0.01,100,EQ,NSE,NSE
5317633,20772,715AP31-SG,0.01,100,EQ,NSE,NSE
5317889,20773,715AP32-SG,0.01,100,EQ,NSE,NSE
5355265,20919,715AP36-SG,0.01,100,EQ,NSE,NSE
1281025,5004,715AP37-SG,0.01,100,EQ,NSE,NSE
6646273,25962,715AP39-SG,0.01,100,EQ,NSE,NSE
6913793,27007,715AP42-SG,0.01,100,EQ,NSE,NSE
6914305,27009,715AP47-SG,0.01,100,EQ,NSE,NSE
7438849,29058,715AS35-SG,0.01,100,EQ,NSE,NSE
7601153,29692,715AS35B-SG,0.01,100,EQ,NSE,NSE
6645249,25958,715BR34-SG,0.01,100,EQ,NSE,NSE
7376385,28814,715BR34A-SG,0.01,100,EQ,NSE,NSE
7439105,29059,715BR35-SG,0.01,100,EQ,NSE,NSE
7484161,29235,715BR37-SG,0.01,100,EQ,NSE,NSE
7604225,29704,715BR37B-SG,0.01,100,EQ,NSE,NSE
7440129,29063,715BR40-SG,0.01,100,EQ,NSE,NSE
5259777,20546,715GA30-SG,0.01,100,EQ,NSE,NSE
2131457,8326,715GA32-SG,0.01,100,EQ,NSE,NSE
193981697,757741,715HP50-SG,0.01,100,EQ,NSE,NSE
2389249,9333,715HR28-SG,0.01,100,EQ,NSE,NSE
7439361,29060,715HR38-SG,0.01,100,EQ,NSE,NSE
193984513,757752,715HR40-SG,0.01,100,EQ,NSE,NSE
194964225,761579,715INBK36-N0,0.01,1,EQ,NSE,NSE
7397121,28895,715IRFC34-N0,0.01,1,EQ,NSE,NSE
6942977,27121,715IRFC39-N0,0.01,1,EQ,NSE,NSE
116993,457,715JK32-SG,0.01,100,EQ,NSE,NSE
194717441,760615,715KA31-SG,0.01,100,EQ,NSE,NSE
6645505,25959,715KA36-SG,0.01,100,EQ,NSE,NSE
7485185,29239,715KA38-SG,0.01,100,EQ,NSE,NSE
7424513,29002,715KA42-SG,0.01,100,EQ,NSE,NSE
7424769,29003,715KA43-SG,0.01,100,EQ,NSE,NSE
6645761,25960,715KL39-SG,0.01,100,EQ,NSE,NSE
6913281,27005,715KL40-SG,0.01,100,EQ,NSE,NSE
193980673,757737,715MH45-SG,0.01,100,EQ,NSE,NSE
193980929,757738,715MH46-SG,0.01,100,EQ,NSE,NSE
193981185,757739,715MH47-SG,0.01,100,EQ,NSE,NSE
194029825,757929,715MH49-SG,0.01,100,EQ,NSE,NSE
6646017,25961,715MN39-SG,0.01,100,EQ,NSE,NSE
7378177,28821,715MN39A-SG,0.01,100,EQ,NSE,NSE
6597633,25772,715MP35-SG,0.01,100,EQ,NSE,NSE
6598657,25776,715MP43-SG,0.01,100,EQ,NSE,NSE
193959169,757653,715MP43A-SG,0.01,100,EQ,NSE,NSE
6598145,25774,715MZ39-SG,0.01,100,EQ,NSE,NSE
6913537,27006,715MZ40-SG,0.01,100,EQ,NSE,NSE
193579265,756169,715NBFID35-N0,0.01,1,EQ,NSE,NSE
194491649,759733,715NBFID40-N0,0.01,1,EQ,NSE,NSE
7378433,28822,715NL34-SG,0.01,100,EQ,NSE,NSE
6950913,27152,715OR38-SG,0.01,100,EQ,NSE,NSE
6522625,25479,715PN44-SG,0.01,100,EQ,NSE,NSE
7605761,29710,715PY39A-SG,0.01,100,EQ,NSE,NSE
5645825,22054,715RJ30-SG,0.01,100,EQ,NSE,NSE
651521,2545,715RJ31-SG,0.01,100,EQ,NSE,NSE
702465,2744,715RJ31A-SG,0.01,100,EQ,NSE,NSE
7720705,30159,715RJ35-SG,0.01,100,EQ,NSE,NSE
6521601,25475,715RJ42-SG,0.01,100,EQ,NSE,NSE
194005249,757833,715RJ53-SG,0.01,100,EQ,NSE,NSE
194021377,757896,715SHFL28-N0,0.01,1,EQ,NSE,NSE
193804033,757047,715SHFL30-N0,0.01,1,EQ,NSE,NSE
5662721,22120,715TN27-SG,0.01,100,EQ,NSE,NSE
194350337,759181,715TN32-SG,0.01,100,EQ,NSE,NSE
7726593,30182,715TN33-SG,0.01,100,EQ,NSE,NSE
7485697,29241,715TN35-SG,0.01,100,EQ,NSE,NSE
7379969,28828,715UK30-SG,0.01,100,EQ,NSE,NSE
2002177,7821,715UP32-SG,0.01,100,EQ,NSE,NSE
194257409,758818,715UP35-SG,0.01,100,EQ,NSE,NSE
7425793,29007,715UP37-SG,0.01,100,EQ,NSE,NSE
7720961,30160,715UP37A-SG,0.01,100,EQ,NSE,NSE
5670401,22150,715WB35-SG,0.01,100,EQ,NSE,NSE
7426305,29009,715WB40-SG,0.01,100,EQ,NSE,NSE
6522369,25478,715WB44-SG,0.01,100,EQ,NSE,NSE
6578433,25697,715WB44A-SG,0.01,100,EQ,NSE,NSE
6522881,25480,715WB45-SG,0.01,100,EQ,NSE,NSE
193981953,757742,715WB52-SG,0.01,100,EQ,NSE,NSE
7555073,29512,716AP40-SG,0.01,100,EQ,NSE,NSE
6647297,25966,716AP47-SG,0.01,100,EQ,NSE,NSE
6964481,27205,716AR44-SG,0.01,100,EQ,NSE,NSE
7555329,29513,716AS40-SG,0.01,100,EQ,NSE,NSE
7727105,30184,716CG33-SG,0.01,100,EQ,NSE,NSE
7727361,30185,716CG34-SG,0.01,100,EQ,NSE,NSE
702977,2746,716GA31-SG,0.01,100,EQ,NSE,NSE
194688513,760502,716GJ31-SG,0.01,100,EQ,NSE,NSE
4751617,18561,716GS2050-GS,0.01,1,EQ,NSE,NSE
4087297,15966,716HR27-SG,0.01,100,EQ,NSE,NSE
7376897,28816,716HR37-SG,0.01,100,EQ,NSE,NSE
7604737,29706,716HR38A-SG,0.01,100,EQ,NSE,NSE
6598401,25775,716JK49-SG,0.01,100,EQ,NSE,NSE
5336321,20845,716KA30-SG,0.01,100,EQ,NSE,NSE
194703361,760560,716KA31-SG,0.01,100,EQ,NSE,NSE
7657729,29913,716KA32-SG,0.01,100,EQ,NSE,NSE
2096641,8190,716KA36-SG,0.01,100,EQ,NSE,NSE
7601409,29693,716KA36B-SG,0.01,100,EQ,NSE,NSE
7377409,28818,716KA40-SG,0.01,100,EQ,NSE,NSE
5609985,21914,716KL30-SG,0.01,100,EQ,NSE,NSE
7553537,29506,716KL38-SG,0.01,100,EQ,NSE,NSE
194030081,757930,716MH50-SG,0.01,100,EQ,NSE,NSE
194098945,758199,716MH55-SG,0.01,100,EQ,NSE,NSE
705537,2756,716ML31-SG,0.01,100,EQ,NSE,NSE
7604481,29705,716MP37A-SG,0.01,100,EQ,NSE,NSE
7603457,29701,716MP40A-SG,0.01,100,EQ,NSE,NSE
6964737,27206,716MP44-SG,0.01,100,EQ,NSE,NSE
7570945,29574,716MZ35-SG,0.01,100,EQ,NSE,NSE
195542273,763837,716NBRD29-N0,0.01,1,EQ,NSE,NSE
195922177,765321,716OR32-SG,0.01,100,EQ,NSE,NSE
194004737,757831,716OR50-SG,0.01,100,EQ,NSE,NSE
7369217,28786,716PFCL40-N0,0.01,1,EQ,NSE,NSE
7603201,29700,716PY40A-SG,0.01,100,EQ,NSE,NSE
6960385,27189,716RJ34-SG,0.01,100,EQ,NSE,NSE
194523137,759856,716RJ35-SG,0.01,100,EQ,NSE,NSE
6647041,25965,716RJ45-SG,0.01,100,EQ,NSE,NSE
194646273,760337,716TN32-SG,0.01,100,EQ,NSE,NSE
194522625,759854,716TN35-SG,0.01,100,EQ,NSE,NSE
6648065,25969,716TN54-SG,0.01,100,EQ,NSE,NSE
6964993,27207,716TN54A-SG,0.01,100,EQ,NSE,NSE
6647553,25967,716TS47-SG,0.01,100,EQ,NSE,NSE
6647809,25968,716TS49-SG,0.01,100,EQ,NSE,NSE
194948353,761517,716UBI36-N0,0.01,1,EQ,NSE,NSE
5655041,22090,716UP29-SG,0.01,100,EQ,NSE,NSE
706305,2759,716UP31-SG,0.01,100,EQ,NSE,NSE
7379713,28827,716UP39-SG,0.01,100,EQ,NSE,NSE
7602945,29699,716UP39B-SG,0.01,100,EQ,NSE,NSE
7380225,28829,716WB39-SG,0.01,100,EQ,NSE,NSE
7426561,29010,716WB42-SG,0.01,100,EQ,NSE,NSE
7551233,29497,717AP32-SG,0.01,100,EQ,NSE,NSE
7421953,28992,717AP37-SG,0.01,100,EQ,NSE,NSE
7422209,28993,717AP38-SG,0.01,100,EQ,NSE,NSE
7422721,28995,717AP39-SG,0.01,100,EQ,NSE,NSE
6646529,25963,717AP43-SG,0.01,100,EQ,NSE,NSE
652289,2548,717AS31-SG,0.01,100,EQ,NSE,NSE
5687297,22216,717BR30-SG,0.01,100,EQ,NSE,NSE
5689089,22223,717BR30A-SG,0.01,100,EQ,NSE,NSE
2131713,8327,717BR32-SG,0.01,100,EQ,NSE,NSE
5672961,22160,717CG30-SG,0.01,100,EQ,NSE,NSE
6962433,27197,717GA35-SG,0.01,100,EQ,NSE,NSE
194197761,758585,717GA35A-SG,0.01,100,EQ,NSE,NSE
5686785,22214,717GJ30-SG,0.01,100,EQ,NSE,NSE
5688833,22222,717GJ30A-SG,0.01,100,EQ,NSE,NSE
194775297,760841,717GJ32-SG,0.01,100,EQ,NSE,NSE
194577153,760067,717GJ34-SG,0.01,100,EQ,NSE,NSE
1845249,7208,717GS2028-GS,0.01,1,EQ,NSE,NSE
3852801,15050,717GS2030-GS,0.01,1,EQ,NSE,NSE
5336577,20846,717HP30-SG,0.01,100,EQ,NSE,NSE
5199361,20310,717HR29-SG,0.01,100,EQ,NSE,NSE
5337345,20849,717HR30-SG,0.01,100,EQ,NSE,NSE
7804673,30487,717IRFC35-N0,0.01,1,EQ,NSE,NSE
5266689,20573,717KA29-SG,0.01,100,EQ,NSE,NSE
5355009,20918,717KA30-SG,0.01,100,EQ,NSE,NSE
2132225,8329,717KL32-SG,0.01,100,EQ,NSE,NSE
7721217,30161,717KL38-SG,0.01,100,EQ,NSE,NSE
194004993,757832,717KL51-SG,0.01,100,EQ,NSE,NSE
7661057,29926,717MH37-SG,0.01,100,EQ,NSE,NSE
194098689,758198,717MH54-SG,0.01,100,EQ,NSE,NSE
653057,2551,717ML31-SG,0.01,100,EQ,NSE,NSE
5625857,21976,717MP29-SG,0.01,100,EQ,NSE,NSE
7701761,30085,717MP31-SG,0.01,100,EQ,NSE,NSE
5625089,21973,717MP35-SG,0.01,100,EQ,NSE,NSE
7425025,29004,717MP38-SG,0.01,100,EQ,NSE,NSE
7377665,28819,717MP41-SG,0.01,100,EQ,NSE,NSE
7703297,30091,717OR30-SG,0.01,100,EQ,NSE,NSE
7721985,30164,717OR40-SG,0.01,100,EQ,NSE,NSE
5686273,22212,717PN30-SG,0.01,100,EQ,NSE,NSE
5688321,22220,717PN30A-SG,0.01,100,EQ,NSE,NSE
6646785,25964,717PN44-SG,0.01,100,EQ,NSE,NSE
195522049,763758,717RECL31-N0,0.01,1,EQ,NSE,NSE
5643265,22044,717RJ30-SG,0.01,100,EQ,NSE,NSE
2132737,8331,717RJ32-SG,0.01,100,EQ,NSE,NSE
7659521,29920,717RJ35-SG,0.01,100,EQ,NSE,NSE
194098433,758197,717RJ52-SG,0.01,100,EQ,NSE,NSE
193936641,757565,717SHFL30-N0,0.01,1,EQ,NSE,NSE
194271233,758872,717SIHF28-N0,0.01,1,EQ,NSE,NSE
193747201,756825,717TCHFL30-N0,0.01,1,EQ,NSE,NSE
5663489,22123,717TN29-SG,0.01,100,EQ,NSE,NSE
2222337,8681,717TN30-SG,0.01,100,EQ,NSE,NSE
7657985,29914,717TN33-SG,0.01,100,EQ,NSE,NSE
7571457,29576,717TN45-SG,0.01,100,EQ,NSE,NSE
5667841,22140,717TR30-SG,0.01,100,EQ,NSE,NSE
1303041,5090,717TS41-SG,0.01,100,EQ,NSE,NSE
5674753,22167,717UK29-SG,0.01,100,EQ,NSE,NSE
7726081,30180,717UK32-SG,0.01,100,EQ,NSE,NSE
685057,2676,717UP31-SG,0.01,100,EQ,NSE,NSE
7726849,30183,717UP33-SG,0.01,100,EQ,NSE,NSE
7721473,30162,717UP39-SG,0.01,100,EQ,NSE,NSE
2132993,8332,717WB32-SG,0.01,100,EQ,NSE,NSE
7380737,28831,717WB42-SG,0.01,100,EQ,NSE,NSE
5199105,20309,718AP28-SG,0.01,100,EQ,NSE,NSE
5125121,20020,718AP33-SG,0.01,100,EQ,NSE,NSE
1974529,7713,718AP40-SG,0.01,100,EQ,NSE,NSE
6963969,27203,718AP40A-SG,0.01,100,EQ,NSE,NSE
5199617,20311,718AS29-SG,0.01,100,EQ,NSE,NSE
5157377,20146,718AS30-SG,0.01,100,EQ,NSE,NSE
5147905,20109,718BR30-SG,0.01,100,EQ,NSE,NSE
6960129,27188,718BR34-SG,0.01,100,EQ,NSE,NSE
7568897,29566,718BR45-SG,0.01,100,EQ,NSE,NSE
7603713,29702,718BR45B-SG,0.01,100,EQ,NSE,NSE
5673217,22161,718CG27-SG,0.01,100,EQ,NSE,NSE
5673729,22163,718CG30-SG,0.01,100,EQ,NSE,NSE
4262657,16651,718GJ28-SG,0.01,100,EQ,NSE,NSE
5298177,20696,718GJ30-SG,0.01,100,EQ,NSE,NSE
4614401,18025,718GS2033-GS,0.01,1,EQ,NSE,NSE
4453889,17398,718GS2037-GS,0.01,1,EQ,NSE,NSE
5147649,20108,718HP32-SG,0.01,100,EQ,NSE,NSE
7422977,28996,718HR38-SG,0.01,100,EQ,NSE,NSE
616193,2407,718HR41-SG,0.01,100,EQ,NSE,NSE
7570177,29571,718JK45-SG,0.01,100,EQ,NSE,NSE
194029313,757927,718JK45A-SG,0.01,100,EQ,NSE,NSE
1969665,7694,718KA33-SG,0.01,100,EQ,NSE,NSE
5609473,21912,718KL29-SG,0.01,100,EQ,NSE,NSE
7557889,29523,718KL50-SG,0.01,100,EQ,NSE,NSE
7724033,30172,718KL50A-SG,0.01,100,EQ,NSE,NSE
2287105,8934,718MH30-SG,0.01,100,EQ,NSE,NSE
194264321,758845,718MH33-SG,0.01,100,EQ,NSE,NSE
7661825,29929,718MH38-SG,0.01,100,EQ,NSE,NSE
7662081,29930,718MH39-SG,0.01,100,EQ,NSE,NSE
685825,2679,718MN31-SG,0.01,100,EQ,NSE,NSE
5624833,21972,718MP30-SG,0.01,100,EQ,NSE,NSE
7722753,30167,718MP46-SG,0.01,100,EQ,NSE,NSE
7603969,29703,718MP48A-SG,0.01,100,EQ,NSE,NSE
7723777,30171,718MP49-SG,0.01,100,EQ,NSE,NSE
7721729,30163,718MZ40-SG,0.01,100,EQ,NSE,NSE
7723009,30168,718OR46-SG,0.01,100,EQ,NSE,NSE
5647361,22060,718RJ29-SG,0.01,100,EQ,NSE,NSE
5650433,22072,718RJ30-SG,0.01,100,EQ,NSE,NSE
6963457,27201,718RJ38-SG,0.01,100,EQ,NSE,NSE
194022401,757900,718SFL28-N0,0.01,1,EQ,NSE,NSE
686337,2681,718SK31-SG,0.01,100,EQ,NSE,NSE
194576641,760065,718TN33-SG,0.01,100,EQ,NSE,NSE
7697921,30070,718TN35-SG,0.01,100,EQ,NSE,NSE
7660545,29924,718TN36-SG,0.01,100,EQ,NSE,NSE
7722241,30165,718TN45-SG,0.01,100,EQ,NSE,NSE
7558145,29524,718TN55-SG,0.01,100,EQ,NSE,NSE
7572225,29579,718TN55A-SG,0.01,100,EQ,NSE,NSE
7724289,30173,718TN55B-SG,0.01,100,EQ,NSE,NSE
1968641,7690,718TS33-SG,0.01,100,EQ,NSE,NSE
7557377,29521,718TS47-SG,0.01,100,EQ,NSE,NSE
7557633,29522,718TS49-SG,0.01,100,EQ,NSE,NSE
1254401,4900,718TS51-SG,0.01,100,EQ,NSE,NSE
5686529,22213,718UP30-SG,0.01,100,EQ,NSE,NSE
5688577,22221,718UP30A-SG,0.01,100,EQ,NSE,NSE
194522881,759855,718UP35-SG,0.01,100,EQ,NSE,NSE
5668865,22144,718WB35-SG,0.01,100,EQ,NSE,NSE
6963713,27202,718WB39-SG,0.01,100,EQ,NSE,NSE
6964225,27204,718WB41-SG,0.01,100,EQ,NSE,NSE
7722497,30166,718WB45-SG,0.01,100,EQ,NSE,NSE
7723265,30169,718WB46-SG,0.01,100,EQ,NSE,NSE
7723521,30170,718WB47-SG,0.01,100,EQ,NSE,NSE
5157633,20147,719AP34-SG,0.01,100,EQ,NSE,NSE
1281281,5005,719AP38-SG,0.01,100,EQ,NSE,NSE
7376129,28813,719AS34-SG,0.01,100,EQ,NSE,NSE
7555585,29514,719BR45-SG,0.01,100,EQ,NSE,NSE
7660033,29922,719CG35-SG,0.01,100,EQ,NSE,NSE
194563585,760014,719CG35A-SG,0.01,100,EQ,NSE,NSE
194630401,760275,719GJ33-SG,0.01,100,EQ,NSE,NSE
4729345,18474,719GS2060-GS,0.01,1,EQ,NSE,NSE
6962945,27199,719HR37-SG,0.01,100,EQ,NSE,NSE
7590401,29650,719HUDCO28-N7,0.01,1,EQ,NSE,NSE
194021889,757898,719JCL28-N0,0.01,1,EQ,NSE,NSE
5365505,20959,719JK29-SG,0.01,100,EQ,NSE,NSE
194688769,760503,719KA32-SG,0.01,100,EQ,NSE,NSE
194791937,760906,719KA32A-SG,0.01,100,EQ,NSE,NSE
708609,2768,719KA39-SG,0.01,100,EQ,NSE,NSE
709377,2771,719KA40-SG,0.01,100,EQ,NSE,NSE
1402625,5479,719KL51-SG,0.01,100,EQ,NSE,NSE
7008257,27376,719LT34-N0,0.01,1,EQ,NSE,NSE
7662593,29932,719MH40-SG,0.01,100,EQ,NSE,NSE
1253121,4895,719ML41-SG,0.01,100,EQ,NSE,NSE
6963201,27200,719MP38-SG,0.01,100,EQ,NSE,NSE
5623553,21967,719MP40-SG,0.01,100,EQ,NSE,NSE
7659265,29919,719OR35-SG,0.01,100,EQ,NSE,NSE
7663361,29935,719OR40-SG,0.01,100,EQ,NSE,NSE
1974785,7714,719PN37-SG,0.01,100,EQ,NSE,NSE
193992705,757784,719PN40-SG,0.01,100,EQ,NSE,NSE
7555841,29515,719PN45-SG,0.01,100,EQ,NSE,NSE
194025985,757914,719PN49-SG,0.01,100,EQ,NSE,NSE
194895617,761311,719RECL31-N0,0.01,1,EQ,NSE,NSE
7704833,30097,719RJ35-SG,0.01,100,EQ,NSE,NSE
610305,2384,719SK31-SG,0.01,100,EQ,NSE,NSE
5664001,22125,719TN30-SG,0.01,100,EQ,NSE,NSE
2173697,8491,719TN32-SG,0.01,100,EQ,NSE,NSE
6427137,25106,719TN32A-SG,0.01,100,EQ,NSE,NSE
194350593,759182,719TN33-SG,0.01,100,EQ,NSE,NSE
6373121,24895,719TN34-SG,0.01,100,EQ,NSE,NSE
5660161,22110,719TN35-SG,0.01,100,EQ,NSE,NSE
2134273,8337,719TN42-SG,0.01,100,EQ,NSE,NSE
194097665,758194,719TS44-SG,0.01,100,EQ,NSE,NSE
7556097,29516,719TS46-SG,0.01,100,EQ,NSE,NSE
194098177,758196,719TS49-SG,0.01,100,EQ,NSE,NSE
5655553,22092,719UP29-SG,0.01,100,EQ,NSE,NSE
653313,2552,719UP31-SG,0.01,100,EQ,NSE,NSE
6962689,27198,719UP36-SG,0.01,100,EQ,NSE,NSE
5669889,22148,719WB29-SG,0.01,100,EQ,NSE,NSE
707073,2762,719WB36-SG,0.01,100,EQ,NSE,NSE
194046721,757995,71ABHFL27-N0,0.01,1,EQ,NSE,NSE
120065,469,71AP37-SG,0.01,100,EQ,NSE,NSE
7794433,30447,71AS45-SG,0.01,100,EQ,NSE,NSE
6006529,23463,71GS2034-GS,0.01,1,EQ,NSE,NSE
7793153,30442,71HP40-SG,0.01,100,EQ,NSE,NSE
194359553,759217,71HR33-SG,0.01,100,EQ,NSE,NSE
5124609,20018,71JK30-SG,0.01,100,EQ,NSE,NSE
1252865,4894,71JK33-SG,0.01,100,EQ,NSE,NSE
1367553,5342,71JK33A-SG,0.01,100,EQ,NSE,NSE
1969409,7693,71KA32-SG,0.01,100,EQ,NSE,NSE
6596097,25766,71KA32A-SG,0.01,100,EQ,NSE,NSE
6579713,25702,71KL34-SG,0.01,100,EQ,NSE,NSE
7793921,30445,71KL43-SG,0.01,100,EQ,NSE,NSE
193974785,757714,71KL45-SG,0.01,100,EQ,NSE,NSE
80129,313,71MH32-SG,0.01,100,EQ,NSE,NSE
6595585,25764,71MH32A-SG,0.01,100,EQ,NSE,NSE
6490113,25352,71MH33-SG,0.01,100,EQ,NSE,NSE
1339393,5232,71MH36-SG,0.01,100,EQ,NSE,NSE
193974273,757712,71MN40-SG,0.01,100,EQ,NSE,NSE
7790593,30432,71NL35-SG,0.01,100,EQ,NSE,NSE
7794689,30448,71PN45-SG,0.01,100,EQ,NSE,NSE
6526465,25494,71RJ34-SG,0.01,100,EQ,NSE,NSE
7794177,30446,71RJ43-SG,0.01,100,EQ,NSE,NSE
7791361,30435,71SK35-SG,0.01,100,EQ,NSE,NSE
2122753,8292,71TN32-SG,0.01,100,EQ,NSE,NSE
6959617,27186,71TN32A-SG,0.01,100,EQ,NSE,NSE
6490625,25354,71TN34-SG,0.01,100,EQ,NSE,NSE
193904641,757440,71TS55-SG,0.01,100,EQ,NSE,NSE
5670657,22151,71WB30-SG,0.01,100,EQ,NSE,NSE
7794945,30449,71WB45-SG,0.01,100,EQ,NSE,NSE
7795201,30450,71WB46-SG,0.01,100,EQ,NSE,NSE
7795457,30451,71WB47-SG,0.01,100,EQ,NSE,NSE
193934081,757555,71WB50-SG,0.01,100,EQ,NSE,NSE
193934337,757556,71WB51-SG,0.01,100,EQ,NSE,NSE
193803521,757045,72092LTF27-N0,0.01,1,EQ,NSE,NSE
5252609,20518,720AR30-SG,0.01,100,EQ,NSE,NSE
5211649,20358,720AS30-SG,0.01,100,EQ,NSE,NSE
194695169,760528,720CL30-N0,0.01,1,EQ,NSE,NSE
7483649,29233,720LT35-N0,0.01,1,EQ,NSE,NSE
6402561,25010,720MH34-SG,0.01,100,EQ,NSE,NSE
5634561,22010,720ML30-SG,0.01,100,EQ,NSE,NSE
5635841,22015,720MZ30-SG,0.01,100,EQ,NSE,NSE
7294209,28493,720NHB31-N0,0.01,1,EQ,NSE,NSE
7492097,29266,720NHPC35-N0,0.01,1,EQ,NSE,NSE
194765825,760804,720PFCL36-N6,0.01,1,EQ,NSE,NSE
194767105,760809,720PFCL41-NB,0.01,1,EQ,NSE,NSE
7463681,29155,720RECL35-N0,0.01,1,EQ,NSE,NSE
194614017,760211,72190LTFL2-N0,0.01,1,EQ,NSE,NSE
5267201,20575,721AP31-SG,0.01,100,EQ,NSE,NSE
6454785,25214,721BR33-SG,0.01,100,EQ,NSE,NSE
7681281,30005,721GJ35-SG,0.01,100,EQ,NSE,NSE
2051073,8012,721KA32-SG,0.01,100,EQ,NSE,NSE
6370561,24885,721MH35-SG,0.01,100,EQ,NSE,NSE
5626113,21977,721MP34-SG,0.01,100,EQ,NSE,NSE
5638145,22024,721PY28-SG,0.01,100,EQ,NSE,NSE
2051329,8013,721RJ32-SG,0.01,100,EQ,NSE,NSE
194563841,760015,721SK35-SG,0.01,100,EQ,NSE,NSE
7679745,29999,721TN32-SG,0.01,100,EQ,NSE,NSE
194756865,760769,721TN32A-SG,0.01,100,EQ,NSE,NSE
6359297,24841,721TN34-SG,0.01,100,EQ,NSE,NSE
5667585,22139,721TR29-SG,0.01,100,EQ,NSE,NSE
194079489,758123,721TS47-SG,0.01,100,EQ,NSE,NSE
194097921,758195,721TS48-SG,0.01,100,EQ,NSE,NSE
5639937,22031,722AP28-SG,0.01,100,EQ,NSE,NSE
5639681,22030,722AP30-SG,0.01,100,EQ,NSE,NSE
5687041,22215,722AP31-SG,0.01,100,EQ,NSE,NSE
5640193,22032,722AP31A-SG,0.01,100,EQ,NSE,NSE
7680257,30001,722AP34-SG,0.01,100,EQ,NSE,NSE
7680769,30003,722AP35-SG,0.01,100,EQ,NSE,NSE
613121,2395,722AP37-SG,0.01,100,EQ,NSE,NSE
1975041,7715,722AP42-SG,0.01,100,EQ,NSE,NSE
5354241,20915,722AS29-SG,0.01,100,EQ,NSE,NSE
5337601,20850,722AS30-SG,0.01,100,EQ,NSE,NSE
194921217,761411,722AS32-SG,0.01,100,EQ,NSE,NSE
7457793,29132,722BR35-SG,0.01,100,EQ,NSE,NSE
7454977,29121,722BR40-SG,0.01,100,EQ,NSE,NSE
194096641,758190,722BR40A-SG,0.01,100,EQ,NSE,NSE
5354497,20916,722GA29-SG,0.01,100,EQ,NSE,NSE
4295937,16781,722GJ28-SG,0.01,100,EQ,NSE,NSE
7451393,29107,722GJ35-SG,0.01,100,EQ,NSE,NSE
6455041,25215,722HP39-SG,0.01,100,EQ,NSE,NSE
6403585,25014,722HPCL29-N0,0.01,1,EQ,NSE,NSE
7454721,29120,722HR38-SG,0.01,100,EQ,NSE,NSE
7661569,29928,722HR38A-SG,0.01,100,EQ,NSE,NSE
7698433,30072,722JK32-SG,0.01,100,EQ,NSE,NSE
7679233,29997,722KA32-SG,0.01,100,EQ,NSE,NSE
1972993,7707,722KA35-SG,0.01,100,EQ,NSE,NSE
7682049,30008,722KA35A-SG,0.01,100,EQ,NSE,NSE
7453185,29114,722KA36-SG,0.01,100,EQ,NSE,NSE
613889,2398,722KA38-SG,0.01,100,EQ,NSE,NSE
659969,2578,722KA38A-SG,0.01,100,EQ,NSE,NSE
6401281,25005,722KL59-SG,0.01,100,EQ,NSE,NSE
6336513,24752,722MH34-SG,0.01,100,EQ,NSE,NSE
6371841,24890,722MH45-SG,0.01,100,EQ,NSE,NSE
6399233,24997,722MH49-SG,0.01,100,EQ,NSE,NSE
6372097,24891,722MH50-SG,0.01,100,EQ,NSE,NSE
7702017,30086,722MP42-SG,0.01,100,EQ,NSE,NSE
194097409,758193,722MP43-SG,0.01,100,EQ,NSE,NSE
6398465,24994,722MP45-SG,0.01,100,EQ,NSE,NSE
194095873,758187,722MP48-SG,0.01,100,EQ,NSE,NSE
7682561,30010,722OR36-SG,0.01,100,EQ,NSE,NSE
6511873,25437,722PFCL39-N0,0.01,1,EQ,NSE,NSE
5604609,21893,722PN32-SG,0.01,100,EQ,NSE,NSE
2173953,8492,722RJ32-SG,0.01,100,EQ,NSE,NSE
6402817,25011,722RJ34-SG,0.01,100,EQ,NSE,NSE
7681537,30006,722RJ35-SG,0.01,100,EQ,NSE,NSE
617729,2413,722RJ41-SG,0.01,100,EQ,NSE,NSE
194791169,760903,722SIDBI29-N0,0.01,1,EQ,NSE,NSE
194670337,760431,722TFSI28-N0,0.01,1,EQ,NSE,NSE
194704129,760563,722TN32-SG,0.01,100,EQ,NSE,NSE
7680001,30000,722TN33-SG,0.01,100,EQ,NSE,NSE
7451649,29108,722TN35-SG,0.01,100,EQ,NSE,NSE
6400257,25001,722TN54-SG,0.01,100,EQ,NSE,NSE
6455553,25217,722TN54A-SG,0.01,100,EQ,NSE,NSE
6454529,25213,722TS38-SG,0.01,100,EQ,NSE,NSE
6958337,27181,722UCL34-N0,0.01,1,EQ,NSE,NSE
195679745,764374,722ULCE29-N0,0.01,1,EQ,NSE,NSE
5654785,22089,722UP30-SG,0.01,100,EQ,NSE,NSE
6427393,25107,723AP34-SG,0.01,100,EQ,NSE,NSE
6398721,24995,723AP46-SG,0.01,100,EQ,NSE,NSE
7466753,29167,723BOB35-N0,0.01,1,EQ,NSE,NSE
194868737,761206,723BOI35-N0,0.01,1,EQ,NSE,NSE
7094017,27711,723DMEDL34-N0,0.01,1,EQ,NSE,NSE
194950657,761526,723EXIM31-N0,0.01,1,EQ,NSE,NSE
2014977,7871,723GA32-SG,0.01,100,EQ,NSE,NSE
6402305,25009,723GA34-SG,0.01,100,EQ,NSE,NSE
6168577,24096,723GJ27-SG,0.01,100,EQ,NSE,NSE
194898177,761321,723GJ33-SG,0.01,100,EQ,NSE,NSE
6020609,23518,723GS2039-GS,0.01,1,EQ,NSE,NSE
7700737,30081,723HR39-SG,0.01,100,EQ,NSE,NSE
6372353,24892,723JK51-SG,0.01,100,EQ,NSE,NSE
6400001,25000,723JK54-SG,0.01,100,EQ,NSE,NSE
5557761,21710,723KA28-SG,0.01,100,EQ,NSE,NSE
6455297,25216,723KL45-SG,0.01,100,EQ,NSE,NSE
194124289,758298,723LTFL28-N0,0.01,1,EQ,NSE,NSE
6423041,25090,723MH35-SG,0.01,100,EQ,NSE,NSE
6371329,24888,723MH40-SG,0.01,100,EQ,NSE,NSE
7455489,29123,723MH41-SG,0.01,100,EQ,NSE,NSE
2010881,7855,723MN32-SG,0.01,100,EQ,NSE,NSE
193992961,757785,723MP42-SG,0.01,100,EQ,NSE,NSE
7702273,30087,723MP47-SG,0.01,100,EQ,NSE,NSE
6455809,25218,723MZ38-SG,0.01,100,EQ,NSE,NSE
7455233,29122,723MZ40-SG,0.01,100,EQ,NSE,NSE
7704577,30096,723OR47-SG,0.01,100,EQ,NSE,NSE
654593,2557,723PN31-SG,0.01,100,EQ,NSE,NSE
7453441,29115,723PN37-SG,0.01,100,EQ,NSE,NSE
6402049,25008,723RJ33-SG,0.01,100,EQ,NSE,NSE
194257921,758820,723RJ35-SG,0.01,100,EQ,NSE,NSE
7705089,30098,723RJ38-SG,0.01,100,EQ,NSE,NSE
6398977,24996,723RJ46-SG,0.01,100,EQ,NSE,NSE
6944769,27128,723SBI39-N0,0.01,1,EQ,NSE,NSE
194359809,759218,723SK35-SG,0.01,100,EQ,NSE,NSE
2194689,8573,723TN32-SG,0.01,100,EQ,NSE,NSE
194716929,760613,723TN33-SG,0.01,100,EQ,NSE,NSE
6336769,24753,723TN34-SG,0.01,100,EQ,NSE,NSE
194647297,760341,723TN35-SG,0.01,100,EQ,NSE,NSE
7701249,30083,723TN55-SG,0.01,100,EQ,NSE,NSE
7699713,30077,723TS49-SG,0.01,100,EQ,NSE,NSE
7705601,30100,723TS52-SG,0.01,100,EQ,NSE,NSE
7700225,30079,723TS53-SG,0.01,100,EQ,NSE,NSE
7699201,30075,723UK32-SG,0.01,100,EQ,NSE,NSE
195678721,764370,723ULCE30-N0,0.01,1,EQ,NSE,NSE
5669633,22147,723WB30-SG,0.01,100,EQ,NSE,NSE
2011393,7857,723WB32-SG,0.01,100,EQ,NSE,NSE
617985,2414,723WB41-SG,0.01,100,EQ,NSE,NSE
6399489,24998,723WB49-SG,0.01,100,EQ,NSE,NSE
5540865,21644,724AP33-SG,0.01,100,EQ,NSE,NSE
5541121,21645,724AP35-SG,0.01,100,EQ,NSE,NSE
6403073,25012,724AP36-SG,0.01,100,EQ,NSE,NSE
1974017,7711,724AP38-SG,0.01,100,EQ,NSE,NSE
7699969,30078,724AR45-SG,0.01,100,EQ,NSE,NSE
5354753,20917,724AS30-SG,0.01,100,EQ,NSE,NSE
611585,2389,724AS31-SG,0.01,100,EQ,NSE,NSE
7705857,30101,724AS45-SG,0.01,100,EQ,NSE,NSE
194284801,758925,724BR31-SG,0.01,100,EQ,NSE,NSE
2014721,7870,724BR32-SG,0.01,100,EQ,NSE,NSE
6372865,24894,724BR33-SG,0.01,100,EQ,NSE,NSE
7660801,29925,724BR37-SG,0.01,100,EQ,NSE,NSE
194091777,758171,724CANF28-N0,0.01,1,EQ,NSE,NSE
5419265,21169,724GJ29-SG,0.01,100,EQ,NSE,NSE
194536961,759910,724GJ33-SG,0.01,100,EQ,NSE,NSE
5234689,20448,724GR2033-GS,0.01,1,EQ,NSE,NSE
194220545,758674,724GS2055-GS,0.01,1,EQ,NSE,NSE
5252865,20519,724HR29-SG,0.01,100,EQ,NSE,NSE
6370817,24886,724HR36-SG,0.01,100,EQ,NSE,NSE
6403329,25013,724HR36A-SG,0.01,100,EQ,NSE,NSE
6481409,25318,724INBK34-N0,0.01,1,EQ,NSE,NSE
656129,2563,724JK36-SG,0.01,100,EQ,NSE,NSE
688897,2691,724KA37-SG,0.01,100,EQ,NSE,NSE
689409,2693,724KA38-SG,0.01,100,EQ,NSE,NSE
6424833,25097,724KL40-SG,0.01,100,EQ,NSE,NSE
194097153,758192,724KL41-SG,0.01,100,EQ,NSE,NSE
7700993,30082,724KL43-SG,0.01,100,EQ,NSE,NSE
7456257,29126,724KL44-SG,0.01,100,EQ,NSE,NSE
194264577,758846,724MH34-SG,0.01,100,EQ,NSE,NSE
6397441,24990,724MH39-SG,0.01,100,EQ,NSE,NSE
6425089,25098,724MH40-SG,0.01,100,EQ,NSE,NSE
7456001,29125,724MH44-SG,0.01,100,EQ,NSE,NSE
194079233,758122,724MP45-SG,0.01,100,EQ,NSE,NSE
194689025,760504,724OR32-SG,0.01,100,EQ,NSE,NSE
194823169,761028,724PFCL31-N0,0.01,1,EQ,NSE,NSE
7561473,29537,724PFCL35-N0,0.01,1,EQ,NSE,NSE
194683137,760481,724RJ31-SG,0.01,100,EQ,NSE,NSE
2022145,7899,724RJ32-SG,0.01,100,EQ,NSE,NSE
2082817,8136,724RJ32A-SG,0.01,100,EQ,NSE,NSE
2194945,8574,724RJ32B-SG,0.01,100,EQ,NSE,NSE
6427905,25109,724RJ34-SG,0.01,100,EQ,NSE,NSE
194583297,760091,724RJ35-SG,0.01,100,EQ,NSE,NSE
655361,2560,724RJ36-SG,0.01,100,EQ,NSE,NSE
194564097,760016,724RJ36A-SG,0.01,100,EQ,NSE,NSE
194486785,759714,724SFL28-N0,0.01,1,EQ,NSE,NSE
2174209,8493,724SK32-SG,0.01,100,EQ,NSE,NSE
194393345,759349,724TFSIL27-N0,0.01,1,EQ,NSE,NSE
6314241,24665,724TN30-SG,0.01,100,EQ,NSE,NSE
194956545,761549,724TN31-SG,0.01,100,EQ,NSE,NSE
2023425,7904,724TN32-SG,0.01,100,EQ,NSE,NSE
1303297,5091,724TN51-SG,0.01,100,EQ,NSE,NSE
1291521,5045,724TS51-SG,0.01,100,EQ,NSE,NSE
2011137,7856,724UP32-SG,0.01,100,EQ,NSE,NSE
194630657,760276,724UP33-SG,0.01,100,EQ,NSE,NSE
194493185,759739,724UP36-SG,0.01,100,EQ,NSE,NSE
7698177,30071,724UP40-SG,0.01,100,EQ,NSE,NSE
6371585,24889,724WB42-SG,0.01,100,EQ,NSE,NSE
6424321,25095,725AP37-SG,0.01,100,EQ,NSE,NSE
6425345,25099,725AP44-SG,0.01,100,EQ,NSE,NSE
6426625,25104,725AP47-SG,0.01,100,EQ,NSE,NSE
6425601,25100,725AS44-SG,0.01,100,EQ,NSE,NSE
194768641,760815,725BACL28-N0,0.01,1,EQ,NSE,NSE
6401793,25007,725BR33-SG,0.01,100,EQ,NSE,NSE
6422785,25089,725GA35-SG,0.01,100,EQ,NSE,NSE
194444801,759550,725GA36-SG,0.01,100,EQ,NSE,NSE
2138625,8354,725GJ32-SG,0.01,100,EQ,NSE,NSE
194231297,758716,725GJ34-SG,0.01,100,EQ,NSE,NSE
5158657,20151,725GR2028-GS,0.01,1,EQ,NSE,NSE
4283649,16733,725GS2063-GS,0.01,1,EQ,NSE,NSE
6336257,24751,725HP33-SG,0.01,100,EQ,NSE,NSE
2138881,8355,725HR32-SG,0.01,100,EQ,NSE,NSE
6424065,25094,725HR36-SG,0.01,100,EQ,NSE,NSE
6371073,24887,725HR39-SG,0.01,100,EQ,NSE,NSE
7432961,29035,725IOCL30-N0,0.01,1,EQ,NSE,NSE
6407937,25031,725IRFC34-N0,0.01,1,EQ,NSE,NSE
3007489,11748,725IRFC35-NH,0.01,1,EQ,NSE,NSE
7470081,29180,725IRFC35B-N0,0.01,1,EQ,NSE,NSE
194957057,761551,725KA31-SG,0.01,100,EQ,NSE,NSE
194729729,760663,725KA32-SG,0.01,100,EQ,NSE,NSE
194819073,761012,725KA33-SG,0.01,100,EQ,NSE,NSE
194493441,759740,725MH37-SG,0.01,100,EQ,NSE,NSE
6398209,24993,725MH44-SG,0.01,100,EQ,NSE,NSE
6425857,25101,725MH45-SG,0.01,100,EQ,NSE,NSE
6427649,25108,725ML34-SG,0.01,100,EQ,NSE,NSE
194534657,759901,725MPL29-N0,0.01,1,EQ,NSE,NSE
2139905,8359,725MZ34-SG,0.01,100,EQ,NSE,NSE
7558401,29525,725NBFI40-N0,0.01,1,EQ,NSE,NSE
194230785,758714,725OR33-SG,0.01,100,EQ,NSE,NSE
7561985,29539,725PFCL45-N0,0.01,1,EQ,NSE,NSE
194122753,758292,725SIHF28-N0,0.01,1,EQ,NSE,NSE
5664513,22127,725TN27-SG,0.01,100,EQ,NSE,NSE
2139393,8357,725TN32-SG,0.01,100,EQ,NSE,NSE
5685761,22210,725TS28-SG,0.01,100,EQ,NSE,NSE
6424577,25096,725TS38-SG,0.01,100,EQ,NSE,NSE
660737,2581,725TS41-SG,0.01,100,EQ,NSE,NSE
6426369,25103,725TS46-SG,0.01,100,EQ,NSE,NSE
2024193,7907,725UK32-SG,0.01,100,EQ,NSE,NSE
195679233,764372,725ULCE31-N0,0.01,1,EQ,NSE,NSE
7685377,30021,725UP39-SG,0.01,100,EQ,NSE,NSE
680193,2657,725WB41-SG,0.01,100,EQ,NSE,NSE
6426113,25102,725WB45-SG,0.01,100,EQ,NSE,NSE
5384705,21034,726AS29-SG,0.01,100,EQ,NSE,NSE
6396929,24988,726AS39-SG,0.01,100,EQ,NSE,NSE
6445057,25176,726BOB34-N0,0.01,1,EQ,NSE,NSE
6359041,24840,726BR33-SG,0.01,100,EQ,NSE,NSE
5384193,21032,726GJ29-SG,0.01,100,EQ,NSE,NSE
2054913,8027,726GS2029-GS,0.01,1,EQ,NSE,NSE
2744833,10722,726GS2032-GS,0.01,1,EQ,NSE,NSE
3597057,14051,726GS2033-GS,0.01,1,EQ,NSE,NSE
4259329,16638,726HP29-SG,0.01,100,EQ,NSE,NSE
7701505,30084,726HP35-SG,0.01,100,EQ,NSE,NSE
2195201,8575,726HR32-SG,0.01,100,EQ,NSE,NSE
6337281,24755,726HR36-SG,0.01,100,EQ,NSE,NSE
7683585,30014,726HR39-SG,0.01,100,EQ,NSE,NSE
6921729,27038,726IIFCL34-N0,0.01,1,EQ,NSE,NSE
193721345,756724,726IRMT45-N0,0.01,1,EQ,NSE,NSE
194527233,759872,726JCL30-N0,0.01,1,EQ,NSE,NSE
5682177,22196,726JH27-SG,0.01,100,EQ,NSE,NSE
6397185,24989,726KL39-SG,0.01,100,EQ,NSE,NSE
4089089,15973,726MH30-SG,0.01,100,EQ,NSE,NSE
194403585,759389,726MH41-SG,0.01,100,EQ,NSE,NSE
194404097,759391,726MH42-SG,0.01,100,EQ,NSE,NSE
6339329,24763,726MH49-SG,0.01,100,EQ,NSE,NSE
6428161,25110,726MH50-SG,0.01,100,EQ,NSE,NSE
6337025,24754,726MP35-SG,0.01,100,EQ,NSE,NSE
6396673,24987,726MP38-SG,0.01,100,EQ,NSE,NSE
7684865,30019,726MP39-SG,0.01,100,EQ,NSE,NSE
194096897,758191,726MZ40-SG,0.01,100,EQ,NSE,NSE
7747329,30263,726NTPC40-N0,0.01,1,EQ,NSE,NSE
6396161,24985,726PN36-SG,0.01,100,EQ,NSE,NSE
6396417,24986,726PN37-SG,0.01,100,EQ,NSE,NSE
194310913,759027,726TN35-SG,0.01,100,EQ,NSE,NSE
7686401,30025,726TN55-SG,0.01,100,EQ,NSE,NSE
6359553,24842,726TS35-SG,0.01,100,EQ,NSE,NSE
5652993,22082,726UP29-SG,0.01,100,EQ,NSE,NSE
5669377,22146,726WB34-SG,0.01,100,EQ,NSE,NSE
194569473,760037,727ABL35-N0,0.01,1,EQ,NSE,NSE
194403073,759387,727AP36-SG,0.01,100,EQ,NSE,NSE
6397697,24991,727AP41-SG,0.01,100,EQ,NSE,NSE
2021633,7897,727AR32-SG,0.01,100,EQ,NSE,NSE
5516801,21550,727AS29-SG,0.01,100,EQ,NSE,NSE
7681793,30007,727CG35-SG,0.01,100,EQ,NSE,NSE
4030465,15744,727GJ31-SG,0.01,100,EQ,NSE,NSE
194646785,760339,727GJ34-SG,0.01,100,EQ,NSE,NSE
194231553,758717,727HP35-SG,0.01,100,EQ,NSE,NSE
2392065,9344,727HR30-SG,0.01,100,EQ,NSE,NSE
6358273,24837,727JK49-SG,0.01,100,EQ,NSE,NSE
6339585,24764,727KL59-SG,0.01,100,EQ,NSE,NSE
5617153,21942,727MH30-SG,0.01,100,EQ,NSE,NSE
6309633,24647,727MH34-SG,0.01,100,EQ,NSE,NSE
194311425,759029,727MH36-SG,0.01,100,EQ,NSE,NSE
6337537,24756,727MH39-SG,0.01,100,EQ,NSE,NSE
6338305,24759,727MH44-SG,0.01,100,EQ,NSE,NSE
2195457,8576,727ML32-SG,0.01,100,EQ,NSE,NSE
6395905,24984,727MN36-SG,0.01,100,EQ,NSE,NSE
7677697,29991,727MP45-SG,0.01,100,EQ,NSE,NSE
7678209,29993,727MP48-SG,0.01,100,EQ,NSE,NSE
686849,2683,727MZ33-SG,0.01,100,EQ,NSE,NSE
194953217,761536,727NBRD29A-N0,0.01,1,EQ,NSE,NSE
195603713,764077,727NGEL36-N0,0.01,1,EQ,NSE,NSE
7702529,30088,727NL35-SG,0.01,100,EQ,NSE,NSE
7686145,30024,727OR41-SG,0.01,100,EQ,NSE,NSE
6511361,25435,727PFCL31-N0,0.01,1,EQ,NSE,NSE
7699457,30076,727PY33-SG,0.01,100,EQ,NSE,NSE
5640705,22034,727RJ29-SG,0.01,100,EQ,NSE,NSE
5648385,22064,727RJ30-SG,0.01,100,EQ,NSE,NSE
6397953,24992,727RJ42-SG,0.01,100,EQ,NSE,NSE
193537537,756006,727SHFL27-N0,0.01,1,EQ,NSE,NSE
2022401,7900,727SK32-SG,0.01,100,EQ,NSE,NSE
193790465,756994,727TCHFL28-N0,0.01,1,EQ,NSE,NSE
6309377,24646,727TN32-SG,0.01,100,EQ,NSE,NSE
6196225,24204,727TN54-SG,0.01,100,EQ,NSE,NSE
7677953,29992,727TS47-SG,0.01,100,EQ,NSE,NSE
7678465,29994,727TS49-SG,0.01,100,EQ,NSE,NSE
7677185,29989,727UP41-SG,0.01,100,EQ,NSE,NSE
194527745,759874,72841ABH30-N0,0.01,1,EQ,NSE,NSE
192944641,753690,728AP32-SG,0.01,100,EQ,NSE,NSE
7682305,30009,728AP36-SG,0.01,100,EQ,NSE,NSE
7680513,30002,728CG34-SG,0.01,100,EQ,NSE,NSE
194360065,759219,728GA37-SG,0.01,100,EQ,NSE,NSE
5430785,21214,728GJ29-SG,0.01,100,EQ,NSE,NSE
194004481,757830,728HP47-SG,0.01,100,EQ,NSE,NSE
7474177,29196,728IREDA35-N0,0.01,1,EQ,NSE,NSE
3002881,11730,728IRFC30-NG,0.01,1,EQ,NSE,NSE
7588097,29641,728IRFC40-N0,0.01,1,EQ,NSE,NSE
688129,2688,728JH36-SG,0.01,100,EQ,NSE,NSE
2140161,8360,728JH37-SG,0.01,100,EQ,NSE,NSE
5541377,21646,728JK30-SG,0.01,100,EQ,NSE,NSE
6196481,24205,728JK54-SG,0.01,100,EQ,NSE,NSE
5608449,21908,728KL30-SG,0.01,100,EQ,NSE,NSE
6338561,24760,728MP45-SG,0.01,100,EQ,NSE,NSE
2749697,10741,728NTPC30B-N9,0.01,1,EQ,NSE,NSE
194400513,759377,728OR49-SG,0.01,100,EQ,NSE,NSE
194611201,760200,728PHFL28-N0,0.01,1,EQ,NSE,NSE
195711745,764499,728RECL29-N0,0.01,1,EQ,NSE,NSE
7585025,29629,728RECL40-N0,0.01,1,EQ,NSE,NSE
5671681,22155,728SK30-SG,0.01,100,EQ,NSE,NSE
194579969,760078,728TFSIL28-N0,0.01,1,EQ,NSE,NSE
195706369,764478,728TMCL29-N0,0.01,1,EQ,NSE,NSE
194922497,761416,728TN33-SG,0.01,100,EQ,NSE,NSE
2000641,7815,728TS35-SG,0.01,100,EQ,NSE,NSE
6359809,24843,728TS38-SG,0.01,100,EQ,NSE,NSE
6358017,24836,728TS45-SG,0.01,100,EQ,NSE,NSE
6339073,24762,728TS46-SG,0.01,100,EQ,NSE,NSE
5657089,22098,728UP29-SG,0.01,100,EQ,NSE,NSE
2023681,7905,728UP32-SG,0.01,100,EQ,NSE,NSE
7698945,30074,728WB39-SG,0.01,100,EQ,NSE,NSE
193898241,757415,72959ABC28-N0,0.01,1,EQ,NSE,NSE
5540609,21643,729AP30-SG,0.01,100,EQ,NSE,NSE
2286081,8930,729AP34-SG,0.01,100,EQ,NSE,NSE
5540353,21642,729BR30-SG,0.01,100,EQ,NSE,NSE
4259841,16640,729CG30-SG,0.01,100,EQ,NSE,NSE
5687553,22217,729GA29-SG,0.01,100,EQ,NSE,NSE
5689345,22224,729GA29A-SG,0.01,100,EQ,NSE,NSE
2222849,8683,729GJ32-SG,0.01,100,EQ,NSE,NSE
194932737,761456,729GJ34-SG,0.01,100,EQ,NSE,NSE
3833089,14973,729GR2033-GS,0.01,1,EQ,NSE,NSE
4260097,16641,729HP31-SG,0.01,100,EQ,NSE,NSE
4152321,16220,729HR29-SG,0.01,100,EQ,NSE,NSE
194360321,759220,729HR37-SG,0.01,100,EQ,NSE,NSE
6338817,24761,729JK45-SG,0.01,100,EQ,NSE,NSE
2002689,7823,729KA34-SG,0.01,100,EQ,NSE,NSE
656897,2566,729KA36-SG,0.01,100,EQ,NSE,NSE
659201,2575,729KA37-SG,0.01,100,EQ,NSE,NSE
679937,2656,729KA39-SG,0.01,100,EQ,NSE,NSE
4119553,16092,729KL49-SG,0.01,100,EQ,NSE,NSE
4263681,16655,729KL51-SG,0.01,100,EQ,NSE,NSE
194633985,760289,729MH35-SG,0.01,100,EQ,NSE,NSE
194260993,758832,729MH50-SG,0.01,100,EQ,NSE,NSE
5635329,22013,729ML29-SG,0.01,100,EQ,NSE,NSE
5626881,21980,729MP30-SG,0.01,100,EQ,NSE,NSE
5619201,21950,729MP35-SG,0.01,100,EQ,NSE,NSE
2021889,7898,729MZ33-SG,0.01,100,EQ,NSE,NSE
7492609,29268,729NHB31-N0,0.01,1,EQ,NSE,NSE
194624001,760250,729NHPC32-N0,0.01,1,EQ,NSE,NSE
194696961,760535,729NHPC33-N0,0.01,1,EQ,NSE,NSE
194697473,760537,729NHPC34-N0,0.01,1,EQ,NSE,NSE
194697985,760539,729NHPC35-N0,0.01,1,EQ,NSE,NSE
194698497,760541,729NHPC36-N0,0.01,1,EQ,NSE,NSE
194699009,760543,729NHPC37-N0,0.01,1,EQ,NSE,NSE
194699521,760545,729NHPC38-N0,0.01,1,EQ,NSE,NSE
194700033,760547,729NHPC39-N0,0.01,1,EQ,NSE,NSE
194714369,760603,729NHPC40-N0,0.01,1,EQ,NSE,NSE
194714881,760605,729NHPC41-N0,0.01,1,EQ,NSE,NSE
5631489,21998,729NL29-SG,0.01,100,EQ,NSE,NSE
194563073,760012,729PN33-SG,0.01,100,EQ,NSE,NSE
2223105,8684,729RJ32-SG,0.01,100,EQ,NSE,NSE
6309889,24648,729RJ34-SG,0.01,100,EQ,NSE,NSE
194523649,759858,729RJ37-SG,0.01,100,EQ,NSE,NSE
195612929,764113,729SIDBI29-N0,0.01,1,EQ,NSE,NSE
4263937,16656,729TN53-SG,0.01,100,EQ,NSE,NSE
6313985,24664,729TN54-SG,0.01,100,EQ,NSE,NSE
688641,2690,729TR36-SG,0.01,100,EQ,NSE,NSE
6340097,24766,729TS40-SG,0.01,100,EQ,NSE,NSE
6338049,24758,729TS42-SG,0.01,100,EQ,NSE,NSE
5675777,22171,729UK29-SG,0.01,100,EQ,NSE,NSE
5657345,22099,729UP29-SG,0.01,100,EQ,NSE,NSE
5671169,22153,729WB29-SG,0.01,100,EQ,NSE,NSE
7698689,30073,729WB38-SG,0.01,100,EQ,NSE,NSE
5266945,20574,72AP30-SG,0.01,100,EQ,NSE,NSE
7660289,29923,72AP36-SG,0.01,100,EQ,NSE,NSE
5365761,20960,72AS29-SG,0.01,100,EQ,NSE,NSE
7662337,29931,72AS40-SG,0.01,100,EQ,NSE,NSE
7664385,29939,72AS45-SG,0.01,100,EQ,NSE,NSE
7658753,29917,72CG34-SG,0.01,100,EQ,NSE,NSE
610817,2386,72GA31-SG,0.01,100,EQ,NSE,NSE
5336065,20844,72HP35-SG,0.01,100,EQ,NSE,NSE
194932481,761455,72JH32-SG,0.01,100,EQ,NSE,NSE
612097,2391,72JH35-SG,0.01,100,EQ,NSE,NSE
5199873,20312,72JK29-SG,0.01,100,EQ,NSE,NSE
7457537,29131,72JK47-SG,0.01,100,EQ,NSE,NSE
5124353,20017,72KA31-SG,0.01,100,EQ,NSE,NSE
7661313,29927,72KA37-SG,0.01,100,EQ,NSE,NSE
7663873,29937,72KL42-SG,0.01,100,EQ,NSE,NSE
1254145,4899,72KL56-SG,0.01,100,EQ,NSE,NSE
4088577,15971,72MH28-SG,0.01,100,EQ,NSE,NSE
194577409,760068,72MH34-SG,0.01,100,EQ,NSE,NSE
194256641,758815,72MH36-SG,0.01,100,EQ,NSE,NSE
5634817,22011,72ML29-SG,0.01,100,EQ,NSE,NSE
7662849,29933,72MN40-SG,0.01,100,EQ,NSE,NSE
194576897,760066,72MP33-SG,0.01,100,EQ,NSE,NSE
5636609,22018,72MZ29-SG,0.01,100,EQ,NSE,NSE
6372609,24893,72MZ31-SG,0.01,100,EQ,NSE,NSE
5630977,21996,72NL29-SG,0.01,100,EQ,NSE,NSE
7678977,29996,72OR32-SG,0.01,100,EQ,NSE,NSE
7664641,29940,72OR45-SG,0.01,100,EQ,NSE,NSE
7664129,29938,72RJ42-SG,0.01,100,EQ,NSE,NSE
661505,2584,72RJ46-SG,0.01,100,EQ,NSE,NSE
7659777,29921,72SK35-SG,0.01,100,EQ,NSE,NSE
5663745,22124,72TN31-SG,0.01,100,EQ,NSE,NSE
194577665,760069,72TN35-SG,0.01,100,EQ,NSE,NSE
194523393,759857,72TN36-SG,0.01,100,EQ,NSE,NSE
7664897,29941,72TN55-SG,0.01,100,EQ,NSE,NSE
680705,2659,72TS51-SG,0.01,100,EQ,NSE,NSE
611073,2387,72UP31-SG,0.01,100,EQ,NSE,NSE
7663617,29936,72UP40-SG,0.01,100,EQ,NSE,NSE
5668353,22142,72WB30-SG,0.01,100,EQ,NSE,NSE
193732865,756769,73064ABH28-N0,0.01,1,EQ,NSE,NSE
5430529,21213,730AS29-SG,0.01,100,EQ,NSE,NSE
194539521,759920,730BTL27-N0,0.01,1,EQ,NSE,NSE
5542657,21651,730JK29-SG,0.01,100,EQ,NSE,NSE
2083073,8137,730KA32-SG,0.01,100,EQ,NSE,NSE
6313729,24663,730KL52-SG,0.01,100,EQ,NSE,NSE
6310657,24651,730MH38-SG,0.01,100,EQ,NSE,NSE
6311169,24653,730MH39-SG,0.01,100,EQ,NSE,NSE
193937153,757567,730NIIF28-N0,0.01,1,EQ,NSE,NSE
6431489,25123,730PFCL34-N0,0.01,1,EQ,NSE,NSE
194767361,760810,730PFCL41-NC,0.01,1,EQ,NSE,NSE
5604865,21894,730PN31-SG,0.01,100,EQ,NSE,NSE
195629569,764178,730RL31-N0,0.01,1,EQ,NSE,NSE
193927937,757531,730SICC28-N0,0.01,1,EQ,NSE,NSE
193944321,757595,730SICC28A-N0,0.01,1,EQ,NSE,NSE
194427393,759482,730SIHF28-N0,0.01,1,EQ,NSE,NSE
194600193,760157,730SPRL27-N0,0.01,1,EQ,NSE,NSE
194805505,760959,730TCHFL28-N0,0.01,1,EQ,NSE,NSE
195633409,764193,730TMCL29-N0,0.01,1,EQ,NSE,NSE
5670913,22152,730WB29-SG,0.01,100,EQ,NSE,NSE
2141697,8366,731AP42-SG,0.01,100,EQ,NSE,NSE
6195713,24202,731AP44-SG,0.01,100,EQ,NSE,NSE
194383105,759309,731BR45-SG,0.01,100,EQ,NSE,NSE
195647233,764247,731DL33-SG,0.01,100,EQ,NSE,NSE
194383361,759310,731JK45-SG,0.01,100,EQ,NSE,NSE
194785025,760879,731KA33-SG,0.01,100,EQ,NSE,NSE
2000897,7816,731KA35-SG,0.01,100,EQ,NSE,NSE
2223617,8686,731KL32-SG,0.01,100,EQ,NSE,NSE
6337793,24757,731KL40-SG,0.01,100,EQ,NSE,NSE
194564353,760017,731MN37-SG,0.01,100,EQ,NSE,NSE
194403841,759390,731MZ41-SG,0.01,100,EQ,NSE,NSE
194780417,760861,731PFCL36-N0,0.01,1,EQ,NSE,NSE
2002433,7822,731PY35-SG,0.01,100,EQ,NSE,NSE
6394625,24979,731RECL39-N0,0.01,1,EQ,NSE,NSE
193761281,756880,731SDIL40-N0,0.01,1,EQ,NSE,NSE
194757121,760770,731TN33-SG,0.01,100,EQ,NSE,NSE
194792193,760907,731TN33A-SG,0.01,100,EQ,NSE,NSE
194286081,758930,731TN34-SG,0.01,100,EQ,NSE,NSE
6252545,24424,731TN54-SG,0.01,100,EQ,NSE,NSE
6193153,24192,731TS42-SG,0.01,100,EQ,NSE,NSE
6313473,24662,731TS50-SG,0.01,100,EQ,NSE,NSE
5684737,22206,731TS60-SG,0.01,100,EQ,NSE,NSE
5668097,22141,731WB34-SG,0.01,100,EQ,NSE,NSE
4039681,15780,732AP43-SG,0.01,100,EQ,NSE,NSE
2083329,8138,732AS32-SG,0.01,100,EQ,NSE,NSE
7682817,30011,732CG37-SG,0.01,100,EQ,NSE,NSE
5154817,20136,732GS2030-GS,0.01,1,EQ,NSE,NSE
4261889,16648,732HR33-SG,0.01,100,EQ,NSE,NSE
6251521,24420,732HR36-SG,0.01,100,EQ,NSE,NSE
6268929,24488,732HR36A-SG,0.01,100,EQ,NSE,NSE
6653185,25989,732IREDA29-N0,0.01,1,EQ,NSE,NSE
194689537,760506,732KA33-SG,0.01,100,EQ,NSE,NSE
194756609,760768,732KA33A-SG,0.01,100,EQ,NSE,NSE
2049537,8006,732KA34-SG,0.01,100,EQ,NSE,NSE
6192897,24191,732KL41-SG,0.01,100,EQ,NSE,NSE
4197889,16398,732KL53-SG,0.01,100,EQ,NSE,NSE
4154113,16227,732MH32-SG,0.01,100,EQ,NSE,NSE
194535681,759905,732MPL30-N0,0.01,1,EQ,NSE,NSE
6374145,24899,732PFCL39-N0,0.01,1,EQ,NSE,NSE
6252033,24422,732RJ34-SG,0.01,100,EQ,NSE,NSE
194311169,759028,732RJ35-SG,0.01,100,EQ,NSE,NSE
7730689,30198,732RL35-N0,0.01,1,EQ,NSE,NSE
4103425,16029,732TN33-SG,0.01,100,EQ,NSE,NSE
4166145,16274,732TN53-SG,0.01,100,EQ,NSE,NSE
6268673,24487,732TS36-SG,0.01,100,EQ,NSE,NSE
4040449,15783,732TS48-SG,0.01,100,EQ,NSE,NSE
4197633,16397,732TS49-SG,0.01,100,EQ,NSE,NSE
7683329,30013,732WB38-SG,0.01,100,EQ,NSE,NSE
4261633,16647,733AP33-SG,0.01,100,EQ,NSE,NSE
6310913,24652,733AP39-SG,0.01,100,EQ,NSE,NSE
6269697,24491,733AP40-SG,0.01,100,EQ,NSE,NSE
4263169,16653,733AP42-SG,0.01,100,EQ,NSE,NSE
4263425,16654,733AP43-SG,0.01,100,EQ,NSE,NSE
6270209,24493,733AP43A-SG,0.01,100,EQ,NSE,NSE
2224129,8688,733AS32-SG,0.01,100,EQ,NSE,NSE
6251265,24419,733GA39-SG,0.01,100,EQ,NSE,NSE
5039361,19685,733GS2026-GS,0.01,1,EQ,NSE,NSE
6190849,24183,733HR36-SG,0.01,100,EQ,NSE,NSE
194350849,759183,733JH34-SG,0.01,100,EQ,NSE,NSE
6170881,24105,733JK51-SG,0.01,100,EQ,NSE,NSE
194775553,760842,733KA33-SG,0.01,100,EQ,NSE,NSE
2011649,7858,733KA37-SG,0.01,100,EQ,NSE,NSE
2011905,7859,733KA40-SG,0.01,100,EQ,NSE,NSE
6290177,24571,733KL54-SG,0.01,100,EQ,NSE,NSE
4153345,16224,733MH31-SG,0.01,100,EQ,NSE,NSE
194785281,760880,733MH34-SG,0.01,100,EQ,NSE,NSE
6312193,24657,733MH44-SG,0.01,100,EQ,NSE,NSE
2012417,7861,733MP42-SG,0.01,100,EQ,NSE,NSE
4104961,16035,733NL33-SG,0.01,100,EQ,NSE,NSE
194956289,761548,733RJ31-SG,0.01,100,EQ,NSE,NSE
6194689,24198,733RJ43-SG,0.01,100,EQ,NSE,NSE
6195969,24203,733RJ44-SG,0.01,100,EQ,NSE,NSE
6287873,24562,733TN32-SG,0.01,100,EQ,NSE,NSE
4031745,15749,733TN33-SG,0.01,100,EQ,NSE,NSE
2049793,8007,733TN52-SG,0.01,100,EQ,NSE,NSE
2142977,8371,733TN52A-SG,0.01,100,EQ,NSE,NSE
5661441,22115,733TN54-SG,0.01,100,EQ,NSE,NSE
2143233,8372,733TN57-SG,0.01,100,EQ,NSE,NSE
6269441,24490,733TS40-SG,0.01,100,EQ,NSE,NSE
6289921,24570,733TS42-SG,0.01,100,EQ,NSE,NSE
194153217,758411,733TS60-SG,0.01,100,EQ,NSE,NSE
4108545,16049,733UP33-SG,0.01,100,EQ,NSE,NSE
3961601,15475,734AP29-SG,0.01,100,EQ,NSE,NSE
6190593,24182,734AP35-SG,0.01,100,EQ,NSE,NSE
2286593,8932,734AP40-SG,0.01,100,EQ,NSE,NSE
6311937,24656,734AP44-SG,0.01,100,EQ,NSE,NSE
6114049,23883,734AP48-SG,0.01,100,EQ,NSE,NSE
6114305,23884,734AP49-SG,0.01,100,EQ,NSE,NSE
6312961,24660,734AP49A-SG,0.01,100,EQ,NSE,NSE
4100865,16019,734AS33-SG,0.01,100,EQ,NSE,NSE
4261121,16645,734AS33A-SG,0.01,100,EQ,NSE,NSE
7681025,30004,734AS35-SG,0.01,100,EQ,NSE,NSE
194257153,758817,734CG40-SG,0.01,100,EQ,NSE,NSE
2225153,8692,734GA32-SG,0.01,100,EQ,NSE,NSE
194647041,760340,734GA35-SG,0.01,100,EQ,NSE,NSE
6030849,23558,734GS2064-GS,0.01,1,EQ,NSE,NSE
4296705,16784,734HR31-SG,0.01,100,EQ,NSE,NSE
6310401,24650,734HR36-SG,0.01,100,EQ,NSE,NSE
194151425,758404,734IREDA29-N0,0.01,1,EQ,NSE,NSE
7506689,29323,734IRFC28-N4,0.01,1,EQ,NSE,NSE
6113793,23882,734JK54-SG,0.01,100,EQ,NSE,NSE
194704385,760564,734KA34-SG,0.01,100,EQ,NSE,NSE
6112257,23876,734KL55-SG,0.01,100,EQ,NSE,NSE
4296193,16782,734MH31-SG,0.01,100,EQ,NSE,NSE
194537473,759912,734MH34-SG,0.01,100,EQ,NSE,NSE
2083841,8140,734MN32-SG,0.01,100,EQ,NSE,NSE
2225921,8695,734MN32A-SG,0.01,100,EQ,NSE,NSE
194775809,760843,734MP33-SG,0.01,100,EQ,NSE,NSE
194819841,761015,734MP34-SG,0.01,100,EQ,NSE,NSE
2226689,8698,734NL32-SG,0.01,100,EQ,NSE,NSE
194322177,759071,734NRL35-N0,0.01,1,EQ,NSE,NSE
194717697,760616,734OR33-SG,0.01,100,EQ,NSE,NSE
6314497,24666,734PN32-SG,0.01,100,EQ,NSE,NSE
6310145,24649,734PN35-SG,0.01,100,EQ,NSE,NSE
4111873,16062,734RJ33-SG,0.01,100,EQ,NSE,NSE
4261377,16646,734RJ33A-SG,0.01,100,EQ,NSE,NSE
6190337,24181,734RJ34-SG,0.01,100,EQ,NSE,NSE
6113537,23881,734RJ45-SG,0.01,100,EQ,NSE,NSE
6312449,24658,734RJ45A-SG,0.01,100,EQ,NSE,NSE
6927105,27059,734RL30-N0,0.01,1,EQ,NSE,NSE
6551297,25591,734SIDBI29-N0,0.01,1,EQ,NSE,NSE
6110465,23869,734TN29-SG,0.01,100,EQ,NSE,NSE
6288129,24563,734TN34-SG,0.01,100,EQ,NSE,NSE
194690049,760508,734TN34A-SG,0.01,100,EQ,NSE,NSE
4336385,16939,734TN43-SG,0.01,100,EQ,NSE,NSE
612865,2394,734TR36-SG,0.01,100,EQ,NSE,NSE
2015745,7874,734TS34-SG,0.01,100,EQ,NSE,NSE
2174721,8495,734TS35-SG,0.01,100,EQ,NSE,NSE
6288897,24566,734TS37-SG,0.01,100,EQ,NSE,NSE
194564609,760018,734TS38-SG,0.01,100,EQ,NSE,NSE
4435969,17328,734TS44-SG,0.01,100,EQ,NSE,NSE
4436225,17329,734TS46-SG,0.01,100,EQ,NSE,NSE
7689985,30039,734UCL28-N0,0.01,1,EQ,NSE,NSE
7688705,30034,734UCL30-N0,0.01,1,EQ,NSE,NSE
2224385,8689,734UK32-SG,0.01,100,EQ,NSE,NSE
2225409,8693,734UP32-SG,0.01,100,EQ,NSE,NSE
6191361,24185,734WB39-SG,0.01,100,EQ,NSE,NSE
6194433,24197,734WB42-SG,0.01,100,EQ,NSE,NSE
194584321,760095,735AP36-SG,0.01,100,EQ,NSE,NSE
4034305,15759,735AP39-SG,0.01,100,EQ,NSE,NSE
4335361,16935,735AP40-SG,0.01,100,EQ,NSE,NSE
6289153,24567,735AS39-SG,0.01,100,EQ,NSE,NSE
194373377,759271,735BTL27-N0,0.01,1,EQ,NSE,NSE
5673473,22162,735CG30-SG,0.01,100,EQ,NSE,NSE
7491585,29264,735EXIM28-N0,0.01,1,EQ,NSE,NSE
6268417,24486,735HP34-SG,0.01,100,EQ,NSE,NSE
4112385,16064,735HR33-SG,0.01,100,EQ,NSE,NSE
194360577,759221,735HR39-SG,0.01,100,EQ,NSE,NSE
3868673,15112,735IRFC31-NM,0.01,1,EQ,NSE,NSE
2175489,8498,735JH38-SG,0.01,100,EQ,NSE,NSE
194152705,758409,735JK40-SG,0.01,100,EQ,NSE,NSE
6312705,24659,735JK46-SG,0.01,100,EQ,NSE,NSE
6156801,24050,735JK49-SG,0.01,100,EQ,NSE,NSE
6269953,24492,735JK51-SG,0.01,100,EQ,NSE,NSE
2015233,7872,735KA36-SG,0.01,100,EQ,NSE,NSE
614401,2400,735KA39-SG,0.01,100,EQ,NSE,NSE
615425,2404,735KA40-SG,0.01,100,EQ,NSE,NSE
194980609,761643,735MH31-SG,0.01,100,EQ,NSE,NSE
4296961,16785,735MH32-SG,0.01,100,EQ,NSE,NSE
5627393,21982,735MP29-SG,0.01,100,EQ,NSE,NSE
6269185,24489,735MZ37-SG,0.01,100,EQ,NSE,NSE
5128193,20032,735NABAR31-N1,0.01,1,EQ,NSE,NSE
3060225,11954,735NHAI31-N9,0.01,1,EQ,NSE,NSE
7668225,29954,735NHB32-N0,0.01,1,EQ,NSE,NSE
5112833,19972,735PFCL35-N1,0.01,1,EQ,NSE,NSE
5903617,23061,735PGCIL34-N1,0.01,1,EQ,NSE,NSE
5821697,22741,735PY27-SG,0.01,100,EQ,NSE,NSE
5639169,22028,735PY30-SG,0.01,100,EQ,NSE,NSE
2139649,8358,735PY33-SG,0.01,100,EQ,NSE,NSE
6163201,24075,735RECL34-NS,0.01,1,EQ,NSE,NSE
4191745,16374,735RJ43-SG,0.01,100,EQ,NSE,NSE
6313217,24661,735RJ49-SG,0.01,100,EQ,NSE,NSE
193538049,756008,735SFL27-N0,0.01,1,EQ,NSE,NSE
2226945,8699,735SK32-SG,0.01,100,EQ,NSE,NSE
194600705,760159,735SPRL28-N0,0.01,1,EQ,NSE,NSE
194360833,759222,735TCHFL35-N0,0.01,1,EQ,NSE,NSE
4299777,16796,735TN33-SG,0.01,100,EQ,NSE,NSE
4434689,17323,735TN33A-SG,0.01,100,EQ,NSE,NSE
6228993,24332,735TN34-SG,0.01,100,EQ,NSE,NSE
4304385,16814,735TN43-SG,0.01,100,EQ,NSE,NSE
5685249,22208,735TS30-SG,0.01,100,EQ,NSE,NSE
6170113,24102,735TS36-SG,0.01,100,EQ,NSE,NSE
6170625,24104,735TS38-SG,0.01,100,EQ,NSE,NSE
6289409,24568,735TS40-SG,0.01,100,EQ,NSE,NSE
4304641,16815,735TS45-SG,0.01,100,EQ,NSE,NSE
5683713,22202,735UK30-SG,0.01,100,EQ,NSE,NSE
2227713,8702,735UP34-SG,0.01,100,EQ,NSE,NSE
194362881,759230,735UP39-SG,0.01,100,EQ,NSE,NSE
5677313,22177,735WB30-SG,0.01,100,EQ,NSE,NSE
6311425,24654,735WB40-SG,0.01,100,EQ,NSE,NSE
6311681,24655,735WB43-SG,0.01,100,EQ,NSE,NSE
4112897,16066,736AP34-SG,0.01,100,EQ,NSE,NSE
4262145,16649,736AP37-SG,0.01,100,EQ,NSE,NSE
4302849,16808,736AP38-SG,0.01,100,EQ,NSE,NSE
4435201,17325,736AP38A-SG,0.01,100,EQ,NSE,NSE
6230529,24338,736AP41-SG,0.01,100,EQ,NSE,NSE
6231041,24340,736AP45-SG,0.01,100,EQ,NSE,NSE
6231809,24343,736AP48-SG,0.01,100,EQ,NSE,NSE
194587137,760106,736CIFL28-N0,0.01,1,EQ,NSE,NSE
4300033,16797,736GA33-SG,0.01,100,EQ,NSE,NSE
6288385,24564,736GA34-SG,0.01,100,EQ,NSE,NSE
2798337,10931,736GS2052-GS,0.01,1,EQ,NSE,NSE
4189185,16364,736HR33-SG,0.01,100,EQ,NSE,NSE
4301057,16801,736HR33A-SG,0.01,100,EQ,NSE,NSE
6169857,24101,736HR34-SG,0.01,100,EQ,NSE,NSE
6267905,24484,736IOCL29-N0,0.01,1,EQ,NSE,NSE
6451457,25201,736IRED39-N0,0.01,1,EQ,NSE,NSE
4333825,16929,736JK35-SG,0.01,100,EQ,NSE,NSE
6231297,24341,736JK46-SG,0.01,100,EQ,NSE,NSE
5914113,23102,736JK49-SG,0.01,100,EQ,NSE,NSE
5909249,23083,736KA34-SG,0.01,100,EQ,NSE,NSE
2024961,7910,736KA39-SG,0.01,100,EQ,NSE,NSE
6111745,23874,736KL36-SG,0.01,100,EQ,NSE,NSE
4435713,17327,736KL38-SG,0.01,100,EQ,NSE,NSE
4469505,17459,736KL41-SG,0.01,100,EQ,NSE,NSE
5914625,23104,736KL54-SG,0.01,100,EQ,NSE,NSE
3842305,15009,736MH28-SG,0.01,100,EQ,NSE,NSE
4169985,16289,736ML32-SG,0.01,100,EQ,NSE,NSE
4154625,16229,736MP33-SG,0.01,100,EQ,NSE,NSE
4335105,16934,736MZ38-SG,0.01,100,EQ,NSE,NSE
4435457,17326,736MZ38A-SG,0.01,100,EQ,NSE,NSE
6191617,24186,736MZ39-SG,0.01,100,EQ,NSE,NSE
6357505,24834,736NBFID44-N0,0.01,1,EQ,NSE,NSE
5113345,19974,736PFCL28-N2,0.01,1,EQ,NSE,NSE
4184577,16346,736RJ33-SG,0.01,100,EQ,NSE,NSE
6288641,24565,736RJ34-SG,0.01,100,EQ,NSE,NSE
6112513,23877,736RJ37-SG,0.01,100,EQ,NSE,NSE
4469761,17460,736RJ41-SG,0.01,100,EQ,NSE,NSE
6252289,24423,736RJ46-SG,0.01,100,EQ,NSE,NSE
6260481,24455,736SBI39-N0,0.01,1,EQ,NSE,NSE
6216193,24282,736SBOI39-N0,0.01,1,EQ,NSE,NSE
4470529,17463,736TN43-SG,0.01,100,EQ,NSE,NSE
5914881,23105,736TN54-SG,0.01,100,EQ,NSE,NSE
2227969,8703,736TS36-SG,0.01,100,EQ,NSE,NSE
6230273,24337,736TS37-SG,0.01,100,EQ,NSE,NSE
4303105,16809,736TS41-SG,0.01,100,EQ,NSE,NSE
5914369,23103,736TS50-SG,0.01,100,EQ,NSE,NSE
194584577,760096,736UP36-SG,0.01,100,EQ,NSE,NSE
2227457,8701,736WB32-SG,0.01,100,EQ,NSE,NSE
6289665,24569,736WB40-SG,0.01,100,EQ,NSE,NSE
4470017,17461,736WB41-SG,0.01,100,EQ,NSE,NSE
4193025,16379,736WB43-SG,0.01,100,EQ,NSE,NSE
4170241,16290,737AP33-SG,0.01,100,EQ,NSE,NSE
6228481,24330,737AP33A-SG,0.01,100,EQ,NSE,NSE
194628097,760266,737AP34-SG,0.01,100,EQ,NSE,NSE
6229761,24335,737AP36-SG,0.01,100,EQ,NSE,NSE
2079233,8122,737AP38-SG,0.01,100,EQ,NSE,NSE
2079489,8123,737AP42-SG,0.01,100,EQ,NSE,NSE
3987969,15578,737AP43-SG,0.01,100,EQ,NSE,NSE
4032001,15750,737AS33-SG,0.01,100,EQ,NSE,NSE
6110977,23871,737AS34-SG,0.01,100,EQ,NSE,NSE
4434433,17322,737BR30-SG,0.01,100,EQ,NSE,NSE
195179777,762421,737CG31-SG,0.01,100,EQ,NSE,NSE
194646529,760338,737CG33-SG,0.01,100,EQ,NSE,NSE
194385921,759320,737GA36-SG,0.01,100,EQ,NSE,NSE
5564161,21735,737GR2054-GS,0.01,1,EQ,NSE,NSE
5008897,19566,737GS2028-GS,0.01,1,EQ,NSE,NSE
6969857,27226,737IREDA31-N0,0.01,1,EQ,NSE,NSE
6316033,24672,737IRFC29-N0,0.01,1,EQ,NSE,NSE
5682433,22197,737JH31-SG,0.01,100,EQ,NSE,NSE
4113665,16069,737JK35-SG,0.01,100,EQ,NSE,NSE
4262401,16650,737JK38-SG,0.01,100,EQ,NSE,NSE
194537729,759913,737KA34-SG,0.01,100,EQ,NSE,NSE
5911297,23091,737KA37-SG,0.01,100,EQ,NSE,NSE
2024449,7908,737KA38-SG,0.01,100,EQ,NSE,NSE
5911553,23092,737KA38A-SG,0.01,100,EQ,NSE,NSE
6112769,23878,737MZ39-SG,0.01,100,EQ,NSE,NSE
192439041,751715,737NBFID29-N0,0.01,1,EQ,NSE,NSE
7666433,29947,737NBRD35-N0,0.01,1,EQ,NSE,NSE
4156161,16235,737NL33-SG,0.01,100,EQ,NSE,NSE
4301313,16802,737NL33A-SG,0.01,100,EQ,NSE,NSE
2750465,10744,737NTPC35C-NA,0.01,1,EQ,NSE,NSE
6112001,23875,737PN36-SG,0.01,100,EQ,NSE,NSE
4189953,16367,737PN38-SG,0.01,100,EQ,NSE,NSE
2231809,8718,737PN42-SG,0.01,100,EQ,NSE,NSE
195515905,763734,737RJ30-SG,0.01,100,EQ,NSE,NSE
2195969,8578,737RJ34-SG,0.01,100,EQ,NSE,NSE
5908993,23082,737RJ34A-SG,0.01,100,EQ,NSE,NSE
6111233,23872,737RJ34B-SG,0.01,100,EQ,NSE,NSE
6113025,23879,737RJ39-SG,0.01,100,EQ,NSE,NSE
5913857,23101,737RJ45-SG,0.01,100,EQ,NSE,NSE
4157185,16239,737SK33-SG,0.01,100,EQ,NSE,NSE
2078977,8121,737TS36-SG,0.01,100,EQ,NSE,NSE
5912577,23096,737TS41-SG,0.01,100,EQ,NSE,NSE
6230785,24339,737TS42-SG,0.01,100,EQ,NSE,NSE
6113281,23880,737WB40-SG,0.01,100,EQ,NSE,NSE
193829889,757148,738ABCL28-N0,0.01,1,EQ,NSE,NSE
4158465,16244,738AP35-SG,0.01,100,EQ,NSE,NSE
3986433,15572,738AP40-SG,0.01,100,EQ,NSE,NSE
6097409,23818,738AP44-SG,0.01,100,EQ,NSE,NSE
6144513,24002,738AP49-SG,0.01,100,EQ,NSE,NSE
5907969,23078,738CG32-SG,0.01,100,EQ,NSE,NSE
5908481,23080,738CG34-SG,0.01,100,EQ,NSE,NSE
193879809,757343,738CIFL27-N0,0.01,1,EQ,NSE,NSE
4434945,17324,738GA33-SG,0.01,100,EQ,NSE,NSE
3906561,15260,738GJ30-SG,0.01,100,EQ,NSE,NSE
4345089,16973,738GJ30A-SG,0.01,100,EQ,NSE,NSE
194931969,761453,738GJ35-SG,0.01,100,EQ,NSE,NSE
195621377,764146,738GJ35A-SG,0.01,100,EQ,NSE,NSE
2537729,9913,738GS2027-GS,0.01,1,EQ,NSE,NSE
195009537,761756,738HR31-SG,0.01,100,EQ,NSE,NSE
6158337,24056,738HR34-SG,0.01,100,EQ,NSE,NSE
5910273,23087,738HR35-SG,0.01,100,EQ,NSE,NSE
194363393,759232,738HR41-SG,0.01,100,EQ,NSE,NSE
6251777,24421,738JK49-SG,0.01,100,EQ,NSE,NSE
6095873,23812,738JK51-SG,0.01,100,EQ,NSE,NSE
194537985,759914,738KA34-SG,0.01,100,EQ,NSE,NSE
194785537,760881,738KA34A-SG,0.01,100,EQ,NSE,NSE
5913345,23099,738KL44-SG,0.01,100,EQ,NSE,NSE
6144769,24003,738KL55-SG,0.01,100,EQ,NSE,NSE
194956801,761550,738NL31-SG,0.01,100,EQ,NSE,NSE
7608577,29721,738PFC32-N0,0.01,1,EQ,NSE,NSE
6287361,24560,738PGCIL34-N0,0.01,1,EQ,NSE,NSE
6228737,24331,738PN33-SG,0.01,100,EQ,NSE,NSE
6229249,24333,738PN34-SG,0.01,100,EQ,NSE,NSE
5911809,23093,738PY38-SG,0.01,100,EQ,NSE,NSE
6156289,24048,738PY38A-SG,0.01,100,EQ,NSE,NSE
7452417,29111,738REC27TF-N2,0.01,1,EQ,NSE,NSE
8173313,31927,738RECL29-N0,0.01,1,EQ,NSE,NSE
6169089,24098,738RJ33-SG,0.01,100,EQ,NSE,NSE
194235905,758734,738TFSIL28-N0,0.01,1,EQ,NSE,NSE
6110721,23870,738TN33-SG,0.01,100,EQ,NSE,NSE
6111489,23873,738TN34-SG,0.01,100,EQ,NSE,NSE
5888001,23000,738TN54-SG,0.01,100,EQ,NSE,NSE
5884929,22988,738TS43-SG,0.01,100,EQ,NSE,NSE
5887745,22999,738TS49-SG,0.01,100,EQ,NSE,NSE
5910017,23086,738UP34-SG,0.01,100,EQ,NSE,NSE
5910785,23089,738UP36-SG,0.01,100,EQ,NSE,NSE
5786625,22604,739AP29-SG,0.01,100,EQ,NSE,NSE
5995777,23421,739AP30-SG,0.01,100,EQ,NSE,NSE
3974657,15526,739AP33-SG,0.01,100,EQ,NSE,NSE
4302337,16806,739AP35-SG,0.01,100,EQ,NSE,NSE
5912321,23095,739BR39-SG,0.01,100,EQ,NSE,NSE
5908225,23079,739CG33-SG,0.01,100,EQ,NSE,NSE
194351105,759184,739GA35-SG,0.01,100,EQ,NSE,NSE
192952321,753720,739GJ34-SG,0.01,100,EQ,NSE,NSE
5908737,23081,739HP34-SG,0.01,100,EQ,NSE,NSE
3905537,15256,739HR29-SG,0.01,100,EQ,NSE,NSE
3968001,15500,739HR31-SG,0.01,100,EQ,NSE,NSE
6292481,24580,739IREDA39-N0,0.01,1,EQ,NSE,NSE
6265345,24474,739IRFC34-N0,0.01,1,EQ,NSE,NSE
2174977,8496,739JK37-SG,0.01,100,EQ,NSE,NSE
194403329,759388,739JK37A-SG,0.01,100,EQ,NSE,NSE
5909761,23085,739KL34-SG,0.01,100,EQ,NSE,NSE
4351489,16998,739KL52-SG,0.01,100,EQ,NSE,NSE
3145985,12289,739ML26-SG,0.01,100,EQ,NSE,NSE
6229505,24334,739ML34-SG,0.01,100,EQ,NSE,NSE
4160001,16250,739MN35-SG,0.01,100,EQ,NSE,NSE
6230017,24336,739MN36-SG,0.01,100,EQ,NSE,NSE
195646721,764245,739MP34-SG,0.01,100,EQ,NSE,NSE
3717633,14522,739NHAI31A-ND,0.01,1,EQ,NSE,NSE
6169345,24099,739PN33-SG,0.01,100,EQ,NSE,NSE
4350721,16995,739RJ48-SG,0.01,100,EQ,NSE,NSE
7748353,30267,739SIDBI30-N0,0.01,1,EQ,NSE,NSE
6157825,24054,739TN32-SG,0.01,100,EQ,NSE,NSE
3968769,15503,739TN33-SG,0.01,100,EQ,NSE,NSE
4333569,16928,739TN33A-SG,0.01,100,EQ,NSE,NSE
4468225,17454,739TN33B-SG,0.01,100,EQ,NSE,NSE
194718209,760618,739TN34-SG,0.01,100,EQ,NSE,NSE
195621121,764145,739TN34A-SG,0.01,100,EQ,NSE,NSE
2232065,8719,739TN42-SG,0.01,100,EQ,NSE,NSE
2176513,8502,739TN52-SG,0.01,100,EQ,NSE,NSE
4352769,17003,739TN53-SG,0.01,100,EQ,NSE,NSE
194593537,760131,739TPL28-N0,0.01,1,EQ,NSE,NSE
4262913,16652,739TS39-SG,0.01,100,EQ,NSE,NSE
4351233,16997,739TS51-SG,0.01,100,EQ,NSE,NSE
5683969,22203,739TS59-SG,0.01,100,EQ,NSE,NSE
6157057,24051,739UK30-SG,0.01,100,EQ,NSE,NSE
2228481,8705,739UP37-SG,0.01,100,EQ,NSE,NSE
5913089,23098,739WB42-SG,0.01,100,EQ,NSE,NSE
5913601,23100,739WB44-SG,0.01,100,EQ,NSE,NSE
194456065,759594,73AP37-SG,0.01,100,EQ,NSE,NSE
4114177,16071,73AP38-SG,0.01,100,EQ,NSE,NSE
6339841,24765,73AS39-SG,0.01,100,EQ,NSE,NSE
6393601,24975,73BOB34-N0,0.01,1,EQ,NSE,NSE
4317441,16865,73GS2053-GS,0.01,1,EQ,NSE,NSE
5389057,21051,73HP30-SG,0.01,100,EQ,NSE,NSE
195593217,764036,73JH33-SG,0.01,100,EQ,NSE,NSE
195593473,764037,73KL33-SG,0.01,100,EQ,NSE,NSE
7685121,30020,73OR39-SG,0.01,100,EQ,NSE,NSE
5559553,21717,73PN34-SG,0.01,100,EQ,NSE,NSE
5648897,22066,73RJ30-SG,0.01,100,EQ,NSE,NSE
194257665,758819,73RJ51-SG,0.01,100,EQ,NSE,NSE
194518529,759838,73TACA30-N0,0.01,1,EQ,NSE,NSE
194660609,760393,73TFSIL29-N0,0.01,1,EQ,NSE,NSE
2223361,8685,73TN32-SG,0.01,100,EQ,NSE,NSE
194400769,759378,73TS51-SG,0.01,100,EQ,NSE,NSE
194385665,759319,73UK32-SG,0.01,100,EQ,NSE,NSE
5655297,22091,73UP30-SG,0.01,100,EQ,NSE,NSE
7685633,30022,73WB39-SG,0.01,100,EQ,NSE,NSE
194540033,759922,740BTL29-N0,0.01,1,EQ,NSE,NSE
5900801,23050,740EXIM29-N1,0.01,1,EQ,NSE,NSE
5133313,20052,740IIFCL33-N1,0.01,1,EQ,NSE,NSE
7665153,29942,740IREDA36-N0,0.01,1,EQ,NSE,NSE
193799425,757029,740SIHF28-N0,0.01,1,EQ,NSE,NSE
3907073,15262,741AP30-SG,0.01,100,EQ,NSE,NSE
6082305,23759,741AP47-SG,0.01,100,EQ,NSE,NSE
5909505,23084,741AR34-SG,0.01,100,EQ,NSE,NSE
6983169,27278,741BOI34-N0,0.01,1,EQ,NSE,NSE
4468481,17455,741GA33-SG,0.01,100,EQ,NSE,NSE
2966529,11588,741GJ26-SG,0.01,100,EQ,NSE,NSE
194899457,761326,741GJ37-SG,0.01,100,EQ,NSE,NSE
3377665,13194,741GS2036-GS,0.01,1,EQ,NSE,NSE
5911041,23090,741HP36-SG,0.01,100,EQ,NSE,NSE
194564865,760019,741HR40-SG,0.01,100,EQ,NSE,NSE
194429697,759491,741JK42-SG,0.01,100,EQ,NSE,NSE
6082561,23760,741JK49-SG,0.01,100,EQ,NSE,NSE
4783873,18687,741JK53-SG,0.01,100,EQ,NSE,NSE
5886977,22996,741KA36-SG,0.01,100,EQ,NSE,NSE
4469249,17458,741MN35-SG,0.01,100,EQ,NSE,NSE
194681345,760474,741NIIF31-N0,0.01,1,EQ,NSE,NSE
4301825,16804,741PN34-SG,0.01,100,EQ,NSE,NSE
6158593,24057,741PN34A-SG,0.01,100,EQ,NSE,NSE
2176257,8501,741PN42-SG,0.01,100,EQ,NSE,NSE
4468737,17456,741RJ33-SG,0.01,100,EQ,NSE,NSE
6096385,23814,741RJ34-SG,0.01,100,EQ,NSE,NSE
4693761,18335,741RJ39-SG,0.01,100,EQ,NSE,NSE
194351361,759185,741SK35-SG,0.01,100,EQ,NSE,NSE
194898433,761322,741TN36-SG,0.01,100,EQ,NSE,NSE
4301569,16803,741UP34-SG,0.01,100,EQ,NSE,NSE
4693505,18334,741WB39-SG,0.01,100,EQ,NSE,NSE
4783617,18686,741WB42-SG,0.01,100,EQ,NSE,NSE
193898753,757417,74242ABC30-N0,0.01,1,EQ,NSE,NSE
194340865,759144,7425NIIF30-N0,0.01,1,EQ,NSE,NSE
4348929,16988,742AP41-SG,0.01,100,EQ,NSE,NSE
4350209,16993,742AP43-SG,0.01,100,EQ,NSE,NSE
6062081,23680,742AP43A-SG,0.01,100,EQ,NSE,NSE
6062337,23681,742AP44-SG,0.01,100,EQ,NSE,NSE
6081793,23757,742AP45-SG,0.01,100,EQ,NSE,NSE
6082049,23758,742AP46-SG,0.01,100,EQ,NSE,NSE
5885697,22991,742AS34-SG,0.01,100,EQ,NSE,NSE
194624769,760253,742BR31-SG,0.01,100,EQ,NSE,NSE
195591937,764031,742BR35-SG,0.01,100,EQ,NSE,NSE
4345857,16976,742CG31-SG,0.01,100,EQ,NSE,NSE
5787649,22608,742GJ31-SG,0.01,100,EQ,NSE,NSE
5810433,22697,742GJ33-SG,0.01,100,EQ,NSE,NSE
4712705,18409,742HP38-SG,0.01,100,EQ,NSE,NSE
194957313,761552,742HR32-SG,0.01,100,EQ,NSE,NSE
6096641,23815,742HR34-SG,0.01,100,EQ,NSE,NSE
5886465,22994,742HR35-SG,0.01,100,EQ,NSE,NSE
5975553,23342,742KA32-SG,0.01,100,EQ,NSE,NSE
5886209,22993,742KA35-SG,0.01,100,EQ,NSE,NSE
194690305,760509,742KA35A-SG,0.01,100,EQ,NSE,NSE
5857281,22880,742KA39-SG,0.01,100,EQ,NSE,NSE
2196225,8579,742KL34-SG,0.01,100,EQ,NSE,NSE
4417793,17257,742KL43-SG,0.01,100,EQ,NSE,NSE
6231553,24342,742KL46-SG,0.01,100,EQ,NSE,NSE
5943297,23216,742KL49-SG,0.01,100,EQ,NSE,NSE
5943809,23218,742KL64-SG,0.01,100,EQ,NSE,NSE
6026241,23540,742MH34-SG,0.01,100,EQ,NSE,NSE
6026497,23541,742MH37-SG,0.01,100,EQ,NSE,NSE
4346113,16977,742ML32-SG,0.01,100,EQ,NSE,NSE
5855233,22872,742MP44-SG,0.01,100,EQ,NSE,NSE
5857537,22881,742MP45-SG,0.01,100,EQ,NSE,NSE
5857793,22882,742MP46-SG,0.01,100,EQ,NSE,NSE
7608065,29719,742PFC28-N0,0.01,1,EQ,NSE,NSE
6096129,23813,742RJ32-SG,0.01,100,EQ,NSE,NSE
5854465,22869,742RJ39-SG,0.01,100,EQ,NSE,NSE
7577601,29600,742SIDBI29-N0,0.01,1,EQ,NSE,NSE
4408577,17221,742TN33-SG,0.01,100,EQ,NSE,NSE
5853697,22866,742TN34-SG,0.01,100,EQ,NSE,NSE
5996289,23423,742TN34A-SG,0.01,100,EQ,NSE,NSE
194628353,760267,742TN35-SG,0.01,100,EQ,NSE,NSE
4349953,16992,742TN43-SG,0.01,100,EQ,NSE,NSE
5941761,23210,742TS41-SG,0.01,100,EQ,NSE,NSE
6062849,23683,742TS48-SG,0.01,100,EQ,NSE,NSE
194311681,759030,742WB36-SG,0.01,100,EQ,NSE,NSE
193971713,757702,74342PHF30-N0,0.01,1,EQ,NSE,NSE
3907585,15264,743AP31-SG,0.01,100,EQ,NSE,NSE
4468993,17457,743AP35-SG,0.01,100,EQ,NSE,NSE
4348673,16987,743AP39-SG,0.01,100,EQ,NSE,NSE
4416001,17250,743AP41-SG,0.01,100,EQ,NSE,NSE
4416257,17251,743AP42-SG,0.01,100,EQ,NSE,NSE
6061825,23679,743AP42A-SG,0.01,100,EQ,NSE,NSE
6146561,24010,743AP42B-SG,0.01,100,EQ,NSE,NSE
6147073,24012,743AP44-SG,0.01,100,EQ,NSE,NSE
6144257,24001,743AP46-SG,0.01,100,EQ,NSE,NSE
5854721,22870,743BR39-SG,0.01,100,EQ,NSE,NSE
194152961,758410,743BR55-SG,0.01,100,EQ,NSE,NSE
5809665,22694,743CG29-SG,0.01,100,EQ,NSE,NSE
5410049,21133,743GJ27-SG,0.01,100,EQ,NSE,NSE
5809409,22693,743GJ31-SG,0.01,100,EQ,NSE,NSE
193436673,755612,743GJ35-SG,0.01,100,EQ,NSE,NSE
194726145,760649,743GS2076-GS,0.01,1,EQ,NSE,NSE
2703105,10559,743HP28-SG,0.01,100,EQ,NSE,NSE
6145281,24005,743HR34-SG,0.01,100,EQ,NSE,NSE
194352129,759188,743HR39-SG,0.01,100,EQ,NSE,NSE
194386689,759323,743HR39A-SG,0.01,100,EQ,NSE,NSE
2141185,8364,743HR41-SG,0.01,100,EQ,NSE,NSE
6147329,24013,743JK46-SG,0.01,100,EQ,NSE,NSE
4569601,17850,743JK53-SG,0.01,100,EQ,NSE,NSE
4740865,18519,743JK53A-SG,0.01,100,EQ,NSE,NSE
5856513,22877,743MH35-SG,0.01,100,EQ,NSE,NSE
5856769,22878,743MH36-SG,0.01,100,EQ,NSE,NSE
5997825,23429,743MH39-SG,0.01,100,EQ,NSE,NSE
194578433,760072,743MH40-SG,0.01,100,EQ,NSE,NSE
6096897,23816,743MN36-SG,0.01,100,EQ,NSE,NSE
194311937,759031,743MP43-SG,0.01,100,EQ,NSE,NSE
4162817,16261,743MZ36-SG,0.01,100,EQ,NSE,NSE
4164609,16268,743MZ37-SG,0.01,100,EQ,NSE,NSE
6237185,24364,743NBFID34-N0,0.01,1,EQ,NSE,NSE
193937665,757569,743NIIF30-N0,0.01,1,EQ,NSE,NSE
194352385,759189,743OR40-SG,0.01,100,EQ,NSE,NSE
194544385,759939,743PHFL28-N0,0.01,1,EQ,NSE,NSE
4381185,17114,743PN48-SG,0.01,100,EQ,NSE,NSE
4567297,17841,743PN48A-SG,0.01,100,EQ,NSE,NSE
5101057,19926,743REC35-NH,0.01,1,EQ,NSE,NSE
195400449,763283,743RJ31-SG,0.01,100,EQ,NSE,NSE
6143233,23997,743RJ34-SG,0.01,100,EQ,NSE,NSE
5855489,22873,743RJ44-SG,0.01,100,EQ,NSE,NSE
4380929,17113,743RJ48-SG,0.01,100,EQ,NSE,NSE
4842497,18916,743RJ49-SG,0.01,100,EQ,NSE,NSE
6145025,24004,743TN32-SG,0.01,100,EQ,NSE,NSE
4711425,18404,743TN33-SG,0.01,100,EQ,NSE,NSE
5971457,23326,743TN34-SG,0.01,100,EQ,NSE,NSE
6060545,23674,743TN34A-SG,0.01,100,EQ,NSE,NSE
194538497,759916,743TN36-SG,0.01,100,EQ,NSE,NSE
4523521,17670,743TN43-SG,0.01,100,EQ,NSE,NSE
2198273,8587,743TN47-SG,0.01,100,EQ,NSE,NSE
4523777,17671,743TN53-SG,0.01,100,EQ,NSE,NSE
4844033,18922,743TN53A-SG,0.01,100,EQ,NSE,NSE
3907841,15265,743TS33-SG,0.01,100,EQ,NSE,NSE
4567041,17840,743TS41-SG,0.01,100,EQ,NSE,NSE
6061569,23678,743TS41A-SG,0.01,100,EQ,NSE,NSE
6146817,24011,743TS43-SG,0.01,100,EQ,NSE,NSE
4381441,17115,743TS50-SG,0.01,100,EQ,NSE,NSE
5686017,22211,743TS54-SG,0.01,100,EQ,NSE,NSE
4710401,18400,744AP33-SG,0.01,100,EQ,NSE,NSE
194628609,760268,744AP35-SG,0.01,100,EQ,NSE,NSE
4782337,18681,744AP36-SG,0.01,100,EQ,NSE,NSE
5811457,22701,744AP39-SG,0.01,100,EQ,NSE,NSE
5825025,22754,744AP39A-SG,0.01,100,EQ,NSE,NSE
4713217,18411,744AP40-SG,0.01,100,EQ,NSE,NSE
2232577,8721,744AP42-SG,0.01,100,EQ,NSE,NSE
4523265,17669,744AP43-SG,0.01,100,EQ,NSE,NSE
194493697,759741,744BR40-SG,0.01,100,EQ,NSE,NSE
5821953,22742,744CG29-SG,0.01,100,EQ,NSE,NSE
5809153,22692,744CG30-SG,0.01,100,EQ,NSE,NSE
4691713,18327,744GA33-SG,0.01,100,EQ,NSE,NSE
194957569,761553,744GJ33-SG,0.01,100,EQ,NSE,NSE
6143745,23999,744HP34-SG,0.01,100,EQ,NSE,NSE
3240193,12657,744HR27-SG,0.01,100,EQ,NSE,NSE
4408321,17220,744HR32-SG,0.01,100,EQ,NSE,NSE
4690689,18323,744HR33-SG,0.01,100,EQ,NSE,NSE
4712193,18407,744HR35-SG,0.01,100,EQ,NSE,NSE
5857025,22879,744HR36-SG,0.01,100,EQ,NSE,NSE
194387201,759325,744HR41-SG,0.01,100,EQ,NSE,NSE
6189825,24179,744IREDA34-N0,0.01,1,EQ,NSE,NSE
6160641,24065,744IRF34-N0,0.01,1,EQ,NSE,NSE
5859073,22887,744IRFC34-NR,0.01,1,EQ,NSE,NSE
194352897,759191,744JH41-SG,0.01,100,EQ,NSE,NSE
4409089,17223,744JK38-SG,0.01,100,EQ,NSE,NSE
4524033,17672,744JK53-SG,0.01,100,EQ,NSE,NSE
5976065,23344,744KA33-SG,0.01,100,EQ,NSE,NSE
5854209,22868,744KA34-SG,0.01,100,EQ,NSE,NSE
2078721,8120,744KA35-SG,0.01,100,EQ,NSE,NSE
194538753,759917,744KA36-SG,0.01,100,EQ,NSE,NSE
194899201,761325,744KA36A-SG,0.01,100,EQ,NSE,NSE
194313473,759037,744KL50-SG,0.01,100,EQ,NSE,NSE
194776065,760844,744MH34-SG,0.01,100,EQ,NSE,NSE
5998081,23430,744MH41-SG,0.01,100,EQ,NSE,NSE
5998593,23432,744MH42-SG,0.01,100,EQ,NSE,NSE
6014977,23496,744MH42A-SG,0.01,100,EQ,NSE,NSE
4381697,17116,744ML31-SG,0.01,100,EQ,NSE,NSE
194583809,760093,744ML35-SG,0.01,100,EQ,NSE,NSE
4711937,18406,744MN35-SG,0.01,100,EQ,NSE,NSE
194792449,760908,744MP34-SG,0.01,100,EQ,NSE,NSE
4787969,18703,744MP35-SG,0.01,100,EQ,NSE,NSE
194932993,761457,744MP35A-SG,0.01,100,EQ,NSE,NSE
194577921,760070,744MP38-SG,0.01,100,EQ,NSE,NSE
5825537,22756,744MP40-SG,0.01,100,EQ,NSE,NSE
194312449,759033,744MP46-SG,0.01,100,EQ,NSE,NSE
6512897,25441,744NBRD28-N0,0.01,1,EQ,NSE,NSE
194924801,761425,744NBRD29-N0,0.01,1,EQ,NSE,NSE
7672065,29969,744PFCL30-N0,0.01,1,EQ,NSE,NSE
6123521,23920,744PFCL34-NB,0.01,1,EQ,NSE,NSE
4383233,17122,744RJ33-SG,0.01,100,EQ,NSE,NSE
4690433,18322,744RJ33A-SG,0.01,100,EQ,NSE,NSE
194536705,759909,744RJ33B-SG,0.01,100,EQ,NSE,NSE
5853953,22867,744RJ34-SG,0.01,100,EQ,NSE,NSE
5976577,23346,744RJ34A-SG,0.01,100,EQ,NSE,NSE
4712449,18408,744RJ36-SG,0.01,100,EQ,NSE,NSE
7730177,30196,744RL28-N0,0.01,1,EQ,NSE,NSE
6627841,25890,744SIDBI28-N0,0.01,1,EQ,NSE,NSE
3919361,15310,744TN33-SG,0.01,100,EQ,NSE,NSE
4382465,17119,744TN33A-SG,0.01,100,EQ,NSE,NSE
4565761,17835,744TN33B-SG,0.01,100,EQ,NSE,NSE
5823233,22747,744TN34-SG,0.01,100,EQ,NSE,NSE
5937409,23193,744TN34A-SG,0.01,100,EQ,NSE,NSE
6143489,23998,744TN34B-SG,0.01,100,EQ,NSE,NSE
5942529,23213,744TN44-SG,0.01,100,EQ,NSE,NSE
194196993,758582,744TN55-SG,0.01,100,EQ,NSE,NSE
194390273,759337,744TN55A-SG,0.01,100,EQ,NSE,NSE
194566913,760027,744TN55B-SG,0.01,100,EQ,NSE,NSE
5936385,23189,744TS30-SG,0.01,100,EQ,NSE,NSE
5997313,23427,744TS36-SG,0.01,100,EQ,NSE,NSE
4409345,17224,744TS39-SG,0.01,100,EQ,NSE,NSE
4712961,18410,744TS39A-SG,0.01,100,EQ,NSE,NSE
6142977,23996,744TS40-SG,0.01,100,EQ,NSE,NSE
6081537,23756,744TS41-SG,0.01,100,EQ,NSE,NSE
4745729,18538,744TS45-SG,0.01,100,EQ,NSE,NSE
5812737,22706,744TS46-SG,0.01,100,EQ,NSE,NSE
194312705,759034,744TS47-SG,0.01,100,EQ,NSE,NSE
194312961,759035,744TS48-SG,0.01,100,EQ,NSE,NSE
194313217,759036,744TS49-SG,0.01,100,EQ,NSE,NSE
6015233,23497,744TS51-SG,0.01,100,EQ,NSE,NSE
194313985,759039,744TS51A-SG,0.01,100,EQ,NSE,NSE
6015489,23498,744TS53-SG,0.01,100,EQ,NSE,NSE
194390529,759338,744TS56-SG,0.01,100,EQ,NSE,NSE
194494977,759746,744TS56A-SG,0.01,100,EQ,NSE,NSE
194385409,759318,744TS58-SG,0.01,100,EQ,NSE,NSE
5854977,22871,744WB41-SG,0.01,100,EQ,NSE,NSE
4864001,19000,744WB42-SG,0.01,100,EQ,NSE,NSE
5855745,22874,744WB44-SG,0.01,100,EQ,NSE,NSE
6436609,25143,745ABL34-N0,0.01,1,EQ,NSE,NSE
4516609,17643,745AP33-SG,0.01,100,EQ,NSE,NSE
6081025,23754,745AP33A-SG,0.01,100,EQ,NSE,NSE
4692993,18332,745AP34-SG,0.01,100,EQ,NSE,NSE
2392321,9345,745AP37-SG,0.01,100,EQ,NSE,NSE
5811201,22700,745AP38-SG,0.01,100,EQ,NSE,NSE
2806273,10962,745AP40-SG,0.01,100,EQ,NSE,NSE
4523009,17668,745AP40A-SG,0.01,100,EQ,NSE,NSE
6081281,23755,745AP40B-SG,0.01,100,EQ,NSE,NSE
2806529,10963,745AP42-SG,0.01,100,EQ,NSE,NSE
5809921,22695,745AS31-SG,0.01,100,EQ,NSE,NSE
4381953,17117,745AS33-SG,0.01,100,EQ,NSE,NSE
4516353,17642,745AS33A-SG,0.01,100,EQ,NSE,NSE
4689921,18320,745BR31-SG,0.01,100,EQ,NSE,NSE
2804737,10956,745BR32-SG,0.01,100,EQ,NSE,NSE
194264833,758847,745BR34-SG,0.01,100,EQ,NSE,NSE
194312193,759032,745BR45-SG,0.01,100,EQ,NSE,NSE
194313729,759038,745BR50-SG,0.01,100,EQ,NSE,NSE
194373889,759273,745BTL28-N0,0.01,1,EQ,NSE,NSE
5853185,22864,745CG33-SG,0.01,100,EQ,NSE,NSE
194914561,761385,745DL36-SG,0.01,100,EQ,NSE,NSE
5801217,22661,745EXIM28-N0,0.01,1,EQ,NSE,NSE
5190913,20277,745GJ30-SG,0.01,100,EQ,NSE,NSE
4848129,18938,745GJ31-SG,0.01,100,EQ,NSE,NSE
194958081,761555,745GJ34-SG,0.01,100,EQ,NSE,NSE
4382209,17118,745HP33-SG,0.01,100,EQ,NSE,NSE
194523905,759859,745HP40-SG,0.01,100,EQ,NSE,NSE
5996545,23424,745HP44-SG,0.01,100,EQ,NSE,NSE
2804481,10955,745HR32-SG,0.01,100,EQ,NSE,NSE
4785665,18694,745HR33-SG,0.01,100,EQ,NSE,NSE
4693249,18333,745HR35-SG,0.01,100,EQ,NSE,NSE
4782081,18680,745HR35A-SG,0.01,100,EQ,NSE,NSE
5939713,23202,745HR35B-SG,0.01,100,EQ,NSE,NSE
194353153,759192,745HR42-SG,0.01,100,EQ,NSE,NSE
194561281,760005,745ISL28-N0,0.01,1,EQ,NSE,NSE
4634881,18105,745JK53-SG,0.01,100,EQ,NSE,NSE
5826561,22760,745JK54-SG,0.01,100,EQ,NSE,NSE
5939457,23201,745KA35-SG,0.01,100,EQ,NSE,NSE
5940481,23205,745KA37-SG,0.01,100,EQ,NSE,NSE
5825793,22757,745KA40-SG,0.01,100,EQ,NSE,NSE
4863745,18999,745KL39-SG,0.01,100,EQ,NSE,NSE
4519169,17653,745KL40-SG,0.01,100,EQ,NSE,NSE
194566401,760025,745KL50-SG,0.01,100,EQ,NSE,NSE
5940737,23206,745MH37-SG,0.01,100,EQ,NSE,NSE
5941249,23208,745MH38-SG,0.01,100,EQ,NSE,NSE
6025217,23536,745MH38A-SG,0.01,100,EQ,NSE,NSE
5978625,23354,745MH39-SG,0.01,100,EQ,NSE,NSE
6025473,23537,745MH39A-SG,0.01,100,EQ,NSE,NSE
6014721,23495,745MH41-SG,0.01,100,EQ,NSE,NSE
6145537,24006,745ML34-SG,0.01,100,EQ,NSE,NSE
194898689,761323,745MP36-SG,0.01,100,EQ,NSE,NSE
194493953,759742,745MP41-SG,0.01,100,EQ,NSE,NSE
4841473,18912,745MP44-SG,0.01,100,EQ,NSE,NSE
5826049,22758,745MP44A-SG,0.01,100,EQ,NSE,NSE
194494465,759744,745MP44B-SG,0.01,100,EQ,NSE,NSE
5826305,22759,745MP45-SG,0.01,100,EQ,NSE,NSE
194813185,760989,745NBFID36-N0,0.01,1,EQ,NSE,NSE
6144001,24000,745NL34-SG,0.01,100,EQ,NSE,NSE
7716865,30144,745PFCL28-N0,0.01,1,EQ,NSE,NSE
4347137,16981,745PN34-SG,0.01,100,EQ,NSE,NSE
4711681,18405,745PN34A-SG,0.01,100,EQ,NSE,NSE
6272513,24502,745RECL35-N0,0.01,1,EQ,NSE,NSE
5641217,22036,745RJ30-SG,0.01,100,EQ,NSE,NSE
3919105,15309,745RJ33-SG,0.01,100,EQ,NSE,NSE
6146305,24009,745RJ40-SG,0.01,100,EQ,NSE,NSE
4841217,18911,745RJ44-SG,0.01,100,EQ,NSE,NSE
6024193,23532,745RL34-NN,0.01,1,EQ,NSE,NSE
194764033,760797,745SDIP36-N0,0.01,1,EQ,NSE,NSE
194926081,761430,745SFL29-N0,0.01,1,EQ,NSE,NSE
194291201,758950,745SICCL30-N0,0.01,1,EQ,NSE,NSE
2807297,10966,745SK32-SG,0.01,100,EQ,NSE,NSE
194007553,757842,745TIL35-N0,0.01,1,EQ,NSE,NSE
4380673,17112,745TN43-SG,0.01,100,EQ,NSE,NSE
194659329,760388,745TN55-SG,0.01,100,EQ,NSE,NSE
194725121,760645,745TOPL28-N0,0.01,1,EQ,NSE,NSE
2790913,10902,745TS30-SG,0.01,100,EQ,NSE,NSE
4515073,17637,745TS30A-SG,0.01,100,EQ,NSE,NSE
4522753,17667,745TS40-SG,0.01,100,EQ,NSE,NSE
4633089,18098,745TS47-SG,0.01,100,EQ,NSE,NSE
194566145,760024,745TS48-SG,0.01,100,EQ,NSE,NSE
194566657,760026,745TS53-SG,0.01,100,EQ,NSE,NSE
194456833,759597,745TS57-SG,0.01,100,EQ,NSE,NSE
5674241,22165,745UK30-SG,0.01,100,EQ,NSE,NSE
3920385,15314,745UP33-SG,0.01,100,EQ,NSE,NSE
5942017,23211,745WB42-SG,0.01,100,EQ,NSE,NSE
5942785,23214,745WB44-SG,0.01,100,EQ,NSE,NSE
194196737,758581,745WB44A-SG,0.01,100,EQ,NSE,NSE
2439681,9530,746AP27-SG,0.01,100,EQ,NSE,NSE
4383745,17124,746AP34-SG,0.01,100,EQ,NSE,NSE
195713793,764507,746AP35-SG,0.01,100,EQ,NSE,NSE
4663297,18216,746AP38-SG,0.01,100,EQ,NSE,NSE
6062593,23682,746AP38A-SG,0.01,100,EQ,NSE,NSE
4745985,18539,746AP41-SG,0.01,100,EQ,NSE,NSE
5791233,22622,746AP41A-SG,0.01,100,EQ,NSE,NSE
5998337,23431,746AP41B-SG,0.01,100,EQ,NSE,NSE
5998849,23433,746AP42-SG,0.01,100,EQ,NSE,NSE
4380417,17111,746AP43-SG,0.01,100,EQ,NSE,NSE
5999105,23434,746AP43A-SG,0.01,100,EQ,NSE,NSE
5996801,23425,746AP44-SG,0.01,100,EQ,NSE,NSE
5975297,23341,746AS31-SG,0.01,100,EQ,NSE,NSE
194565889,760023,746BR45-SG,0.01,100,EQ,NSE,NSE
5810177,22696,746CG31-SG,0.01,100,EQ,NSE,NSE
5936641,23190,746CG32-SG,0.01,100,EQ,NSE,NSE
5810689,22698,746CG33-SG,0.01,100,EQ,NSE,NSE
4786177,18696,746GA33-SG,0.01,100,EQ,NSE,NSE
4741633,18522,746GA38-SG,0.01,100,EQ,NSE,NSE
5070849,19808,746GS2073-GS,0.01,1,EQ,NSE,NSE
6142721,23995,746HP36-SG,0.01,100,EQ,NSE,NSE
5928193,23157,746IRFC29-NS,0.01,1,EQ,NSE,NSE
194494721,759745,746JK45-SG,0.01,100,EQ,NSE,NSE
5812993,22707,746JK49-SG,0.01,100,EQ,NSE,NSE
194628865,760269,746KA36-SG,0.01,100,EQ,NSE,NSE
5941505,23209,746KA38-SG,0.01,100,EQ,NSE,NSE
3922945,15324,746KL48-SG,0.01,100,EQ,NSE,NSE
4743937,18531,746MH33-SG,0.01,100,EQ,NSE,NSE
5824257,22751,746MH35-SG,0.01,100,EQ,NSE,NSE
5972481,23330,746MH41-SG,0.01,100,EQ,NSE,NSE
5997057,23426,746ML34-SG,0.01,100,EQ,NSE,NSE
2804993,10957,746MP32-SG,0.01,100,EQ,NSE,NSE
4742913,18527,746MP38-SG,0.01,100,EQ,NSE,NSE
4862465,18994,746MP38A-SG,0.01,100,EQ,NSE,NSE
4745217,18536,746MP39-SG,0.01,100,EQ,NSE,NSE
194494209,759743,746MP43-SG,0.01,100,EQ,NSE,NSE
4664577,18221,746MZ39-SG,0.01,100,EQ,NSE,NSE
5853441,22865,746PN33-SG,0.01,100,EQ,NSE,NSE
193119233,754372,746RECL36-N0,0.01,1,EQ,NSE,NSE
4848385,18939,746RJ33-SG,0.01,100,EQ,NSE,NSE
5937665,23194,746RJ34-SG,0.01,100,EQ,NSE,NSE
194386433,759322,746RJ38-SG,0.01,100,EQ,NSE,NSE
5942273,23212,746RJ42-SG,0.01,100,EQ,NSE,NSE
194389505,759334,746RJ51-SG,0.01,100,EQ,NSE,NSE
4787457,18701,746SK33-SG,0.01,100,EQ,NSE,NSE
194938369,761478,746TN35-SG,0.01,100,EQ,NSE,NSE
194456577,759596,746TN55-SG,0.01,100,EQ,NSE,NSE
4784641,18690,746TS30-SG,0.01,100,EQ,NSE,NSE
4745473,18537,746TS42-SG,0.01,100,EQ,NSE,NSE
194565377,760021,746TS42A-SG,0.01,100,EQ,NSE,NSE
5792001,22625,746TS45-SG,0.01,100,EQ,NSE,NSE
2806785,10964,746TS48-SG,0.01,100,EQ,NSE,NSE
3925249,15333,746TS48A-SG,0.01,100,EQ,NSE,NSE
2807041,10965,746TS49-SG,0.01,100,EQ,NSE,NSE
194354177,759196,746TS53-SG,0.01,100,EQ,NSE,NSE
5856001,22875,746UK34-SG,0.01,100,EQ,NSE,NSE
5936897,23191,746UP32-SG,0.01,100,EQ,NSE,NSE
5856257,22876,746UP34-SG,0.01,100,EQ,NSE,NSE
194658049,760383,746UP37-SG,0.01,100,EQ,NSE,NSE
6026753,23542,746UP39-SG,0.01,100,EQ,NSE,NSE
4863489,18998,746WB39-SG,0.01,100,EQ,NSE,NSE
2175745,8499,746WB40-SG,0.01,100,EQ,NSE,NSE
3922689,15323,746WB46-SG,0.01,100,EQ,NSE,NSE
193829377,757146,747ABCL29-N0,0.01,1,EQ,NSE,NSE
4570113,17852,747AP32-SG,0.01,100,EQ,NSE,NSE
3908353,15267,747AP37-SG,0.01,100,EQ,NSE,NSE
6061313,23677,747AP37A-SG,0.01,100,EQ,NSE,NSE
4659969,18203,747AS28-SG,0.01,100,EQ,NSE,NSE
4710657,18401,747AS33-SG,0.01,100,EQ,NSE,NSE
5938433,23197,747AS34-SG,0.01,100,EQ,NSE,NSE
194353665,759194,747AS45-SG,0.01,100,EQ,NSE,NSE
5825281,22755,747BR39-SG,0.01,100,EQ,NSE,NSE
4784385,18689,747CG30-SG,0.01,100,EQ,NSE,NSE
5822209,22743,747CG30A-SG,0.01,100,EQ,NSE,NSE
5822465,22744,747CG31-SG,0.01,100,EQ,NSE,NSE
5975809,23343,747CG32-SG,0.01,100,EQ,NSE,NSE
5937153,23192,747CG33-SG,0.01,100,EQ,NSE,NSE
5976321,23345,747CG33A-SG,0.01,100,EQ,NSE,NSE
5937921,23195,747CG34-SG,0.01,100,EQ,NSE,NSE
5976833,23347,747CG34A-SG,0.01,100,EQ,NSE,NSE
4711169,18403,747GA33-SG,0.01,100,EQ,NSE,NSE
5938689,23198,747GA34-SG,0.01,100,EQ,NSE,NSE
4347393,16982,747GA38-SG,0.01,100,EQ,NSE,NSE
5414913,21152,747GJ28-SG,0.01,100,EQ,NSE,NSE
194721281,760630,747GJ36-SG,0.01,100,EQ,NSE,NSE
195951873,765437,747GJ36A-SG,0.01,100,EQ,NSE,NSE
6060289,23673,747HP33-SG,0.01,100,EQ,NSE,NSE
4743425,18529,747HR33-SG,0.01,100,EQ,NSE,NSE
4850177,18946,747HR33A-SG,0.01,100,EQ,NSE,NSE
4408833,17222,747HR35-SG,0.01,100,EQ,NSE,NSE
5810945,22699,747HR36-SG,0.01,100,EQ,NSE,NSE
194265601,758850,747HR40-SG,0.01,100,EQ,NSE,NSE
6920961,27035,747IIFCL27-N0,0.01,1,EQ,NSE,NSE
194352641,759190,747JK40-SG,0.01,100,EQ,NSE,NSE
5943041,23215,747JK44-SG,0.01,100,EQ,NSE,NSE
194574849,760058,747KA36-SG,0.01,100,EQ,NSE,NSE
4663041,18215,747KL37-SG,0.01,100,EQ,NSE,NSE
4632833,18097,747KL39-SG,0.01,100,EQ,NSE,NSE
4378625,17104,747KL42-SG,0.01,100,EQ,NSE,NSE
6052609,23643,747KL50-SG,0.01,100,EQ,NSE,NSE
4743169,18528,747MH34-SG,0.01,100,EQ,NSE,NSE
5824513,22752,747MH36-SG,0.01,100,EQ,NSE,NSE
194690817,760511,747OR36-SG,0.01,100,EQ,NSE,NSE
6080769,23753,747PN32-SG,0.01,100,EQ,NSE,NSE
4384513,17127,747PN34-SG,0.01,100,EQ,NSE,NSE
6146049,24008,747PN37-SG,0.01,100,EQ,NSE,NSE
3921665,15319,747PN43-SG,0.01,100,EQ,NSE,NSE
5824769,22753,747PY37-SG,0.01,100,EQ,NSE,NSE
5971201,23325,747RJ33-SG,0.01,100,EQ,NSE,NSE
5840129,22813,747RL34-NL,0.01,1,EQ,NSE,NSE
6433793,25132,747SIDBI29-N0,0.01,1,EQ,NSE,NSE
194691073,760512,747TN36-SG,0.01,100,EQ,NSE,NSE
2791425,10904,747TS31-SG,0.01,100,EQ,NSE,NSE
4565505,17834,747TS32-SG,0.01,100,EQ,NSE,NSE
6061057,23676,747TS36-SG,0.01,100,EQ,NSE,NSE
4378369,17103,747TS41-SG,0.01,100,EQ,NSE,NSE
4710913,18402,747UK33-SG,0.01,100,EQ,NSE,NSE
5938177,23196,747UK34-SG,0.01,100,EQ,NSE,NSE
3921921,15320,747WB43-SG,0.01,100,EQ,NSE,NSE
194353409,759193,747WB44-SG,0.01,100,EQ,NSE,NSE
194353921,759195,747WB46-SG,0.01,100,EQ,NSE,NSE
194285569,758928,748AP33-SG,0.01,100,EQ,NSE,NSE
194285825,758929,748AP34-SG,0.01,100,EQ,NSE,NSE
194718465,760619,748AP35-SG,0.01,100,EQ,NSE,NSE
2140929,8363,748AP38-SG,0.01,100,EQ,NSE,NSE
4740609,18518,748AP38A-SG,0.01,100,EQ,NSE,NSE
5812225,22704,748AP44-SG,0.01,100,EQ,NSE,NSE
6038785,23589,748AP44A-SG,0.01,100,EQ,NSE,NSE
194786305,760884,748AS35-SG,0.01,100,EQ,NSE,NSE
194196481,758580,748BR39-SG,0.01,100,EQ,NSE,NSE
5822721,22745,748CG32-SG,0.01,100,EQ,NSE,NSE
194265345,758849,748GA36-SG,0.01,100,EQ,NSE,NSE
2805249,10958,748HP33-SG,0.01,100,EQ,NSE,NSE
6028033,23547,748HR34-SG,0.01,100,EQ,NSE,NSE
4852225,18954,748HR35-SG,0.01,100,EQ,NSE,NSE
5820161,22735,748IRFC34A-NQ,0.01,1,EQ,NSE,NSE
5792257,22626,748JK54-SG,0.01,100,EQ,NSE,NSE
5822977,22746,748KA33-SG,0.01,100,EQ,NSE,NSE
194718977,760621,748KA35-SG,0.01,100,EQ,NSE,NSE
194819329,761013,748KA37-SG,0.01,100,EQ,NSE,NSE
194483201,759700,748KA37A-SG,0.01,100,EQ,NSE,NSE
194456321,759595,748KL45-SG,0.01,100,EQ,NSE,NSE
5788929,22613,748MH35-SG,0.01,100,EQ,NSE,NSE
194575105,760059,748MH37-SG,0.01,100,EQ,NSE,NSE
5972737,23331,748MH42-SG,0.01,100,EQ,NSE,NSE
194635521,760295,748MH45-SG,0.01,100,EQ,NSE,NSE
6060801,23675,748ML34-SG,0.01,100,EQ,NSE,NSE
4844289,18923,748MP29-SG,0.01,100,EQ,NSE,NSE
5790721,22620,748MP40-SG,0.01,100,EQ,NSE,NSE
5791489,22623,748MP41-SG,0.01,100,EQ,NSE,NSE
194274049,758883,748MP42-SG,0.01,100,EQ,NSE,NSE
194388481,759330,748MP45-SG,0.01,100,EQ,NSE,NSE
194351617,759186,748MZ36-SG,0.01,100,EQ,NSE,NSE
7747841,30265,748NABF28-N0,0.01,1,EQ,NSE,NSE
194768129,760813,748NIIF33-N0,0.01,1,EQ,NSE,NSE
5938945,23199,748NL34-SG,0.01,100,EQ,NSE,NSE
194729473,760662,748PN31-SG,0.01,100,EQ,NSE,NSE
4741377,18521,748PN34-SG,0.01,100,EQ,NSE,NSE
6145793,24007,748PN35-SG,0.01,100,EQ,NSE,NSE
5997569,23428,748PN37-SG,0.01,100,EQ,NSE,NSE
2329345,9099,748PN42-SG,0.01,100,EQ,NSE,NSE
194351873,759187,748PY36-SG,0.01,100,EQ,NSE,NSE
5823489,22748,748RJ34-SG,0.01,100,EQ,NSE,NSE
5940993,23207,748RJ37-SG,0.01,100,EQ,NSE,NSE
7371521,28795,748SIDBI29-N0,0.01,1,EQ,NSE,NSE
6038529,23588,748TS42-SG,0.01,100,EQ,NSE,NSE
5973761,23335,748TS50-SG,0.01,100,EQ,NSE,NSE
4744193,18532,748UK33-SG,0.01,100,EQ,NSE,NSE
5823745,22749,748UP34-SG,0.01,100,EQ,NSE,NSE
5939969,23203,748UP36-SG,0.01,100,EQ,NSE,NSE
6027009,23543,748UP40-SG,0.01,100,EQ,NSE,NSE
6027265,23544,748UP42-SG,0.01,100,EQ,NSE,NSE
6027521,23545,748UP44-SG,0.01,100,EQ,NSE,NSE
2025217,7911,748WB37-SG,0.01,100,EQ,NSE,NSE
5811969,22703,748WB43-SG,0.01,100,EQ,NSE,NSE
5812481,22705,748WB44-SG,0.01,100,EQ,NSE,NSE
194565633,760022,748WB44A-SG,0.01,100,EQ,NSE,NSE
5789441,22615,749AP36-SG,0.01,100,EQ,NSE,NSE
5790209,22618,749AP39-SG,0.01,100,EQ,NSE,NSE
6038273,23587,749AP40-SG,0.01,100,EQ,NSE,NSE
6052097,23641,749AP44-SG,0.01,100,EQ,NSE,NSE
4660225,18204,749BR31-SG,0.01,100,EQ,NSE,NSE
4784897,18691,749BR31A-SG,0.01,100,EQ,NSE,NSE
5811713,22702,749BR39-SG,0.01,100,EQ,NSE,NSE
4846593,18932,749CG30-SG,0.01,100,EQ,NSE,NSE
5977345,23349,749CG35-SG,0.01,100,EQ,NSE,NSE
4661505,18209,749GA33-SG,0.01,100,EQ,NSE,NSE
4849921,18945,749GA33A-SG,0.01,100,EQ,NSE,NSE
2885889,11273,749GJ26-SG,0.01,100,EQ,NSE,NSE
3791873,14812,749GJ28-SG,0.01,100,EQ,NSE,NSE
2805505,10959,749HP34-SG,0.01,100,EQ,NSE,NSE
4628737,18081,749HR33-SG,0.01,100,EQ,NSE,NSE
5977089,23348,749HR35-SG,0.01,100,EQ,NSE,NSE
5789697,22616,749HR36-SG,0.01,100,EQ,NSE,NSE
881153,3442,749IGT28-NG,0.01,1,EQ,NSE,NSE
194921729,761413,749JH36-SG,0.01,100,EQ,NSE,NSE
194776321,760845,749KA35-SG,0.01,100,EQ,NSE,NSE
5977857,23351,749KL36-SG,0.01,100,EQ,NSE,NSE
6038017,23586,749KL39-SG,0.01,100,EQ,NSE,NSE
194386945,759324,749KL40-SG,0.01,100,EQ,NSE,NSE
4909569,19178,749KL45-SG,0.01,100,EQ,NSE,NSE
194198017,758586,749KL56-SG,0.01,100,EQ,NSE,NSE
3843841,15015,749MH30-SG,0.01,100,EQ,NSE,NSE
5789953,22617,749MH36-SG,0.01,100,EQ,NSE,NSE
3389185,13239,749ML27-SG,0.01,100,EQ,NSE,NSE
3920641,15315,749MN35-SG,0.01,100,EQ,NSE,NSE
5824001,22750,749NL34-SG,0.01,100,EQ,NSE,NSE
194758145,760774,749OR36-SG,0.01,100,EQ,NSE,NSE
5835521,22795,749PFC34-N9,0.01,1,EQ,NSE,NSE
5996033,23422,749PN32-SG,0.01,100,EQ,NSE,NSE
4862209,18993,749PN35-SG,0.01,100,EQ,NSE,NSE
194584065,760094,749PN35A-SG,0.01,100,EQ,NSE,NSE
4630529,18088,749PN37-SG,0.01,100,EQ,NSE,NSE
194363137,759231,749PN40-SG,0.01,100,EQ,NSE,NSE
193986817,757761,749RCFL28-N0,0.01,1,EQ,NSE,NSE
195712257,764501,749RECL41-N0,0.01,1,EQ,NSE,NSE
4518913,17652,749RJ34-SG,0.01,100,EQ,NSE,NSE
194231809,758718,749RJ35-SG,0.01,100,EQ,NSE,NSE
194933505,761459,749RJ36-SG,0.01,100,EQ,NSE,NSE
5971713,23327,749RJ40-SG,0.01,100,EQ,NSE,NSE
6052353,23642,749RJ44-SG,0.01,100,EQ,NSE,NSE
7666945,29949,749SIDBI29-N0,0.01,1,EQ,NSE,NSE
6037505,23584,749TN34-SG,0.01,100,EQ,NSE,NSE
195691521,764420,749TN36-SG,0.01,100,EQ,NSE,NSE
6051841,23640,749TN44-SG,0.01,100,EQ,NSE,NSE
5789185,22614,749TS35-SG,0.01,100,EQ,NSE,NSE
194578177,760071,749TS39-SG,0.01,100,EQ,NSE,NSE
4909313,19177,749TS44-SG,0.01,100,EQ,NSE,NSE
4661761,18210,749UP34-SG,0.01,100,EQ,NSE,NSE
5788161,22610,749UP34A-SG,0.01,100,EQ,NSE,NSE
5977601,23350,749UP36-SG,0.01,100,EQ,NSE,NSE
3962113,15477,74AP31-SG,0.01,100,EQ,NSE,NSE
4332289,16923,74AP32-SG,0.01,100,EQ,NSE,NSE
6097153,23817,74AP41-SG,0.01,100,EQ,NSE,NSE
4713729,18413,74AP43-SG,0.01,100,EQ,NSE,NSE
3970049,15508,74AS33-SG,0.01,100,EQ,NSE,NSE
4466177,17446,74BR30-SG,0.01,100,EQ,NSE,NSE
194583553,760092,74BR35-SG,0.01,100,EQ,NSE,NSE
5884417,22986,74BR39-SG,0.01,100,EQ,NSE,NSE
6275585,24514,74CB34-N0,0.01,1,EQ,NSE,NSE
4345345,16974,74CG30-SG,0.01,100,EQ,NSE,NSE
195592193,764032,74CG35-SG,0.01,100,EQ,NSE,NSE
194232065,758719,74GA37-SG,0.01,100,EQ,NSE,NSE
5357057,20926,74GJ26-SG,0.01,100,EQ,NSE,NSE
4784129,18688,74GJ27-SG,0.01,100,EQ,NSE,NSE
194538241,759915,74GJ36-SG,0.01,100,EQ,NSE,NSE
194786561,760885,74GJ36A-SG,0.01,100,EQ,NSE,NSE
1759745,6874,74GS2035-GS,0.01,1,EQ,NSE,NSE
2811137,10981,74GS2062-GS,0.01,1,EQ,NSE,NSE
4346625,16979,74HR33-SG,0.01,100,EQ,NSE,NSE
2196481,8580,74HR37-SG,0.01,100,EQ,NSE,NSE
5887233,22997,74JK44-SG,0.01,100,EQ,NSE,NSE
2230529,8713,74KL37-SG,0.01,100,EQ,NSE,NSE
4694017,18336,74KL41-SG,0.01,100,EQ,NSE,NSE
4345601,16975,74MH31-SG,0.01,100,EQ,NSE,NSE
4346369,16978,74MH32-SG,0.01,100,EQ,NSE,NSE
5885953,22992,74MH35-SG,0.01,100,EQ,NSE,NSE
5886721,22995,74MH36-SG,0.01,100,EQ,NSE,NSE
3358209,13118,74ML27-SG,0.01,100,EQ,NSE,NSE
4302081,16805,74MP34-SG,0.01,100,EQ,NSE,NSE
194785793,760882,74MP35-SG,0.01,100,EQ,NSE,NSE
194429953,759492,74MP46-SG,0.01,100,EQ,NSE,NSE
194430209,759493,74MP47-SG,0.01,100,EQ,NSE,NSE
5884161,22985,74MZ39-SG,0.01,100,EQ,NSE,NSE
7370497,28791,74PFCL30-N0,0.01,1,EQ,NSE,NSE
7672577,29971,74PFCL35-N0,0.01,1,EQ,NSE,NSE
6157569,24053,74PY30-SG,0.01,100,EQ,NSE,NSE
4694273,18337,74RJ41-SG,0.01,100,EQ,NSE,NSE
5884673,22987,74RJ42-SG,0.01,100,EQ,NSE,NSE
193083649,754233,74SIDBI31-N0,0.01,1,EQ,NSE,NSE
5885441,22990,74TN34-SG,0.01,100,EQ,NSE,NSE
194786049,760883,74TN35-SG,0.01,100,EQ,NSE,NSE
2199041,8590,74TN42-SG,0.01,100,EQ,NSE,NSE
5943553,23217,74TN54-SG,0.01,100,EQ,NSE,NSE
4713473,18412,74TS43-SG,0.01,100,EQ,NSE,NSE
4350465,16994,74TS45-SG,0.01,100,EQ,NSE,NSE
4467969,17453,74UP33-SG,0.01,100,EQ,NSE,NSE
2197505,8584,74WB38-SG,0.01,100,EQ,NSE,NSE
4680449,18283,74WB42-SG,0.01,100,EQ,NSE,NSE
5885185,22989,74WB44-SG,0.01,100,EQ,NSE,NSE
195662337,764306,7505SDIL31-N0,0.01,1,EQ,NSE,NSE
5191169,20278,750AS30-SG,0.01,100,EQ,NSE,NSE
7599361,29685,750BOI35-N0,0.01,1,EQ,NSE,NSE
5175809,20218,750GA30-SG,0.01,100,EQ,NSE,NSE
195365377,763146,750GS2056-GS,0.01,1,EQ,NSE,NSE
3009793,11757,750IRFC35-NK,0.01,1,EQ,NSE,NSE
5636097,22016,750MZ30-SG,0.01,100,EQ,NSE,NSE
193986305,757759,750TCSL28-N0,0.01,1,EQ,NSE,NSE
5659393,22107,750TN29-SG,0.01,100,EQ,NSE,NSE
195400961,763285,750TN32-SG,0.01,100,EQ,NSE,NSE
194729985,760664,750TN36-SG,0.01,100,EQ,NSE,NSE
194721537,760631,750TN36A-SG,0.01,100,EQ,NSE,NSE
5680385,22189,750TS28-SG,0.01,100,EQ,NSE,NSE
195621633,764147,751AP36-SG,0.01,100,EQ,NSE,NSE
6051585,23639,751AP41-SG,0.01,100,EQ,NSE,NSE
5787905,22609,751CG32-SG,0.01,100,EQ,NSE,NSE
195621889,764148,751GJ38-SG,0.01,100,EQ,NSE,NSE
3359233,13122,751HR29-SG,0.01,100,EQ,NSE,NSE
194265857,758851,751HR41-SG,0.01,100,EQ,NSE,NSE
7503873,29312,751HUDCO28-N5,0.01,1,EQ,NSE,NSE
194565121,760020,751JK40-SG,0.01,100,EQ,NSE,NSE
194274561,758885,751JK45-SG,0.01,100,EQ,NSE,NSE
5974529,23338,751JK54-SG,0.01,100,EQ,NSE,NSE
194705409,760568,751KA36-SG,0.01,100,EQ,NSE,NSE
4629505,18084,751MN35-SG,0.01,100,EQ,NSE,NSE
4907265,19169,751MP38-SG,0.01,100,EQ,NSE,NSE
194388993,759332,751MP48-SG,0.01,100,EQ,NSE,NSE
6048257,23626,751NHB31-NC,0.01,1,EQ,NSE,NSE
4630273,18087,751PN36-SG,0.01,100,EQ,NSE,NSE
6037761,23585,751PN37-SG,0.01,100,EQ,NSE,NSE
5788417,22611,751RJ34-SG,0.01,100,EQ,NSE,NSE
6966017,27211,751SIDBI28-N0,0.01,1,EQ,NSE,NSE
194757889,760773,751UK35-SG,0.01,100,EQ,NSE,NSE
5978369,23353,751UP38-SG,0.01,100,EQ,NSE,NSE
194658305,760384,751UP39-SG,0.01,100,EQ,NSE,NSE
5972225,23329,751UP40-SG,0.01,100,EQ,NSE,NSE
194580993,760082,751UP40A-SG,0.01,100,EQ,NSE,NSE
194321665,759069,752ABCL30-N0,0.01,1,EQ,NSE,NSE
194672897,760441,752AP37-SG,0.01,100,EQ,NSE,NSE
2297345,8974,752AP38-SG,0.01,100,EQ,NSE,NSE
4378113,17102,752AP39-SG,0.01,100,EQ,NSE,NSE
2298113,8977,752AP42-SG,0.01,100,EQ,NSE,NSE
5791745,22624,752AP43-SG,0.01,100,EQ,NSE,NSE
5788673,22612,752AS34-SG,0.01,100,EQ,NSE,NSE
4846849,18933,752BR31-SG,0.01,100,EQ,NSE,NSE
194265089,758848,752BR36-SG,0.01,100,EQ,NSE,NSE
5790465,22619,752BR39-SG,0.01,100,EQ,NSE,NSE
194933761,761460,752GA37-SG,0.01,100,EQ,NSE,NSE
5979393,23357,752GA39-SG,0.01,100,EQ,NSE,NSE
5978881,23355,752HP39-SG,0.01,100,EQ,NSE,NSE
6049793,23632,752HR34-SG,0.01,100,EQ,NSE,NSE
194232321,758720,752HR39-SG,0.01,100,EQ,NSE,NSE
194635009,760293,752HR41-SG,0.01,100,EQ,NSE,NSE
194635265,760294,752HR42-SG,0.01,100,EQ,NSE,NSE
194691585,760514,752KA37-SG,0.01,100,EQ,NSE,NSE
194231041,758715,752KL33-SG,0.01,100,EQ,NSE,NSE
5790977,22621,752MZ40-SG,0.01,100,EQ,NSE,NSE
4629249,18083,752PN35-SG,0.01,100,EQ,NSE,NSE
6050049,23633,752RJ34-SG,0.01,100,EQ,NSE,NSE
194718721,760620,752RJ35-SG,0.01,100,EQ,NSE,NSE
194539265,759919,752RJ36-SG,0.01,100,EQ,NSE,NSE
6051073,23637,752RJ37-SG,0.01,100,EQ,NSE,NSE
6051329,23638,752RJ39-SG,0.01,100,EQ,NSE,NSE
5973249,23333,752RJ44-SG,0.01,100,EQ,NSE,NSE
4905473,19162,752TN33-SG,0.01,100,EQ,NSE,NSE
194583041,760090,752TN55-SG,0.01,100,EQ,NSE,NSE
194629377,760271,752TS36-SG,0.01,100,EQ,NSE,NSE
194582785,760089,752TS52-SG,0.01,100,EQ,NSE,NSE
194390017,759336,752TS54-SG,0.01,100,EQ,NSE,NSE
5979137,23356,752UP39-SG,0.01,100,EQ,NSE,NSE
5971969,23328,752WB39-SG,0.01,100,EQ,NSE,NSE
194659073,760387,752WB44-SG,0.01,100,EQ,NSE,NSE
194745345,760724,75343PHF31-N0,0.01,1,EQ,NSE,NSE
6050305,23634,753AP36-SG,0.01,100,EQ,NSE,NSE
194704897,760566,753AP36A-SG,0.01,100,EQ,NSE,NSE
194817537,761006,753AP37-SG,0.01,100,EQ,NSE,NSE
194581249,760083,753AP40-SG,0.01,100,EQ,NSE,NSE
2609921,10195,753AS27-SG,0.01,100,EQ,NSE,NSE
5442305,21259,753AS29-SG,0.01,100,EQ,NSE,NSE
2791937,10906,753AS32-SG,0.01,100,EQ,NSE,NSE
2796289,10923,753BR32-SG,0.01,100,EQ,NSE,NSE
2778881,10855,753HR30-SG,0.01,100,EQ,NSE,NSE
4909825,19179,753HR33-SG,0.01,100,EQ,NSE,NSE
194899713,761327,753HR38-SG,0.01,100,EQ,NSE,NSE
6227969,24328,753ICICI34-N0,0.01,1,EQ,NSE,NSE
5889537,23006,753IRED34-NA,0.01,1,EQ,NSE,NSE
3009025,11754,753IRFC30-NJ,0.01,1,EQ,NSE,NSE
194673153,760442,753KA38-SG,0.01,100,EQ,NSE,NSE
5974017,23336,753KL50-SG,0.01,100,EQ,NSE,NSE
2751745,10749,753NTPC30E-NC,0.01,1,EQ,NSE,NSE
193746177,756821,753PHFL30-N0,0.01,1,EQ,NSE,NSE
6050561,23635,753PN36-SG,0.01,100,EQ,NSE,NSE
6050817,23636,753PN37-SG,0.01,100,EQ,NSE,NSE
6079745,23749,753RECL34-NP,0.01,1,EQ,NSE,NSE
194574593,760057,753SK36-SG,0.01,100,EQ,NSE,NSE
194898945,761324,753SK36A-SG,0.01,100,EQ,NSE,NSE
194722049,760633,753TN37-SG,0.01,100,EQ,NSE,NSE
3655681,14280,753TN53-SG,0.01,100,EQ,NSE,NSE
195526145,763774,753TS39-SG,0.01,100,EQ,NSE,NSE
3341057,13051,753TS47-SG,0.01,100,EQ,NSE,NSE
194389761,759335,753TS52-SG,0.01,100,EQ,NSE,NSE
5973505,23334,753WB44-SG,0.01,100,EQ,NSE,NSE
194892545,761299,7545NIIF28-N0,0.01,1,EQ,NSE,NSE
3510273,13712,754AP29-SG,0.01,100,EQ,NSE,NSE
194674433,760447,754AP42-SG,0.01,100,EQ,NSE,NSE
2725377,10646,754AS28-SG,0.01,100,EQ,NSE,NSE
5304833,20722,754AS28A-SG,0.01,100,EQ,NSE,NSE
6049537,23631,754AS34-SG,0.01,100,EQ,NSE,NSE
6276097,24516,754BOI34-N0,0.01,1,EQ,NSE,NSE
194285313,758927,754BR33-SG,0.01,100,EQ,NSE,NSE
4910081,19180,754CG31-SG,0.01,100,EQ,NSE,NSE
194730241,760665,754CG36-SG,0.01,100,EQ,NSE,NSE
194483457,759701,754CG38-SG,0.01,100,EQ,NSE,NSE
193759745,756874,754GIL29-N0,0.01,1,EQ,NSE,NSE
2453761,9585,754GS2036-GS,0.01,1,EQ,NSE,NSE
194673665,760444,754HR40-SG,0.01,100,EQ,NSE,NSE
194758401,760775,754KA37-SG,0.01,100,EQ,NSE,NSE
194483969,759703,754KA39-SG,0.01,100,EQ,NSE,NSE
3340801,13050,754KA41-SG,0.01,100,EQ,NSE,NSE
5974785,23339,754KL55-SG,0.01,100,EQ,NSE,NSE
194776833,760847,754MH37-SG,0.01,100,EQ,NSE,NSE
194673409,760443,754MN38-SG,0.01,100,EQ,NSE,NSE
194681857,760476,754MP46-SG,0.01,100,EQ,NSE,NSE
194582529,760088,754MP48-SG,0.01,100,EQ,NSE,NSE
195917057,765301,754NBFID41-N0,0.01,1,EQ,NSE,NSE
6049281,23630,754PN32-SG,0.01,100,EQ,NSE,NSE
194537217,759911,754PN34-SG,0.01,100,EQ,NSE,NSE
4912897,19191,754RJ33-SG,0.01,100,EQ,NSE,NSE
194690561,760510,754RJ35-SG,0.01,100,EQ,NSE,NSE
194691329,760513,754RJ36-SG,0.01,100,EQ,NSE,NSE
194218241,758665,754RJ53-SG,0.01,100,EQ,NSE,NSE
194792961,760910,754TN36-SG,0.01,100,EQ,NSE,NSE
194673921,760445,754TR40-SG,0.01,100,EQ,NSE,NSE
195346177,763071,754TS33-SG,0.01,100,EQ,NSE,NSE
194217985,758664,754TS51-SG,0.01,100,EQ,NSE,NSE
194218497,758666,754TS53-SG,0.01,100,EQ,NSE,NSE
194229761,758710,754TS55-SG,0.01,100,EQ,NSE,NSE
4905729,19163,754UK33-SG,0.01,100,EQ,NSE,NSE
3241217,12661,755AP29-SG,0.01,100,EQ,NSE,NSE
194635777,760296,755AR45-SG,0.01,100,EQ,NSE,NSE
2840321,11095,755AS32-SG,0.01,100,EQ,NSE,NSE
2840065,11094,755BR32-SG,0.01,100,EQ,NSE,NSE
3337729,13038,755BR32A-SG,0.01,100,EQ,NSE,NSE
5873665,22944,755DDL39-N0,0.01,1,EQ,NSE,NSE
3359745,13124,755GA32-SG,0.01,100,EQ,NSE,NSE
3421697,13366,755GJ30-SG,0.01,100,EQ,NSE,NSE
5305345,20724,755GJ31-SG,0.01,100,EQ,NSE,NSE
3527425,13779,755JK38-SG,0.01,100,EQ,NSE,NSE
194792705,760909,755KA35-SG,0.01,100,EQ,NSE,NSE
195344641,763065,755MH34-SG,0.01,100,EQ,NSE,NSE
4906241,19165,755MP35-SG,0.01,100,EQ,NSE,NSE
5915905,23109,755PFC27-NA,0.01,1,EQ,NSE,NSE
195948545,765424,755PFCL41-N0,0.01,1,EQ,NSE,NSE
6034177,23571,755PGCI34-N2,0.01,1,EQ,NSE,NSE
6037249,23583,755PN32-SG,0.01,100,EQ,NSE,NSE
192945409,753693,755PN33-SG,0.01,100,EQ,NSE,NSE
6350081,24805,755RECL26-N0,0.01,1,EQ,NSE,NSE
194341377,759146,755TCSL28-N0,0.01,1,EQ,NSE,NSE
194960385,761564,755TN36-SG,0.01,100,EQ,NSE,NSE
3613953,14117,755TN53-SG,0.01,100,EQ,NSE,NSE
5762305,22509,755TN54-SG,0.01,100,EQ,NSE,NSE
193789953,756992,755TPREL40-N0,0.01,1,EQ,NSE,NSE
3525121,13770,755TS30-SG,0.01,100,EQ,NSE,NSE
4911361,19185,755TS32-SG,0.01,100,EQ,NSE,NSE
194582273,760087,755TS46-SG,0.01,100,EQ,NSE,NSE
195526401,763775,756AP39-SG,0.01,100,EQ,NSE,NSE
195645953,764242,756AS36-SG,0.01,100,EQ,NSE,NSE
194681089,760473,756AS45-SG,0.01,100,EQ,NSE,NSE
194730497,760666,756CG37-SG,0.01,100,EQ,NSE,NSE
195592705,764034,756HP39-SG,0.01,100,EQ,NSE,NSE
194232577,758721,756HP40-SG,0.01,100,EQ,NSE,NSE
194674177,760446,756HP40A-SG,0.01,100,EQ,NSE,NSE
195951617,765436,756HR35-SG,0.01,100,EQ,NSE,NSE
7585537,29631,756IIFCL28-N0,0.01,1,EQ,NSE,NSE
5178881,20230,756JK48-SG,0.01,100,EQ,NSE,NSE
4997377,19521,756JK53-SG,0.01,100,EQ,NSE,NSE
194793217,760911,756KA36-SG,0.01,100,EQ,NSE,NSE
195593729,764038,756KL39-SG,0.01,100,EQ,NSE,NSE
194680833,760472,756KL44-SG,0.01,100,EQ,NSE,NSE
194484225,759704,756MP39-SG,0.01,100,EQ,NSE,NSE
194893057,761301,756NIIF31-N0,0.01,1,EQ,NSE,NSE
194722305,760634,756OR38-SG,0.01,100,EQ,NSE,NSE
194657793,760382,756PY35-SG,0.01,100,EQ,NSE,NSE
6272001,24500,756RECL27-N0,0.01,1,EQ,NSE,NSE
3864321,15095,756RJ33-SG,0.01,100,EQ,NSE,NSE
194387457,759326,756RJ41-SG,0.01,100,EQ,NSE,NSE
3612929,14113,756RJ48-SG,0.01,100,EQ,NSE,NSE
194933249,761458,756SK36-SG,0.01,100,EQ,NSE,NSE
3675393,14357,756TN53-SG,0.01,100,EQ,NSE,NSE
5358849,20933,756TN53A-SG,0.01,100,EQ,NSE,NSE
5516289,21548,756TN54-SG,0.01,100,EQ,NSE,NSE
2856961,11160,756TS40-SG,0.01,100,EQ,NSE,NSE
3612673,14112,756TS48-SG,0.01,100,EQ,NSE,NSE
4907009,19168,756UP35-SG,0.01,100,EQ,NSE,NSE
2856705,11159,756WB39-SG,0.01,100,EQ,NSE,NSE
2857217,11161,756WB42-SG,0.01,100,EQ,NSE,NSE
194581505,760084,756WB42A-SG,0.01,100,EQ,NSE,NSE
194387969,759328,756WB45-SG,0.01,100,EQ,NSE,NSE
3356673,13112,757AS32-SG,0.01,100,EQ,NSE,NSE
194705153,760567,757AS36-SG,0.01,100,EQ,NSE,NSE
5691905,22234,757BOB24-N0,0.01,1,EQ,NSE,NSE
194389249,759333,757BR49-SG,0.01,100,EQ,NSE,NSE
193440001,755625,757DL36-SG,0.01,100,EQ,NSE,NSE
3037697,11866,757GJ26-SG,0.01,100,EQ,NSE,NSE
3422465,13369,757GJ31-SG,0.01,100,EQ,NSE,NSE
3525889,13773,757GJ32-SG,0.01,100,EQ,NSE,NSE
2571777,10046,757GS2033-GS,0.01,1,EQ,NSE,NSE
2694657,10526,757HP31-SG,0.01,100,EQ,NSE,NSE
3357953,13117,757HP32-SG,0.01,100,EQ,NSE,NSE
3241985,12664,757HR30-SG,0.01,100,EQ,NSE,NSE
194723073,760637,757HR40-SG,0.01,100,EQ,NSE,NSE
5927681,23155,757IREDL29-NB,0.01,1,EQ,NSE,NSE
5534977,21621,757IRFC29-NP,0.01,1,EQ,NSE,NSE
2840577,11096,757JK34-SG,0.01,100,EQ,NSE,NSE
6617345,25849,757LICH29-N0,0.01,1,EQ,NSE,NSE
194168577,758471,757LICH29A-N0,0.01,1,EQ,NSE,NSE
3561729,13913,757MH31-SG,0.01,100,EQ,NSE,NSE
194959617,761561,757MH36-SG,0.01,100,EQ,NSE,NSE
194633729,760288,757ML34-SG,0.01,100,EQ,NSE,NSE
194233345,758724,757MP43-SG,0.01,100,EQ,NSE,NSE
194233601,758725,757MP45-SG,0.01,100,EQ,NSE,NSE
5476865,21394,757NHB31-N8,0.01,1,EQ,NSE,NSE
194386177,759321,757PN37-SG,0.01,100,EQ,NSE,NSE
192954625,753729,757RJ35-SG,0.01,100,EQ,NSE,NSE
194233089,758723,757RJ43-SG,0.01,100,EQ,NSE,NSE
3511041,13715,757TN33-SG,0.01,100,EQ,NSE,NSE
194937601,761475,757TN38-SG,0.01,100,EQ,NSE,NSE
3700481,14455,757TN53-SG,0.01,100,EQ,NSE,NSE
3525633,13772,757TS31-SG,0.01,100,EQ,NSE,NSE
194776577,760846,757UP36-SG,0.01,100,EQ,NSE,NSE
194937345,761474,757UP38-SG,0.01,100,EQ,NSE,NSE
194682113,760477,757WB46-SG,0.01,100,EQ,NSE,NSE
194084097,758141,758ABHFL35-N0,0.01,1,EQ,NSE,NSE
2793217,10911,758AP40-SG,0.01,100,EQ,NSE,NSE
2793729,10913,758AP42-SG,0.01,100,EQ,NSE,NSE
3844097,15016,758AS33-SG,0.01,100,EQ,NSE,NSE
3356929,13113,758BR32-SG,0.01,100,EQ,NSE,NSE
194387713,759327,758BR43-SG,0.01,100,EQ,NSE,NSE
194428417,759486,758CIFL30-N0,0.01,1,EQ,NSE,NSE
2793473,10912,758GA37-SG,0.01,100,EQ,NSE,NSE
2840833,11097,758GA37A-SG,0.01,100,EQ,NSE,NSE
5213953,20367,758GJ26-SG,0.01,100,EQ,NSE,NSE
5357313,20927,758GJ32-SG,0.01,100,EQ,NSE,NSE
3389697,13241,758HR30-SG,0.01,100,EQ,NSE,NSE
3422209,13368,758JH31-SG,0.01,100,EQ,NSE,NSE
5096193,19907,758JK50-SG,0.01,100,EQ,NSE,NSE
194900225,761329,758KA40-SG,0.01,100,EQ,NSE,NSE
3674881,14355,758KL49-SG,0.01,100,EQ,NSE,NSE
194234369,758728,758KL50-SG,0.01,100,EQ,NSE,NSE
7475201,29200,758LICH35-N0,0.01,1,EQ,NSE,NSE
7750913,30277,758LICH35A-N0,0.01,1,EQ,NSE,NSE
195646977,764246,758MP38-SG,0.01,100,EQ,NSE,NSE
3845377,15021,758NL33-SG,0.01,100,EQ,NSE,NSE
2792193,10907,758PN42-SG,0.01,100,EQ,NSE,NSE
6116865,23894,758RECL29-NQ,0.01,1,EQ,NSE,NSE
3674625,14354,758RJ48-SG,0.01,100,EQ,NSE,NSE
6651393,25982,758SDIL31-N0,0.01,1,EQ,NSE,NSE
195594497,764041,758SK39-SG,0.01,100,EQ,NSE,NSE
194959105,761559,758TN35-SG,0.01,100,EQ,NSE,NSE
194793729,760913,758TN37-SG,0.01,100,EQ,NSE,NSE
5591297,21841,758TN54-SG,0.01,100,EQ,NSE,NSE
194711041,760590,758TN56-SG,0.01,100,EQ,NSE,NSE
194757633,760772,758TN56A-SG,0.01,100,EQ,NSE,NSE
5310721,20745,758TS41-SG,0.01,100,EQ,NSE,NSE
3674369,14353,758TS45-SG,0.01,100,EQ,NSE,NSE
194753793,760757,758TS48-SG,0.01,100,EQ,NSE,NSE
194693889,760523,758TS53-SG,0.01,100,EQ,NSE,NSE
194828801,761050,758UK38-SG,0.01,100,EQ,NSE,NSE
195648001,764250,758WB35-SG,0.01,100,EQ,NSE,NSE
194680577,760471,758WB42-SG,0.01,100,EQ,NSE,NSE
3511553,13717,759AP33-SG,0.01,100,EQ,NSE,NSE
194752769,760753,759AP43-SG,0.01,100,EQ,NSE,NSE
194581761,760085,759AP44-SG,0.01,100,EQ,NSE,NSE
194710529,760588,759AP47-SG,0.01,100,EQ,NSE,NSE
194721793,760632,759AS36-SG,0.01,100,EQ,NSE,NSE
194658561,760385,759AS39-SG,0.01,100,EQ,NSE,NSE
5672449,22158,759CG30-SG,0.01,100,EQ,NSE,NSE
194793473,760912,759CG36-SG,0.01,100,EQ,NSE,NSE
194710273,760587,759CG46-SG,0.01,100,EQ,NSE,NSE
193760257,756876,759GIL30-N0,0.01,1,EQ,NSE,NSE
195952385,765439,759GJ41-SG,0.01,100,EQ,NSE,NSE
1825281,7130,759GS2029-GS,0.01,1,EQ,NSE,NSE
3654657,14276,759HP38-SG,0.01,100,EQ,NSE,NSE
4906497,19166,759HR35-SG,0.01,100,EQ,NSE,NSE
5952001,23250,759IRDA34-NC,0.01,1,EQ,NSE,NSE
5841921,22820,759IREDA34-N0,0.01,1,EQ,NSE,NSE
3340545,13049,759KA38-SG,0.01,100,EQ,NSE,NSE
192442625,751729,759LICH31-N0,0.01,1,EQ,NSE,NSE
193542401,756025,759LTFL28-N0,0.01,1,EQ,NSE,NSE
4861697,18991,759MN35-SG,0.01,100,EQ,NSE,NSE
3654913,14277,759MP38-SG,0.01,100,EQ,NSE,NSE
194705921,760570,759MP38A-SG,0.01,100,EQ,NSE,NSE
194709249,760583,759MP44-SG,0.01,100,EQ,NSE,NSE
6173185,24114,759NH27-NE,0.01,1,EQ,NSE,NSE
6121729,23913,759NHB27-ND,0.01,1,EQ,NSE,NSE
194758913,760777,759OR46-SG,0.01,100,EQ,NSE,NSE
194780929,760863,759PHFL31-N0,0.01,1,EQ,NSE,NSE
3844865,15019,759PN33-SG,0.01,100,EQ,NSE,NSE
3655425,14279,759PN39-SG,0.01,100,EQ,NSE,NSE
3627009,14168,759PY41-SG,0.01,100,EQ,NSE,NSE
5095937,19906,759RJ46-SG,0.01,100,EQ,NSE,NSE
3867905,15109,759RJ48-SG,0.01,100,EQ,NSE,NSE
6024705,23534,759RL27-NO,0.01,1,EQ,NSE,NSE
195622401,764150,759TN41-SG,0.01,100,EQ,NSE,NSE
5588225,21829,759TN44-SG,0.01,100,EQ,NSE,NSE
3512065,13719,759TS37-SG,0.01,100,EQ,NSE,NSE
3512577,13721,759TS40-SG,0.01,100,EQ,NSE,NSE
3626753,14167,759TS40A-SG,0.01,100,EQ,NSE,NSE
5588481,21830,759TS46-SG,0.01,100,EQ,NSE,NSE
194693633,760522,759TS48-SG,0.01,100,EQ,NSE,NSE
194722561,760635,759UK38-SG,0.01,100,EQ,NSE,NSE
194691841,760515,759UP41-SG,0.01,100,EQ,NSE,NSE
195595009,764043,759UP42-SG,0.01,100,EQ,NSE,NSE
194730753,760667,759WB37-SG,0.01,100,EQ,NSE,NSE
4908033,19172,759WB39-SG,0.01,100,EQ,NSE,NSE
194693377,760521,759WB47-SG,0.01,100,EQ,NSE,NSE
195708161,764485,75ALL28-N0,0.01,1,EQ,NSE,NSE
3240961,12660,75AP28-SG,0.01,100,EQ,NSE,NSE
6036993,23582,75AP32-SG,0.01,100,EQ,NSE,NSE
4908545,19174,75AP41-SG,0.01,100,EQ,NSE,NSE
194388225,759329,75AP45-SG,0.01,100,EQ,NSE,NSE
194388737,759331,75AP46-SG,0.01,100,EQ,NSE,NSE
194524161,759860,75AR45-SG,0.01,100,EQ,NSE,NSE
6014465,23494,75AS34-SG,0.01,100,EQ,NSE,NSE
4628481,18080,75BR31-SG,0.01,100,EQ,NSE,NSE
194704641,760565,75CG35-SG,0.01,100,EQ,NSE,NSE
4628993,18082,75GA33-SG,0.01,100,EQ,NSE,NSE
194539009,759918,75GA36-SG,0.01,100,EQ,NSE,NSE
194042881,757980,75GFL28-N0,0.01,1,EQ,NSE,NSE
194042369,757978,75GFL30-N0,0.01,1,EQ,NSE,NSE
1759489,6873,75GS2034-GS,0.01,1,EQ,NSE,NSE
2805761,10960,75HP36-SG,0.01,100,EQ,NSE,NSE
2806017,10961,75HP37-SG,0.01,100,EQ,NSE,NSE
4377857,17101,75HP38-SG,0.01,100,EQ,NSE,NSE
3480065,13594,75HR29-SG,0.01,100,EQ,NSE,NSE
3865089,15098,75HR30-SG,0.01,100,EQ,NSE,NSE
6149889,24023,75IREDA34-ND,0.01,1,EQ,NSE,NSE
5972993,23332,75MH44-SG,0.01,100,EQ,NSE,NSE
5940225,23204,75MN36-SG,0.01,100,EQ,NSE,NSE
5978113,23352,75MN36A-SG,0.01,100,EQ,NSE,NSE
194629121,760270,75MP36-SG,0.01,100,EQ,NSE,NSE
194274305,758884,75MP44-SG,0.01,100,EQ,NSE,NSE
5939201,23200,75SK34-SG,0.01,100,EQ,NSE,NSE
6036737,23581,75TN31-SG,0.01,100,EQ,NSE,NSE
194705665,760569,75TN37-SG,0.01,100,EQ,NSE,NSE
5974273,23337,75TN54-SG,0.01,100,EQ,NSE,NSE
5667073,22137,75TR30-SG,0.01,100,EQ,NSE,NSE
194524417,759861,75TS51-SG,0.01,100,EQ,NSE,NSE
194524673,759862,75TS52-SG,0.01,100,EQ,NSE,NSE
6027777,23546,75UK29-SG,0.01,100,EQ,NSE,NSE
4629761,18085,75UP35-SG,0.01,100,EQ,NSE,NSE
194584833,760097,75WB37-SG,0.01,100,EQ,NSE,NSE
193977089,757723,760ABCL35-N0,0.01,1,EQ,NSE,NSE
194754049,760758,760BR50-SG,0.01,100,EQ,NSE,NSE
7689217,30036,760CIT38-N0,0.01,1,EQ,NSE,NSE
193885441,757365,760GFL30-N0,0.01,1,EQ,NSE,NSE
5835009,22793,760PFC29-N0,0.01,1,EQ,NSE,NSE
5113857,19976,760PFCL35-N3,0.01,1,EQ,NSE,NSE
194725633,760647,760TOPL29-N0,0.01,1,EQ,NSE,NSE
195365633,763147,7616ABHF29-N0,0.01,1,EQ,NSE,NSE
194380801,759300,761ABCL35A-N0,0.01,1,EQ,NSE,NSE
194910721,761370,761AP41-SG,0.01,100,EQ,NSE,NSE
194708993,760582,761AP42-SG,0.01,100,EQ,NSE,NSE
5005313,19552,761AP43-SG,0.01,100,EQ,NSE,NSE
2695937,10531,761GJ32-SG,0.01,100,EQ,NSE,NSE
193443841,755640,761GJ39-SG,0.01,100,EQ,NSE,NSE
1828353,7142,761GS2030-GS,0.01,1,EQ,NSE,NSE
5309953,20742,761HP38-SG,0.01,100,EQ,NSE,NSE
2778369,10853,761HR32-SG,0.01,100,EQ,NSE,NSE
194733569,760678,761HR43-SG,0.01,100,EQ,NSE,NSE
3362561,13135,761JK42-SG,0.01,100,EQ,NSE,NSE
194957825,761554,761KA34-SG,0.01,100,EQ,NSE,NSE
6410753,25042,761LIC34-N0,0.01,1,EQ,NSE,NSE
2415361,9435,761MH29-SG,0.01,100,EQ,NSE,NSE
195593985,764039,761MP44-SG,0.01,100,EQ,NSE,NSE
3424513,13377,761RJ32-SG,0.01,100,EQ,NSE,NSE
3866881,15105,761RJ43-SG,0.01,100,EQ,NSE,NSE
195393025,763254,761SIDBI29-N0,0.01,1,EQ,NSE,NSE
195463169,763528,761TFSIL28-N0,0.01,1,EQ,NSE,NSE
2778113,10852,761TN32-SG,0.01,100,EQ,NSE,NSE
3425025,13379,761TN32A-SG,0.01,100,EQ,NSE,NSE
194761985,760789,761TN56-SG,0.01,100,EQ,NSE,NSE
3606529,14088,761TS32-SG,0.01,100,EQ,NSE,NSE
194733057,760676,761TS42-SG,0.01,100,EQ,NSE,NSE
3867137,15106,761TS44-SG,0.01,100,EQ,NSE,NSE
194734593,760682,761TS52-SG,0.01,100,EQ,NSE,NSE
194658817,760386,761WB41-SG,0.01,100,EQ,NSE,NSE
194710017,760586,761WB45-SG,0.01,100,EQ,NSE,NSE
194286849,758933,762AP36-SG,0.01,100,EQ,NSE,NSE
194899969,761328,762AP39-SG,0.01,100,EQ,NSE,NSE
3423233,13372,762AR32-SG,0.01,100,EQ,NSE,NSE
3242497,12666,762AS32-SG,0.01,100,EQ,NSE,NSE
4911617,19186,762AS33-SG,0.01,100,EQ,NSE,NSE
194910977,761371,762AS41-SG,0.01,100,EQ,NSE,NSE
194757377,760771,762AS46-SG,0.01,100,EQ,NSE,NSE
4910337,19181,762BR31-SG,0.01,100,EQ,NSE,NSE
2778625,10854,762BR32-SG,0.01,100,EQ,NSE,NSE
3245569,12678,762GA32-SG,0.01,100,EQ,NSE,NSE
3423489,13373,762GA32A-SG,0.01,100,EQ,NSE,NSE
4986881,19480,762GJ28-SG,0.01,100,EQ,NSE,NSE
2966785,11589,762GJ29-SG,0.01,100,EQ,NSE,NSE
2441729,9538,762GS2039-GS,0.01,1,EQ,NSE,NSE
4996865,19519,762HP43-SG,0.01,100,EQ,NSE,NSE
3481601,13600,762HR31-SG,0.01,100,EQ,NSE,NSE
194758657,760776,762JK41-SG,0.01,100,EQ,NSE,NSE
194960897,761566,762KA36-SG,0.01,100,EQ,NSE,NSE
5309185,20739,762KL38-SG,0.01,100,EQ,NSE,NSE
5362689,20948,762KL44-SG,0.01,100,EQ,NSE,NSE
3487745,13624,762KL53-SG,0.01,100,EQ,NSE,NSE
2481921,9695,762MH30-SG,0.01,100,EQ,NSE,NSE
2886913,11277,762MH30A-SG,0.01,100,EQ,NSE,NSE
3626241,14165,762MN35-SG,0.01,100,EQ,NSE,NSE
3625729,14163,762MP34-SG,0.01,100,EQ,NSE,NSE
194820097,761016,762MP39-SG,0.01,100,EQ,NSE,NSE
3626497,14166,762MZ36-SG,0.01,100,EQ,NSE,NSE
194634753,760292,762MZ38-SG,0.01,100,EQ,NSE,NSE
5953025,23254,762NABAR29-N3,0.01,1,EQ,NSE,NSE
2752257,10751,762NTPC35F-ND,0.01,1,EQ,NSE,NSE
3244289,12673,762PN32-SG,0.01,100,EQ,NSE,NSE
194717953,760617,762PN33-SG,0.01,100,EQ,NSE,NSE
3865601,15100,762PN38-SG,0.01,100,EQ,NSE,NSE
195526657,763776,762PN39-SG,0.01,100,EQ,NSE,NSE
3625985,14164,762PY35-SG,0.01,100,EQ,NSE,NSE
4996609,19518,762RJ43-SG,0.01,100,EQ,NSE,NSE
193533441,755990,762TCL30-N0,0.01,1,EQ,NSE,NSE
3482113,13602,762TN33-SG,0.01,100,EQ,NSE,NSE
5759745,22499,762TN34-SG,0.01,100,EQ,NSE,NSE
195692289,764423,762TN41-SG,0.01,100,EQ,NSE,NSE
3560449,13908,762TN43-SG,0.01,100,EQ,NSE,NSE
4988929,19488,762TN53-SG,0.01,100,EQ,NSE,NSE
3511297,13716,762UK33-SG,0.01,100,EQ,NSE,NSE
192959489,753748,762UK35-SG,0.01,100,EQ,NSE,NSE
5307393,20732,762UP33-SG,0.01,100,EQ,NSE,NSE
5308161,20735,762UP34-SG,0.01,100,EQ,NSE,NSE
3527169,13778,762UP35-SG,0.01,100,EQ,NSE,NSE
194484481,759705,762UP41-SG,0.01,100,EQ,NSE,NSE
194692097,760516,762WB41-SG,0.01,100,EQ,NSE,NSE
194753537,760756,762WB47-SG,0.01,100,EQ,NSE,NSE
194224897,758691,76377AIF29-N0,0.01,1,EQ,NSE,NSE
2439937,9531,763AP30-SG,0.01,100,EQ,NSE,NSE
195346433,763072,763AP34-SG,0.01,100,EQ,NSE,NSE
194287361,758935,763AP37-SG,0.01,100,EQ,NSE,NSE
5307905,20734,763AR33-SG,0.01,100,EQ,NSE,NSE
194286337,758931,763AS35-SG,0.01,100,EQ,NSE,NSE
5309697,20741,763BR38-SG,0.01,100,EQ,NSE,NSE
194723329,760638,763BR40-SG,0.01,100,EQ,NSE,NSE
5307649,20733,763GA33-SG,0.01,100,EQ,NSE,NSE
3562497,13916,763GJ32-SG,0.01,100,EQ,NSE,NSE
5595137,21856,763GJ33-SG,0.01,100,EQ,NSE,NSE
5595649,21858,763GJ34-SG,0.01,100,EQ,NSE,NSE
8099073,31637,763GJ37-SG,0.01,100,EQ,NSE,NSE
2536193,9907,763GS2059-GS,0.01,1,EQ,NSE,NSE
194647553,760342,763HLICL35-N0,0.01,1,EQ,NSE,NSE
3360513,13127,763HP37-SG,0.01,100,EQ,NSE,NSE
2501121,9770,763HR28-SG,0.01,100,EQ,NSE,NSE
2414849,9433,763HR29-SG,0.01,100,EQ,NSE,NSE
3390465,13244,763HR32-SG,0.01,100,EQ,NSE,NSE
3488513,13627,763HR33-SG,0.01,100,EQ,NSE,NSE
3606273,14087,763JH30-SG,0.01,100,EQ,NSE,NSE
5053953,19742,763JK53-SG,0.01,100,EQ,NSE,NSE
5243649,20483,763JK53A-SG,0.01,100,EQ,NSE,NSE
3249153,12692,763KA37-SG,0.01,100,EQ,NSE,NSE
3360769,13128,763KA39-SG,0.01,100,EQ,NSE,NSE
3362305,13134,763KA40-SG,0.01,100,EQ,NSE,NSE
3253761,12710,763KA42-SG,0.01,100,EQ,NSE,NSE
3424001,13375,763KL32-SG,0.01,100,EQ,NSE,NSE
3257857,12726,763KL43-SG,0.01,100,EQ,NSE,NSE
2415873,9437,763MH30-SG,0.01,100,EQ,NSE,NSE
5760001,22500,763MH35-SG,0.01,100,EQ,NSE,NSE
5760513,22502,763MH36-SG,0.01,100,EQ,NSE,NSE
195952129,765438,763MH39-SG,0.01,100,EQ,NSE,NSE
5307137,20731,763ML32-SG,0.01,100,EQ,NSE,NSE
194484737,759706,763MP41-SG,0.01,100,EQ,NSE,NSE
194761729,760788,763MP48-SG,0.01,100,EQ,NSE,NSE
195922433,765322,763MZ41-SG,0.01,100,EQ,NSE,NSE
3252737,12706,763PN39-SG,0.01,100,EQ,NSE,NSE
3425793,13382,763PY32-SG,0.01,100,EQ,NSE,NSE
5761281,22505,763RJ41-SG,0.01,100,EQ,NSE,NSE
3160321,12345,763TN47-SG,0.01,100,EQ,NSE,NSE
194716673,760612,763TN56-SG,0.01,100,EQ,NSE,NSE
3511809,13718,763TS36-SG,0.01,100,EQ,NSE,NSE
3154177,12321,763TS43-SG,0.01,100,EQ,NSE,NSE
3155969,12328,763TS44-SG,0.01,100,EQ,NSE,NSE
194958337,761556,763UK35-SG,0.01,100,EQ,NSE,NSE
5310209,20743,763WB38-SG,0.01,100,EQ,NSE,NSE
194734081,760680,763WB46-SG,0.01,100,EQ,NSE,NSE
7613953,29742,7645LICH30-N0,0.01,1,EQ,NSE,NSE
5898497,23041,764ABL34-N0,0.01,1,EQ,NSE,NSE
5502465,21494,764AP31-SG,0.01,100,EQ,NSE,NSE
3248385,12689,764AP33-SG,0.01,100,EQ,NSE,NSE
194708225,760579,764AP40-SG,0.01,100,EQ,NSE,NSE
195714305,764509,764AP56-SG,0.01,100,EQ,NSE,NSE
5265921,20570,764AR30-SG,0.01,100,EQ,NSE,NSE
3389953,13242,764BR32-SG,0.01,100,EQ,NSE,NSE
194575361,760060,764CG40-SG,0.01,100,EQ,NSE,NSE
195592449,764033,764CG42-SG,0.01,100,EQ,NSE,NSE
5266177,20571,764GA30-SG,0.01,100,EQ,NSE,NSE
3555073,13887,764GA33-SG,0.01,100,EQ,NSE,NSE
3486465,13619,764GA38-SG,0.01,100,EQ,NSE,NSE
5443073,21262,764GJ31-SG,0.01,100,EQ,NSE,NSE
5504001,21500,764GJ33-SG,0.01,100,EQ,NSE,NSE
5504769,21503,764GJ34-SG,0.01,100,EQ,NSE,NSE
5507073,21512,764HP39-SG,0.01,100,EQ,NSE,NSE
3562241,13915,764HR31-SG,0.01,100,EQ,NSE,NSE
5101569,19928,764HUDCO31-N8,0.01,1,EQ,NSE,NSE
3883009,15168,764IRFC31-NO,0.01,1,EQ,NSE,NSE
5222913,20402,764JK50-SG,0.01,100,EQ,NSE,NSE
4997889,19523,764KA32-SG,0.01,100,EQ,NSE,NSE
5310465,20744,764KA39-SG,0.01,100,EQ,NSE,NSE
3483137,13606,764KL34-SG,0.01,100,EQ,NSE,NSE
194722817,760636,764KL39-SG,0.01,100,EQ,NSE,NSE
194761473,760787,764KL47-SG,0.01,100,EQ,NSE,NSE
2888961,11285,764MH32-SG,0.01,100,EQ,NSE,NSE
3554817,13886,764MH33-SG,0.01,100,EQ,NSE,NSE
195594241,764040,764MN40-SG,0.01,100,EQ,NSE,NSE
3607809,14093,764MP33-SG,0.01,100,EQ,NSE,NSE
195378689,763198,764MP34-SG,0.01,100,EQ,NSE,NSE
5128705,20034,764NABAR31-N2,0.01,1,EQ,NSE,NSE
195692033,764422,764OR40-SG,0.01,100,EQ,NSE,NSE
5500161,21485,764REC34-NK,0.01,1,EQ,NSE,NSE
195346689,763073,764RJ36-SG,0.01,100,EQ,NSE,NSE
3558913,13902,764RJ38-SG,0.01,100,EQ,NSE,NSE
5213697,20366,764RJ49-SG,0.01,100,EQ,NSE,NSE
5840641,22815,764RL27-NM,0.01,1,EQ,NSE,NSE
2675713,10452,764TN29-SG,0.01,100,EQ,NSE,NSE
2699265,10544,764TN32-SG,0.01,100,EQ,NSE,NSE
3608833,14097,764TS33-SG,0.01,100,EQ,NSE,NSE
194753025,760754,764TS44-SG,0.01,100,EQ,NSE,NSE
195526913,763777,764TS44A-SG,0.01,100,EQ,NSE,NSE
194689281,760505,764UK32-SG,0.01,100,EQ,NSE,NSE
195691777,764421,764UK38-SG,0.01,100,EQ,NSE,NSE
3611905,14109,764UP36-SG,0.01,100,EQ,NSE,NSE
3391489,13248,764WB32-SG,0.01,100,EQ,NSE,NSE
194708737,760581,764WB41-SG,0.01,100,EQ,NSE,NSE
3486977,13621,764WB42-SG,0.01,100,EQ,NSE,NSE
194733313,760677,764WB42A-SG,0.01,100,EQ,NSE,NSE
4997121,19520,764WB43-SG,0.01,100,EQ,NSE,NSE
5362177,20946,764WB43A-SG,0.01,100,EQ,NSE,NSE
195595521,764045,764WB44-SG,0.01,100,EQ,NSE,NSE
194912001,761375,765AP43-SG,0.01,100,EQ,NSE,NSE
2755841,10765,765AS32-SG,0.01,100,EQ,NSE,NSE
194731009,760668,765AS38-SG,0.01,100,EQ,NSE,NSE
2695425,10529,765BR32-SG,0.01,100,EQ,NSE,NSE
2744577,10721,765BR32A-SG,0.01,100,EQ,NSE,NSE
194689793,760507,765BR33-SG,0.01,100,EQ,NSE,NSE
194733825,760679,765BR44-SG,0.01,100,EQ,NSE,NSE
194734337,760681,765BR51-SG,0.01,100,EQ,NSE,NSE
5758465,22494,765CG33-SG,0.01,100,EQ,NSE,NSE
3390209,13243,765GA32-SG,0.01,100,EQ,NSE,NSE
5180929,20238,765GA33-SG,0.01,100,EQ,NSE,NSE
5758977,22496,765GA34-SG,0.01,100,EQ,NSE,NSE
2619649,10233,765GJ29-SG,0.01,100,EQ,NSE,NSE
5214209,20368,765GJ29A-SG,0.01,100,EQ,NSE,NSE
3574785,13964,765GJ33-SG,0.01,100,EQ,NSE,NSE
5944833,23222,765HDFC34-N1,0.01,1,EQ,NSE,NSE
5308929,20738,765HP35-SG,0.01,100,EQ,NSE,NSE
3572993,13957,765HR30-SG,0.01,100,EQ,NSE,NSE
3553793,13882,765HR33-SG,0.01,100,EQ,NSE,NSE
3653633,14272,765HR33A-SG,0.01,100,EQ,NSE,NSE
5181441,20240,765HR33B-SG,0.01,100,EQ,NSE,NSE
194634497,760291,765JK37-SG,0.01,100,EQ,NSE,NSE
3426305,13384,765KA34-SG,0.01,100,EQ,NSE,NSE
3582977,13996,765KL48-SG,0.01,100,EQ,NSE,NSE
6496257,25376,765LICH31-N0,0.01,1,EQ,NSE,NSE
194910465,761369,765MP40-SG,0.01,100,EQ,NSE,NSE
194923009,761418,765MP41-SG,0.01,100,EQ,NSE,NSE
194731521,760670,765MZ41-SG,0.01,100,EQ,NSE,NSE
5335297,20841,765NBFID38-N0,0.01,1,EQ,NSE,NSE
3391233,13247,765NL32-SG,0.01,100,EQ,NSE,NSE
5456641,21315,765PGCIL34-N0,0.01,1,EQ,NSE,NSE
3067137,11981,765PN42-SG,0.01,100,EQ,NSE,NSE
195714049,764508,765PN43-SG,0.01,100,EQ,NSE,NSE
2699009,10543,765RJ32-SG,0.01,100,EQ,NSE,NSE
2889729,11288,765RJ32A-SG,0.01,100,EQ,NSE,NSE
3553537,13881,765RJ33-SG,0.01,100,EQ,NSE,NSE
194960129,761563,765RJ36-SG,0.01,100,EQ,NSE,NSE
194708481,760580,765RJ40-SG,0.01,100,EQ,NSE,NSE
5053441,19740,765RJ48-SG,0.01,100,EQ,NSE,NSE
195527425,763779,765RJ53-SG,0.01,100,EQ,NSE,NSE
6642689,25948,765SHFL29-N0,0.01,1,EQ,NSE,NSE
195175169,762403,765SICCL31-N0,0.01,1,EQ,NSE,NSE
194505473,759787,765TMCV27-N0,0.01,1,EQ,NSE,NSE
194511617,759811,765TMCV28-N0,0.01,1,EQ,NSE,NSE
193581825,756179,765TML28-N0,0.01,1,EQ,NSE,NSE
2619905,10234,765TN29-SG,0.01,100,EQ,NSE,NSE
5096449,19908,765TN30-SG,0.01,100,EQ,NSE,NSE
3551745,13874,765TN33-SG,0.01,100,EQ,NSE,NSE
4998145,19524,765TN33A-SG,0.01,100,EQ,NSE,NSE
3583233,13997,765TN53-SG,0.01,100,EQ,NSE,NSE
194301697,758991,765TPREL40-N0,0.01,1,EQ,NSE,NSE
5680129,22188,765TS30-SG,0.01,100,EQ,NSE,NSE
5004801,19550,765TS39-SG,0.01,100,EQ,NSE,NSE
195527169,763778,765TS49-SG,0.01,100,EQ,NSE,NSE
194715905,760609,765TS52-SG,0.01,100,EQ,NSE,NSE
194716417,760611,765TS55-SG,0.01,100,EQ,NSE,NSE
195527681,763780,765TS55A-SG,0.01,100,EQ,NSE,NSE
5654017,22086,765UP30-SG,0.01,100,EQ,NSE,NSE
5361409,20943,765UP34-SG,0.01,100,EQ,NSE,NSE
195595777,764046,765WB52-SG,0.01,100,EQ,NSE,NSE
3573249,13958,766AP32-SG,0.01,100,EQ,NSE,NSE
5001729,19538,766AP37-SG,0.01,100,EQ,NSE,NSE
5022977,19621,766AP42-SG,0.01,100,EQ,NSE,NSE
192962305,753759,766AS36-SG,0.01,100,EQ,NSE,NSE
3609089,14098,766BR33-SG,0.01,100,EQ,NSE,NSE
195646209,764243,766BR41-SG,0.01,100,EQ,NSE,NSE
3652865,14269,766GJ30-SG,0.01,100,EQ,NSE,NSE
5242625,20479,766GJ30A-SG,0.01,100,EQ,NSE,NSE
5443585,21264,766GJ32-SG,0.01,100,EQ,NSE,NSE
3746561,14635,766HR29-SG,0.01,100,EQ,NSE,NSE
5000449,19533,766HR35-SG,0.01,100,EQ,NSE,NSE
5760257,22501,766HR36-SG,0.01,100,EQ,NSE,NSE
194927617,761436,766JCL31-N0,0.01,1,EQ,NSE,NSE
3152129,12313,766KA42-SG,0.01,100,EQ,NSE,NSE
194819585,761014,766KL39-SG,0.01,100,EQ,NSE,NSE
5052673,19737,766KL46-SG,0.01,100,EQ,NSE,NSE
3728129,14563,766KL50-SG,0.01,100,EQ,NSE,NSE
7502081,29305,766LICH29-N0,0.01,1,EQ,NSE,NSE
3724545,14549,766MH33-SG,0.01,100,EQ,NSE,NSE
194715393,760607,766MH47-SG,0.01,100,EQ,NSE,NSE
194716161,760610,766MH52-SG,0.01,100,EQ,NSE,NSE
5179137,20231,766ML32-SG,0.01,100,EQ,NSE,NSE
3727105,14559,766MP48-SG,0.01,100,EQ,NSE,NSE
195922689,765323,766MP48A-SG,0.01,100,EQ,NSE,NSE
192427265,751669,766NBFID36-N0,0.01,1,EQ,NSE,NSE
5591553,21842,766RJ31-SG,0.01,100,EQ,NSE,NSE
3573761,13960,766RJ33-SG,0.01,100,EQ,NSE,NSE
5758721,22495,766RJ33A-SG,0.01,100,EQ,NSE,NSE
5759233,22497,766RJ34-SG,0.01,100,EQ,NSE,NSE
3582465,13994,766RJ43-SG,0.01,100,EQ,NSE,NSE
3654145,14274,766SK33-SG,0.01,100,EQ,NSE,NSE
5357569,20928,766TN33-SG,0.01,100,EQ,NSE,NSE
5023233,19622,766TN43-SG,0.01,100,EQ,NSE,NSE
3427073,13387,766TS34-SG,0.01,100,EQ,NSE,NSE
3582721,13995,766TS44-SG,0.01,100,EQ,NSE,NSE
2757377,10771,766UP32-SG,0.01,100,EQ,NSE,NSE
3625473,14162,766UP33-SG,0.01,100,EQ,NSE,NSE
3653889,14273,766UP33A-SG,0.01,100,EQ,NSE,NSE
3559937,13906,766WB39-SG,0.01,100,EQ,NSE,NSE
5587713,21827,766WB43-SG,0.01,100,EQ,NSE,NSE
2482177,9696,767AP31-SG,0.01,100,EQ,NSE,NSE
4988673,19487,767AP38-SG,0.01,100,EQ,NSE,NSE
5506561,21510,767AP38A-SG,0.01,100,EQ,NSE,NSE
3066881,11980,767AS32-SG,0.01,100,EQ,NSE,NSE
3552513,13877,767AS33-SG,0.01,100,EQ,NSE,NSE
3607553,14092,767AS33A-SG,0.01,100,EQ,NSE,NSE
4998657,19526,767AS33B-SG,0.01,100,EQ,NSE,NSE
5593345,21849,767CG31-SG,0.01,100,EQ,NSE,NSE
5504513,21502,767CG33-SG,0.01,100,EQ,NSE,NSE
194485249,759708,767CG43-SG,0.01,100,EQ,NSE,NSE
4998913,19527,767GA33-SG,0.01,100,EQ,NSE,NSE
5359873,20937,767GA33A-SG,0.01,100,EQ,NSE,NSE
5506305,21509,767HP34-SG,0.01,100,EQ,NSE,NSE
2888705,11284,767HR32-SG,0.01,100,EQ,NSE,NSE
5361665,20944,767HR35-SG,0.01,100,EQ,NSE,NSE
194575617,760061,767HR41-SG,0.01,100,EQ,NSE,NSE
3393793,13257,767JH37-SG,0.01,100,EQ,NSE,NSE
194706177,760571,767JK38-SG,0.01,100,EQ,NSE,NSE
3067905,11984,767KA32-SG,0.01,100,EQ,NSE,NSE
5176833,20222,767KA36-SG,0.01,100,EQ,NSE,NSE
5585921,21820,767KA42-SG,0.01,100,EQ,NSE,NSE
2777857,10851,767KL34-SG,0.01,100,EQ,NSE,NSE
5761537,22506,767KL43-SG,0.01,100,EQ,NSE,NSE
3575041,13965,767MP33-SG,0.01,100,EQ,NSE,NSE
195492609,763643,767NHPCL32-N0,0.01,1,EQ,NSE,NSE
195493121,763645,767NHPCL33-N0,0.01,1,EQ,NSE,NSE
195493633,763647,767NHPCL34-N0,0.01,1,EQ,NSE,NSE
195494145,763649,767NHPCL35-N0,0.01,1,EQ,NSE,NSE
195494657,763651,767NHPCL36-N0,0.01,1,EQ,NSE,NSE
195495169,763653,767NHPCL37-N0,0.01,1,EQ,NSE,NSE
195495681,763655,767NHPCL38-N0,0.01,1,EQ,NSE,NSE
195496193,763657,767NHPCL39-N0,0.01,1,EQ,NSE,NSE
195496705,763659,767NHPCL40-N0,0.01,1,EQ,NSE,NSE
195497217,763661,767NHPCL41-N0,0.01,1,EQ,NSE,NSE
2698497,10541,767NL32-SG,0.01,100,EQ,NSE,NSE
3488257,13626,767NL33-SG,0.01,100,EQ,NSE,NSE
3575553,13967,767NL33A-SG,0.01,100,EQ,NSE,NSE
5182209,20243,767NL33B-SG,0.01,100,EQ,NSE,NSE
4906753,19167,767PN35-SG,0.01,100,EQ,NSE,NSE
5361153,20942,767RJ33-SG,0.01,100,EQ,NSE,NSE
5596929,21863,767RJ34-SG,0.01,100,EQ,NSE,NSE
5240321,20470,767TN30-SG,0.01,100,EQ,NSE,NSE
3728385,14564,767TN53-SG,0.01,100,EQ,NSE,NSE
3427585,13389,767TS35-SG,0.01,100,EQ,NSE,NSE
5051649,19733,767TS45-SG,0.01,100,EQ,NSE,NSE
194485505,759709,767TS46-SG,0.01,100,EQ,NSE,NSE
3610113,14102,767UK33-SG,0.01,100,EQ,NSE,NSE
5358337,20931,767UK33A-SG,0.01,100,EQ,NSE,NSE
194484993,759707,767UK41-SG,0.01,100,EQ,NSE,NSE
5360129,20938,767UP33-SG,0.01,100,EQ,NSE,NSE
194828545,761049,767UP41-SG,0.01,100,EQ,NSE,NSE
3388673,13237,767WB37-SG,0.01,100,EQ,NSE,NSE
3430145,13399,767WB39-SG,0.01,100,EQ,NSE,NSE
3430657,13401,767WB41-SG,0.01,100,EQ,NSE,NSE
5761793,22507,767WB43-SG,0.01,100,EQ,NSE,NSE
5762049,22508,767WB44-SG,0.01,100,EQ,NSE,NSE
194753281,760755,767WB44A-SG,0.01,100,EQ,NSE,NSE
194761217,760786,767WB46-SG,0.01,100,EQ,NSE,NSE
194613505,760209,76825AIFL2-N0,0.01,1,EQ,NSE,NSE
7383041,28840,7685TCHF28-N0,0.01,1,EQ,NSE,NSE
5598721,21870,768AP37-SG,0.01,100,EQ,NSE,NSE
194762241,760790,768AP39-SG,0.01,100,EQ,NSE,NSE
195667457,764326,768AP51-SG,0.01,100,EQ,NSE,NSE
5182465,20244,768AR33-SG,0.01,100,EQ,NSE,NSE
5502977,21496,768AS31-SG,0.01,100,EQ,NSE,NSE
2695169,10528,768AS32-SG,0.01,100,EQ,NSE,NSE
194762497,760791,768AS41-SG,0.01,100,EQ,NSE,NSE
3068161,11985,768BR32-SG,0.01,100,EQ,NSE,NSE
3653377,14271,768BR33-SG,0.01,100,EQ,NSE,NSE
5503745,21499,768CG32-SG,0.01,100,EQ,NSE,NSE
195377921,763195,768CG36-SG,0.01,100,EQ,NSE,NSE
3623937,14156,768GJ30-SG,0.01,100,EQ,NSE,NSE
3724289,14548,768GJ33-SG,0.01,100,EQ,NSE,NSE
194049793,758007,768GSGL28-N0,0.01,1,EQ,NSE,NSE
194050305,758009,768GSGL28A-N0,0.01,1,EQ,NSE,NSE
194050817,758011,768GSGL28B-N0,0.01,1,EQ,NSE,NSE
194051329,758013,768GSGL28C-N0,0.01,1,EQ,NSE,NSE
3147521,12295,768HR31-SG,0.01,100,EQ,NSE,NSE
3575809,13968,768HR33-SG,0.01,100,EQ,NSE,NSE
5337089,20848,768IREDA33-N8,0.01,1,EQ,NSE,NSE
5593857,21851,768JH32-SG,0.01,100,EQ,NSE,NSE
3251457,12701,768JK37-SG,0.01,100,EQ,NSE,NSE
194483713,759702,768JK38-SG,0.01,100,EQ,NSE,NSE
5449729,21288,768JK44-SG,0.01,100,EQ,NSE,NSE
3066369,11978,768KA31-SG,0.01,100,EQ,NSE,NSE
3393025,13254,768KA34-SG,0.01,100,EQ,NSE,NSE
5361921,20945,768KA37-SG,0.01,100,EQ,NSE,NSE
194961153,761567,768KA37A-SG,0.01,100,EQ,NSE,NSE
5507329,21513,768KA39-SG,0.01,100,EQ,NSE,NSE
194959873,761562,768KL36-SG,0.01,100,EQ,NSE,NSE
194913537,761381,768KL49-SG,0.01,100,EQ,NSE,NSE
6120193,23907,768LIC34-N4,0.01,1,EQ,NSE,NSE
5022465,19619,768MP34-SG,0.01,100,EQ,NSE,NSE
194763009,760793,768MP43-SG,0.01,100,EQ,NSE,NSE
195027969,761828,768NIIF31-N0,0.01,1,EQ,NSE,NSE
3429889,13398,768PN39-SG,0.01,100,EQ,NSE,NSE
2886657,11276,768PN42-SG,0.01,100,EQ,NSE,NSE
195667713,764327,768RJ44-SG,0.01,100,EQ,NSE,NSE
6187777,24171,768SID27-N0,0.01,1,EQ,NSE,NSE
5803009,22668,768SIDB27-N2,0.01,1,EQ,NSE,NSE
5952513,23252,768SIDBI27-N3,0.01,1,EQ,NSE,NSE
5021185,19614,768TN30-SG,0.01,100,EQ,NSE,NSE
5054721,19745,768TN30A-SG,0.01,100,EQ,NSE,NSE
5205761,20335,768TN30B-SG,0.01,100,EQ,NSE,NSE
5177601,20225,768TS37-SG,0.01,100,EQ,NSE,NSE
3582209,13993,768TS42-SG,0.01,100,EQ,NSE,NSE
194582017,760086,768TS44-SG,0.01,100,EQ,NSE,NSE
2889985,11289,768UP32-SG,0.01,100,EQ,NSE,NSE
5000193,19532,768UP34-SG,0.01,100,EQ,NSE,NSE
5176321,20220,768UP34A-SG,0.01,100,EQ,NSE,NSE
2890497,11291,768WB32-SG,0.01,100,EQ,NSE,NSE
3552769,13878,769AP35-SG,0.01,100,EQ,NSE,NSE
5168641,20190,769AP42-SG,0.01,100,EQ,NSE,NSE
194597889,760148,769AP42A-SG,0.01,100,EQ,NSE,NSE
3673857,14351,769AP43-SG,0.01,100,EQ,NSE,NSE
3573505,13959,769AS33-SG,0.01,100,EQ,NSE,NSE
2888193,11282,769BR32-SG,0.01,100,EQ,NSE,NSE
195377665,763194,769BR35-SG,0.01,100,EQ,NSE,NSE
5761025,22504,769BR39-SG,0.01,100,EQ,NSE,NSE
194601729,760163,769BR54-SG,0.01,100,EQ,NSE,NSE
2888449,11283,769GA32-SG,0.01,100,EQ,NSE,NSE
3149057,12301,769GA32A-SG,0.01,100,EQ,NSE,NSE
5597441,21865,769GA34-SG,0.01,100,EQ,NSE,NSE
2531329,9888,769GS2043-GS,0.01,1,EQ,NSE,NSE
194621185,760239,769HP46-SG,0.01,100,EQ,NSE,NSE
2527489,9873,769HR27-SG,0.01,100,EQ,NSE,NSE
194763521,760795,769HR41-SG,0.01,100,EQ,NSE,NSE
194818305,761009,769HR42-SG,0.01,100,EQ,NSE,NSE
194923265,761419,769HR42A-SG,0.01,100,EQ,NSE,NSE
194912257,761376,769HR44-SG,0.01,100,EQ,NSE,NSE
195952641,765440,769HR48-SG,0.01,100,EQ,NSE,NSE
5102081,19930,769HUDCO31-N9,0.01,1,EQ,NSE,NSE
194767617,760811,769ICPR35-N0,0.01,1,EQ,NSE,NSE
883457,3451,769IGT28-NH,0.01,1,EQ,NSE,NSE
5021441,19615,769KA33-SG,0.01,100,EQ,NSE,NSE
5220353,20392,769KA33A-SG,0.01,100,EQ,NSE,NSE
5514241,21540,769KA40-SG,0.01,100,EQ,NSE,NSE
2890753,11292,769KL40-SG,0.01,100,EQ,NSE,NSE
5794049,22633,769LIC34-N0,0.01,1,EQ,NSE,NSE
7104001,27750,769LICH26-N0,0.01,1,EQ,NSE,NSE
3719937,14531,769MH31-SG,0.01,100,EQ,NSE,NSE
194286593,758932,769ML35-SG,0.01,100,EQ,NSE,NSE
3392513,13252,769MN34-SG,0.01,100,EQ,NSE,NSE
3674113,14352,769MP43-SG,0.01,100,EQ,NSE,NSE
2485249,9708,769MZ31-SG,0.01,100,EQ,NSE,NSE
3557633,13897,769MZ37-SG,0.01,100,EQ,NSE,NSE
195622657,764151,769MZ41-SG,0.01,100,EQ,NSE,NSE
3719425,14529,769NHAI31-NE,0.01,1,EQ,NSE,NSE
5760769,22503,769PN36-SG,0.01,100,EQ,NSE,NSE
3681537,14381,769PN39-SG,0.01,100,EQ,NSE,NSE
3429633,13397,769PY37-SG,0.01,100,EQ,NSE,NSE
3681281,14380,769RJ39-SG,0.01,100,EQ,NSE,NSE
193774081,756930,769TFSIL28-N0,0.01,1,EQ,NSE,NSE
195516161,763735,769TN33-SG,0.01,100,EQ,NSE,NSE
3428609,13393,769TN37-SG,0.01,100,EQ,NSE,NSE
3673345,14349,769TN43-SG,0.01,100,EQ,NSE,NSE
3720449,14533,769TS32-SG,0.01,100,EQ,NSE,NSE
194938113,761477,769TS56-SG,0.01,100,EQ,NSE,NSE
195379713,763202,769UK36-SG,0.01,100,EQ,NSE,NSE
3556097,13891,769UP35-SG,0.01,100,EQ,NSE,NSE
4988161,19485,769UP35A-SG,0.01,100,EQ,NSE,NSE
3671041,14340,769WB39-SG,0.01,100,EQ,NSE,NSE
3672833,14347,769WB42-SG,0.01,100,EQ,NSE,NSE
194715649,760608,769WB49-SG,0.01,100,EQ,NSE,NSE
2892545,11299,76AP28-SG,0.01,100,EQ,NSE,NSE
3828225,14954,76AP29-SG,0.01,100,EQ,NSE,NSE
4905985,19164,76AP34-SG,0.01,100,EQ,NSE,NSE
5515009,21543,76AP44-SG,0.01,100,EQ,NSE,NSE
194709505,760584,76AP44A-SG,0.01,100,EQ,NSE,NSE
194709761,760585,76AP45-SG,0.01,100,EQ,NSE,NSE
194634241,760290,76BR37-SG,0.01,100,EQ,NSE,NSE
3242753,12667,76GJ32-SG,0.01,100,EQ,NSE,NSE
5758209,22493,76GJ33-SG,0.01,100,EQ,NSE,NSE
3611393,14107,76GJ35-SG,0.01,100,EQ,NSE,NSE
194731265,760669,76HR39-SG,0.01,100,EQ,NSE,NSE
3610369,14103,76JK35-SG,0.01,100,EQ,NSE,NSE
195592961,764035,76JK38-SG,0.01,100,EQ,NSE,NSE
194693121,760520,76JK45-SG,0.01,100,EQ,NSE,NSE
5023489,19623,76JK53-SG,0.01,100,EQ,NSE,NSE
5170433,20197,76JK53A-SG,0.01,100,EQ,NSE,NSE
3390721,13245,76KA32-SG,0.01,100,EQ,NSE,NSE
3423745,13374,76KA32A-SG,0.01,100,EQ,NSE,NSE
3481857,13601,76KA33-SG,0.01,100,EQ,NSE,NSE
5309441,20740,76KA38-SG,0.01,100,EQ,NSE,NSE
195180289,762423,76KL33-SG,0.01,100,EQ,NSE,NSE
194692609,760518,76KL42-SG,0.01,100,EQ,NSE,NSE
3561217,13911,76KL45-SG,0.01,100,EQ,NSE,NSE
5615105,21934,76MH30-SG,0.01,100,EQ,NSE,NSE
3072769,12003,76NHAI31-NA,0.01,1,EQ,NSE,NSE
194308353,759017,76RCFL29-N0,0.01,1,EQ,NSE,NSE
5757953,22492,76TN31-SG,0.01,100,EQ,NSE,NSE
2744321,10720,76TN32-SG,0.01,100,EQ,NSE,NSE
194692353,760517,76TS42-SG,0.01,100,EQ,NSE,NSE
5514753,21542,76TS43-SG,0.01,100,EQ,NSE,NSE
5516033,21547,76TS47-SG,0.01,100,EQ,NSE,NSE
195181569,762428,76UP33-SG,0.01,100,EQ,NSE,NSE
194774785,760839,76UP37-SG,0.01,100,EQ,NSE,NSE
194692865,760519,76WB45-SG,0.01,100,EQ,NSE,NSE
194710785,760589,76WB47-SG,0.01,100,EQ,NSE,NSE
194273281,758880,770AIFL26-N0,0.01,1,EQ,NSE,NSE
194272769,758878,770AIFL29-N0,0.01,1,EQ,NSE,NSE
2488833,9722,770MH32-SG,0.01,100,EQ,NSE,NSE
6092033,23797,770NABAR27-N4,0.01,1,EQ,NSE,NSE
193579777,756171,770SHFL27-N0,0.01,1,EQ,NSE,NSE
6952449,27158,770SHFL29-N0,0.01,1,EQ,NSE,NSE
7467265,29169,770SUNF28-N0,0.01,1,EQ,NSE,NSE
194750721,760745,770TOPL30-N0,0.01,1,EQ,NSE,NSE
7372033,28797,770TPREL34-N0,0.01,1,EQ,NSE,NSE
6615041,25840,7712TCHF28-N0,0.01,1,EQ,NSE,NSE
5240833,20472,771AP31-SG,0.01,100,EQ,NSE,NSE
2486017,9711,771AP32-SG,0.01,100,EQ,NSE,NSE
3653121,14270,771AP33-SG,0.01,100,EQ,NSE,NSE
3829505,14959,771AP33A-SG,0.01,100,EQ,NSE,NSE
2887937,11281,771AP34-SG,0.01,100,EQ,NSE,NSE
3576833,13972,771AP36-SG,0.01,100,EQ,NSE,NSE
2777089,10848,771AP37-SG,0.01,100,EQ,NSE,NSE
5221889,20398,771AP37A-SG,0.01,100,EQ,NSE,NSE
2776833,10847,771AP39-SG,0.01,100,EQ,NSE,NSE
194763777,760796,771AP41-SG,0.01,100,EQ,NSE,NSE
2776577,10846,771AP42-SG,0.01,100,EQ,NSE,NSE
3624961,14160,771AS33-SG,0.01,100,EQ,NSE,NSE
3694337,14431,771BR33-SG,0.01,100,EQ,NSE,NSE
195646465,764244,771BR44-SG,0.01,100,EQ,NSE,NSE
3679745,14374,771GJ33-SG,0.01,100,EQ,NSE,NSE
3694593,14432,771GJ34-SG,0.01,100,EQ,NSE,NSE
195453185,763489,771GS2066-GS,0.01,1,EQ,NSE,NSE
5312769,20753,771HDFCB33-N0,0.01,1,EQ,NSE,NSE
5208065,20344,771HR33-SG,0.01,100,EQ,NSE,NSE
5241601,20475,771HR33A-SG,0.01,100,EQ,NSE,NSE
5310977,20746,771JK48-SG,0.01,100,EQ,NSE,NSE
5242369,20478,771KA36-SG,0.01,100,EQ,NSE,NSE
5448449,21283,771KA38-SG,0.01,100,EQ,NSE,NSE
2776321,10845,771KL42-SG,0.01,100,EQ,NSE,NSE
5213185,20364,771KL43-SG,0.01,100,EQ,NSE,NSE
194931713,761452,771KL53-SG,0.01,100,EQ,NSE,NSE
5097217,19911,771MH33-SG,0.01,100,EQ,NSE,NSE
2889217,11286,771MN32-SG,0.01,100,EQ,NSE,NSE
5601025,21879,771MP40-SG,0.01,100,EQ,NSE,NSE
193502977,755871,771NIIF35-N0,0.01,1,EQ,NSE,NSE
194777089,760848,771PN38-SG,0.01,100,EQ,NSE,NSE
5496321,21470,771REC27-NJ,0.01,1,EQ,NSE,NSE
5021953,19617,771RJ33-SG,0.01,100,EQ,NSE,NSE
194528769,759878,771SIHF35-N0,0.01,1,EQ,NSE,NSE
4987393,19482,771UK33-SG,0.01,100,EQ,NSE,NSE
5055489,19748,771UP33-SG,0.01,100,EQ,NSE,NSE
194601217,760161,771UP46-SG,0.01,100,EQ,NSE,NSE
3581697,13991,771WB39-SG,0.01,100,EQ,NSE,NSE
5212673,20362,771WB41-SG,0.01,100,EQ,NSE,NSE
5212929,20363,771WB43-SG,0.01,100,EQ,NSE,NSE
195648257,764251,771WB47-SG,0.01,100,EQ,NSE,NSE
195002113,761727,772ABCL31-N0,0.01,1,EQ,NSE,NSE
2694913,10527,772AP34-SG,0.01,100,EQ,NSE,NSE
2743809,10718,772AP35-SG,0.01,100,EQ,NSE,NSE
5022721,19620,772AP36-SG,0.01,100,EQ,NSE,NSE
5166849,20183,772AP38-SG,0.01,100,EQ,NSE,NSE
5050625,19729,772AP41-SG,0.01,100,EQ,NSE,NSE
3721985,14539,772AS33-SG,0.01,100,EQ,NSE,NSE
3625217,14161,772BR33-SG,0.01,100,EQ,NSE,NSE
3680001,14375,772BR33A-SG,0.01,100,EQ,NSE,NSE
194597633,760147,772BR41-SG,0.01,100,EQ,NSE,NSE
3748609,14643,772GJ34-SG,0.01,100,EQ,NSE,NSE
3725569,14553,772GJ35-SG,0.01,100,EQ,NSE,NSE
2458625,9604,772GS2049-GS,0.01,1,EQ,NSE,NSE
1826817,7136,772GS2055-GS,0.01,1,EQ,NSE,NSE
3747073,14637,772HP31-SG,0.01,100,EQ,NSE,NSE
3747329,14638,772HR32-SG,0.01,100,EQ,NSE,NSE
5220609,20393,772HR33-SG,0.01,100,EQ,NSE,NSE
5094657,19901,772HR35-SG,0.01,100,EQ,NSE,NSE
888321,3470,772IGT31-NK,0.01,1,EQ,NSE,NSE
2487553,9717,772JK32-SG,0.01,100,EQ,NSE,NSE
5362433,20947,772JK43-SG,0.01,100,EQ,NSE,NSE
194763265,760794,772JK43A-SG,0.01,100,EQ,NSE,NSE
5221377,20396,772KA35-SG,0.01,100,EQ,NSE,NSE
5242113,20477,772KA35A-SG,0.01,100,EQ,NSE,NSE
5447937,21281,772KA37-SG,0.01,100,EQ,NSE,NSE
194598145,760149,772KL45-SG,0.01,100,EQ,NSE,NSE
3677953,14367,772MH31-SG,0.01,100,EQ,NSE,NSE
3747585,14639,772MH32-SG,0.01,100,EQ,NSE,NSE
2489345,9724,772MH34-SG,0.01,100,EQ,NSE,NSE
5445377,21271,772MH35-SG,0.01,100,EQ,NSE,NSE
4996353,19517,772ML31-SG,0.01,100,EQ,NSE,NSE
195622145,764149,772ML38-SG,0.01,100,EQ,NSE,NSE
2487809,9718,772MN32-SG,0.01,100,EQ,NSE,NSE
194287105,758934,772MN37-SG,0.01,100,EQ,NSE,NSE
3578113,13977,772MP38-SG,0.01,100,EQ,NSE,NSE
194820353,761017,772MP45-SG,0.01,100,EQ,NSE,NSE
194820609,761018,772MP49-SG,0.01,100,EQ,NSE,NSE
5001985,19539,772MZ38-SG,0.01,100,EQ,NSE,NSE
5097473,19912,772RJ33-SG,0.01,100,EQ,NSE,NSE
2489601,9725,772RJ35-SG,0.01,100,EQ,NSE,NSE
6419969,25078,772TIL34-N0,0.01,1,EQ,NSE,NSE
5022209,19618,772TN33-SG,0.01,100,EQ,NSE,NSE
5444865,21269,772TN34-SG,0.01,100,EQ,NSE,NSE
5019905,19609,772TS35-SG,0.01,100,EQ,NSE,NSE
5094913,19902,772TS36-SG,0.01,100,EQ,NSE,NSE
3699713,14452,772TS46-SG,0.01,100,EQ,NSE,NSE
194283521,758920,772TS57-SG,0.01,100,EQ,NSE,NSE
194284033,758922,772TS63-SG,0.01,100,EQ,NSE,NSE
5094401,19900,772UP34-SG,0.01,100,EQ,NSE,NSE
3577089,13973,772UP36-SG,0.01,100,EQ,NSE,NSE
195379201,763200,772UP36A-SG,0.01,100,EQ,NSE,NSE
194929665,761444,772UP44-SG,0.01,100,EQ,NSE,NSE
5222145,20399,772WB37-SG,0.01,100,EQ,NSE,NSE
2891521,11295,772WB38-SG,0.01,100,EQ,NSE,NSE
194575873,760062,772WB41-SG,0.01,100,EQ,NSE,NSE
194912513,761377,772WB44-SG,0.01,100,EQ,NSE,NSE
194224385,758689,773AIFL30-N0,0.01,1,EQ,NSE,NSE
3747841,14640,773AP32-SG,0.01,100,EQ,NSE,NSE
5220097,20391,773AP32A-SG,0.01,100,EQ,NSE,NSE
2969089,11598,773BR32-SG,0.01,100,EQ,NSE,NSE
3720705,14534,773BR33-SG,0.01,100,EQ,NSE,NSE
5095425,19904,773BR38-SG,0.01,100,EQ,NSE,NSE
5418753,21167,773BR39-SG,0.01,100,EQ,NSE,NSE
5513985,21539,773BR39A-SG,0.01,100,EQ,NSE,NSE
5054977,19746,773CG31-SG,0.01,100,EQ,NSE,NSE
194929921,761445,773CG44-SG,0.01,100,EQ,NSE,NSE
194723585,760639,773CIFCL31-N0,0.01,1,EQ,NSE,NSE
5047553,19717,773GA33-SG,0.01,100,EQ,NSE,NSE
5388545,21049,773GJ29-SG,0.01,100,EQ,NSE,NSE
2725889,10648,773GJ32-SG,0.01,100,EQ,NSE,NSE
3750913,14652,773GJ36-SG,0.01,100,EQ,NSE,NSE
1824513,7127,773GS2034-GS,0.01,1,EQ,NSE,NSE
3678465,14369,773HR32-SG,0.01,100,EQ,NSE,NSE
2416897,9441,773HR33-SG,0.01,100,EQ,NSE,NSE
194818561,761010,773HR45-SG,0.01,100,EQ,NSE,NSE
194930177,761446,773HR45A-SG,0.01,100,EQ,NSE,NSE
5209601,20350,773KA34-SG,0.01,100,EQ,NSE,NSE
5048577,19721,773KA35-SG,0.01,100,EQ,NSE,NSE
5417729,21163,773KA35A-SG,0.01,100,EQ,NSE,NSE
5049089,19723,773KA36-SG,0.01,100,EQ,NSE,NSE
5585409,21818,773KA41-SG,0.01,100,EQ,NSE,NSE
5951489,23248,773LIC34-N2,0.01,1,EQ,NSE,NSE
7718145,30149,773LICH27-N0,0.01,1,EQ,NSE,NSE
3793665,14819,773MH32-SG,0.01,100,EQ,NSE,NSE
3749121,14645,773MH34-SG,0.01,100,EQ,NSE,NSE
5445889,21273,773MH36-SG,0.01,100,EQ,NSE,NSE
5020417,19611,773MN35-SG,0.01,100,EQ,NSE,NSE
5599233,21872,773MZ39-SG,0.01,100,EQ,NSE,NSE
194285057,758926,773PN32-SG,0.01,100,EQ,NSE,NSE
5047297,19716,773RJ33-SG,0.01,100,EQ,NSE,NSE
3578625,13979,773RJ38-SG,0.01,100,EQ,NSE,NSE
194283265,758919,773RJ55-SG,0.01,100,EQ,NSE,NSE
195684609,764393,773SICC29-N0,0.01,1,EQ,NSE,NSE
7450369,29103,773TCHFL30-N0,0.01,1,EQ,NSE,NSE
7597057,29676,773TIL35-N0,0.01,1,EQ,NSE,NSE
195400705,763284,773TN36-SG,0.01,100,EQ,NSE,NSE
3695617,14436,773TS34-SG,0.01,100,EQ,NSE,NSE
5168385,20189,773TS40-SG,0.01,100,EQ,NSE,NSE
3721729,14538,773UP33-SG,0.01,100,EQ,NSE,NSE
5092097,19891,773UP33A-SG,0.01,100,EQ,NSE,NSE
5165825,20179,773UP34-SG,0.01,100,EQ,NSE,NSE
5166081,20180,773UP35-SG,0.01,100,EQ,NSE,NSE
2488065,9719,773WB32-SG,0.01,100,EQ,NSE,NSE
194777345,760849,773WB43-SG,0.01,100,EQ,NSE,NSE
2725633,10647,774AP31-SG,0.01,100,EQ,NSE,NSE
3679489,14373,774AP32-SG,0.01,100,EQ,NSE,NSE
5415169,21153,774AP32A-SG,0.01,100,EQ,NSE,NSE
5049345,19724,774AP36-SG,0.01,100,EQ,NSE,NSE
5417985,21164,774AP36A-SG,0.01,100,EQ,NSE,NSE
2744065,10719,774AP38-SG,0.01,100,EQ,NSE,NSE
2922753,11417,774AP42-SG,0.01,100,EQ,NSE,NSE
5092353,19892,774AS33-SG,0.01,100,EQ,NSE,NSE
5241857,20476,774AS33A-SG,0.01,100,EQ,NSE,NSE
5222657,20401,774BR38-SG,0.01,100,EQ,NSE,NSE
5600513,21877,774BR39-SG,0.01,100,EQ,NSE,NSE
5207553,20342,774CG31-SG,0.01,100,EQ,NSE,NSE
2968833,11597,774GA32-SG,0.01,100,EQ,NSE,NSE
195486977,763621,774GJ38-SG,0.01,100,EQ,NSE,NSE
5167105,20184,774HP38-SG,0.01,100,EQ,NSE,NSE
2989057,11676,774HR29-SG,0.01,100,EQ,NSE,NSE
3792385,14814,774HR31-SG,0.01,100,EQ,NSE,NSE
2417665,9444,774HR35-SG,0.01,100,EQ,NSE,NSE
5127681,20030,774IREDA31-N7,0.01,1,EQ,NSE,NSE
7802625,30479,774IREDA35-N0,0.01,1,EQ,NSE,NSE
5213441,20365,774JK43-SG,0.01,100,EQ,NSE,NSE
194818817,761011,774JK46-SG,0.01,100,EQ,NSE,NSE
5415681,21155,774KA34-SG,0.01,100,EQ,NSE,NSE
5446145,21274,774KA36-SG,0.01,100,EQ,NSE,NSE
3151617,12311,774KA37-SG,0.01,100,EQ,NSE,NSE
194283777,758921,774KL60-SG,0.01,100,EQ,NSE,NSE
6412033,25047,774LIC28-N0,0.01,1,EQ,NSE,NSE
6983681,27280,774LICH27-N0,0.01,1,EQ,NSE,NSE
3680769,14378,774MH33-SG,0.01,100,EQ,NSE,NSE
194958849,761558,774ML35-SG,0.01,100,EQ,NSE,NSE
3751937,14656,774MP43-SG,0.01,100,EQ,NSE,NSE
194913025,761379,774MP47-SG,0.01,100,EQ,NSE,NSE
2698241,10540,774MZ33-SG,0.01,100,EQ,NSE,NSE
3726849,14558,774MZ38-SG,0.01,100,EQ,NSE,NSE
194911489,761373,774MZ41-SG,0.01,100,EQ,NSE,NSE
195448065,763469,774NBFID36-N0,0.01,1,EQ,NSE,NSE
3751169,14653,774PN39-SG,0.01,100,EQ,NSE,NSE
7308801,28550,774PSB34-N0,0.01,1,EQ,NSE,NSE
5208833,20347,774RJ33-SG,0.01,100,EQ,NSE,NSE
5220865,20394,774RJ33A-SG,0.01,100,EQ,NSE,NSE
5415937,21156,774RJ34-SG,0.01,100,EQ,NSE,NSE
5050369,19728,774RJ39-SG,0.01,100,EQ,NSE,NSE
3751425,14654,774RJ40-SG,0.01,100,EQ,NSE,NSE
2923009,11418,774RJ42-SG,0.01,100,EQ,NSE,NSE
3753729,14663,774RJ49-SG,0.01,100,EQ,NSE,NSE
195662849,764308,774SFL28-N0,0.01,1,EQ,NSE,NSE
195516673,763737,774TN36-SG,0.01,100,EQ,NSE,NSE
194911233,761372,774TR41-SG,0.01,100,EQ,NSE,NSE
5210113,20352,774TS35-SG,0.01,100,EQ,NSE,NSE
2760449,10783,774TS45-SG,0.01,100,EQ,NSE,NSE
2760705,10784,774TS46-SG,0.01,100,EQ,NSE,NSE
3752961,14660,774TS48-SG,0.01,100,EQ,NSE,NSE
194287873,758937,774TS51-SG,0.01,100,EQ,NSE,NSE
194283009,758918,774TS55-SG,0.01,100,EQ,NSE,NSE
3680257,14376,774UK33-SG,0.01,100,EQ,NSE,NSE
3725825,14554,774UP37-SG,0.01,100,EQ,NSE,NSE
8099329,31638,774UP38-SG,0.01,100,EQ,NSE,NSE
2971393,11607,774WB39-SG,0.01,100,EQ,NSE,NSE
3751681,14655,774WB41-SG,0.01,100,EQ,NSE,NSE
3752449,14658,774WB43-SG,0.01,100,EQ,NSE,NSE
194829057,761051,774WB44-SG,0.01,100,EQ,NSE,NSE
194829313,761052,774WB48-SG,0.01,100,EQ,NSE,NSE
3010561,11760,775AP29-SG,0.01,100,EQ,NSE,NSE
194912769,761378,775AR46-SG,0.01,100,EQ,NSE,NSE
194894593,761307,775BTL28-N0,0.01,1,EQ,NSE,NSE
3792897,14816,775CG31-SG,0.01,100,EQ,NSE,NSE
194762753,760792,775CG42-SG,0.01,100,EQ,NSE,NSE
7565057,29551,775CIT38-N0,0.01,1,EQ,NSE,NSE
193446913,755652,775DL41-SG,0.01,100,EQ,NSE,NSE
5209089,20348,775GA33-SG,0.01,100,EQ,NSE,NSE
2918401,11400,775GJ32-SG,0.01,100,EQ,NSE,NSE
3793409,14818,775HP32-SG,0.01,100,EQ,NSE,NSE
5048833,19722,775HR35-SG,0.01,100,EQ,NSE,NSE
5210369,20353,775HR35A-SG,0.01,100,EQ,NSE,NSE
6385153,24942,775LICH29-N0,0.01,1,EQ,NSE,NSE
7117569,27803,775LTFL27-N0,0.01,1,EQ,NSE,NSE
195422465,763369,775MN33-SG,0.01,100,EQ,NSE,NSE
194946305,761509,775NIIF33-N0,0.01,1,EQ,NSE,NSE
3794177,14821,775NL33-SG,0.01,100,EQ,NSE,NSE
4988417,19486,775PN36-SG,0.01,100,EQ,NSE,NSE
2760193,10782,775PN42-SG,0.01,100,EQ,NSE,NSE
5210625,20354,775RJ35-SG,0.01,100,EQ,NSE,NSE
5095169,19903,775RJ36-SG,0.01,100,EQ,NSE,NSE
7149569,27928,775SFL26-N0,0.01,1,EQ,NSE,NSE
5565697,21741,775SIDBI27-N1,0.01,1,EQ,NSE,NSE
3794433,14822,775SK33-SG,0.01,100,EQ,NSE,NSE
4987649,19483,775SK33A-SG,0.01,100,EQ,NSE,NSE
5658625,22104,775TN30-SG,0.01,100,EQ,NSE,NSE
2726657,10651,775TN32-SG,0.01,100,EQ,NSE,NSE
5049601,19725,775TS37-SG,0.01,100,EQ,NSE,NSE
194930689,761448,775TS45-SG,0.01,100,EQ,NSE,NSE
194800129,760938,775TS53-SG,0.01,100,EQ,NSE,NSE
5209345,20349,775UP33-SG,0.01,100,EQ,NSE,NSE
5209857,20351,775UP34-SG,0.01,100,EQ,NSE,NSE
3696897,14441,775UP35-SG,0.01,100,EQ,NSE,NSE
3697153,14442,775UP38-SG,0.01,100,EQ,NSE,NSE
3698177,14446,775WB39-SG,0.01,100,EQ,NSE,NSE
194234113,758727,775WB47-SG,0.01,100,EQ,NSE,NSE
2416129,9438,776AP32-SG,0.01,100,EQ,NSE,NSE
5049857,19726,776AP37-SG,0.01,100,EQ,NSE,NSE
194817793,761007,776AS46-SG,0.01,100,EQ,NSE,NSE
6936065,27094,776FEDB34-N0,0.01,1,EQ,NSE,NSE
194961409,761568,776GA38-SG,0.01,100,EQ,NSE,NSE
2620161,10235,776HP30-SG,0.01,100,EQ,NSE,NSE
3748097,14641,776HP33-SG,0.01,100,EQ,NSE,NSE
3037953,11867,776HR30-SG,0.01,100,EQ,NSE,NSE
194961665,761569,776HR39-SG,0.01,100,EQ,NSE,NSE
194962433,761572,776KA41-SG,0.01,100,EQ,NSE,NSE
5445633,21272,776KL35-SG,0.01,100,EQ,NSE,NSE
2757889,10773,776KL38-SG,0.01,100,EQ,NSE,NSE
3802881,14855,776KL51-SG,0.01,100,EQ,NSE,NSE
3804417,14861,776KL58-SG,0.01,100,EQ,NSE,NSE
2915841,11390,776MH30-SG,0.01,100,EQ,NSE,NSE
3681025,14379,776MN35-SG,0.01,100,EQ,NSE,NSE
5050113,19727,776MP37-SG,0.01,100,EQ,NSE,NSE
5211393,20357,776MP37A-SG,0.01,100,EQ,NSE,NSE
2418945,9449,776PN37-SG,0.01,100,EQ,NSE,NSE
6116353,23892,776TIL34-N1,0.01,1,EQ,NSE,NSE
3804161,14860,776TN53-SG,0.01,100,EQ,NSE,NSE
194794241,760915,776TS39-SG,0.01,100,EQ,NSE,NSE
3793921,14820,776UK33-SG,0.01,100,EQ,NSE,NSE
193464321,755720,776UP41-SG,0.01,100,EQ,NSE,NSE
194931457,761451,776WB49-SG,0.01,100,EQ,NSE,NSE
5210881,20355,777AP35-SG,0.01,100,EQ,NSE,NSE
3671297,14341,777AP40-SG,0.01,100,EQ,NSE,NSE
194799873,760937,777BR52-SG,0.01,100,EQ,NSE,NSE
2501377,9771,777GJ31-SG,0.01,100,EQ,NSE,NSE
2677505,10459,777GJ32-SG,0.01,100,EQ,NSE,NSE
193469953,755742,777HP49-SG,0.01,100,EQ,NSE,NSE
2726913,10652,777HR32-SG,0.01,100,EQ,NSE,NSE
3795201,14825,777HR33-SG,0.01,100,EQ,NSE,NSE
5446657,21276,777HR36-SG,0.01,100,EQ,NSE,NSE
5454849,21308,777IREDA27-N9,0.01,1,EQ,NSE,NSE
3695873,14437,777JK35-SG,0.01,100,EQ,NSE,NSE
2970625,11604,777JK37-SG,0.01,100,EQ,NSE,NSE
194931201,761450,777KL48-SG,0.01,100,EQ,NSE,NSE
195344897,763066,777MH44-SG,0.01,100,EQ,NSE,NSE
195422721,763370,777ML36-SG,0.01,100,EQ,NSE,NSE
5212417,20361,777MN38-SG,0.01,100,EQ,NSE,NSE
3699457,14451,777MP43-SG,0.01,100,EQ,NSE,NSE
3801601,14850,777MP47-SG,0.01,100,EQ,NSE,NSE
5048321,19720,777PN33-SG,0.01,100,EQ,NSE,NSE
5221633,20397,777PN36-SG,0.01,100,EQ,NSE,NSE
194793985,760914,777PN38-SG,0.01,100,EQ,NSE,NSE
2723329,10638,777RJ32-SG,0.01,100,EQ,NSE,NSE
3748353,14642,777RJ33-SG,0.01,100,EQ,NSE,NSE
194937857,761476,777TR41-SG,0.01,100,EQ,NSE,NSE
194233857,758726,777WB46-SG,0.01,100,EQ,NSE,NSE
193907969,757453,778ABSL35-N0,0.01,1,EQ,NSE,NSE
193955585,757639,778AIFL30-N0,0.01,1,EQ,NSE,NSE
2419201,9450,778AP41-SG,0.01,100,EQ,NSE,NSE
2419457,9451,778AP42-SG,0.01,100,EQ,NSE,NSE
5445121,21270,778AS34-SG,0.01,100,EQ,NSE,NSE
5055233,19747,778BR31-SG,0.01,100,EQ,NSE,NSE
193464577,755721,778HP44-SG,0.01,100,EQ,NSE,NSE
194794753,760917,778HR40-SG,0.01,100,EQ,NSE,NSE
195599361,764060,778JCL29-N0,0.01,1,EQ,NSE,NSE
194287617,758936,778KL45-SG,0.01,100,EQ,NSE,NSE
5614849,21933,778MH29-SG,0.01,100,EQ,NSE,NSE
2989569,11678,778MH30-SG,0.01,100,EQ,NSE,NSE
2644481,10330,778ML31-SG,0.01,100,EQ,NSE,NSE
2918657,11401,778MZ32-SG,0.01,100,EQ,NSE,NSE
2891265,11294,778MZ37-SG,0.01,100,EQ,NSE,NSE
5221121,20395,778NL33-SG,0.01,100,EQ,NSE,NSE
5418241,21165,778PN37-SG,0.01,100,EQ,NSE,NSE
5446913,21277,778PY36-SG,0.01,100,EQ,NSE,NSE
3794945,14824,778RJ33-SG,0.01,100,EQ,NSE,NSE
6984193,27282,778SHFL28-N0,0.01,1,EQ,NSE,NSE
194824449,761033,778TR41-SG,0.01,100,EQ,NSE,NSE
3749633,14647,778TS34-SG,0.01,100,EQ,NSE,NSE
3750145,14649,778UP35-SG,0.01,100,EQ,NSE,NSE
3750657,14651,778UP36-SG,0.01,100,EQ,NSE,NSE
195348481,763080,7794LTFL31-N0,0.01,1,EQ,NSE,NSE
6640385,25939,7798LTFH29-N0,0.01,1,EQ,NSE,NSE
2677249,10458,779AP31-SG,0.01,100,EQ,NSE,NSE
195347457,763076,779AP42-SG,0.01,100,EQ,NSE,NSE
194950401,761525,779AP51-SG,0.01,100,EQ,NSE,NSE
195517185,763739,779GJ41-SG,0.01,100,EQ,NSE,NSE
3798785,14839,779HP38-SG,0.01,100,EQ,NSE,NSE
3750401,14650,779JK35-SG,0.01,100,EQ,NSE,NSE
194911745,761374,779JK41-SG,0.01,100,EQ,NSE,NSE
194949377,761521,779JK51-SG,0.01,100,EQ,NSE,NSE
7588609,29643,779LTFL30-N0,0.01,1,EQ,NSE,NSE
195345665,763069,779MH54-SG,0.01,100,EQ,NSE,NSE
8092929,31613,779MN42-SG,0.01,100,EQ,NSE,NSE
8112129,31688,779MZ41-SG,0.01,100,EQ,NSE,NSE
5211137,20356,779PN36-SG,0.01,100,EQ,NSE,NSE
5212161,20360,779PN37-SG,0.01,100,EQ,NSE,NSE
5418497,21166,779PN38-SG,0.01,100,EQ,NSE,NSE
194922753,761417,779PY41-SG,0.01,100,EQ,NSE,NSE
2919425,11404,779RJ32-SG,0.01,100,EQ,NSE,NSE
5335809,20843,779SIDBI27-N0,0.01,1,EQ,NSE,NSE
193101825,754304,779TCHFL30-N0,0.01,1,EQ,NSE,NSE
2919681,11405,779TN32-SG,0.01,100,EQ,NSE,NSE
3796225,14829,779UP33-SG,0.01,100,EQ,NSE,NSE
194950145,761524,779UP51-SG,0.01,100,EQ,NSE,NSE
5095681,19905,779WB40-SG,0.01,100,EQ,NSE,NSE
3698433,14447,779WB42-SG,0.01,100,EQ,NSE,NSE
194930433,761447,779WB45-SG,0.01,100,EQ,NSE,NSE
194952961,761535,779WB51-SG,0.01,100,EQ,NSE,NSE
3675905,14359,77AP28-SG,0.01,100,EQ,NSE,NSE
3691777,14421,77AP29-SG,0.01,100,EQ,NSE,NSE
5219841,20390,77AP29A-SG,0.01,100,EQ,NSE,NSE
3652609,14268,77AP30-SG,0.01,100,EQ,NSE,NSE
3746817,14636,77AP30A-SG,0.01,100,EQ,NSE,NSE
3829249,14958,77AP32-SG,0.01,100,EQ,NSE,NSE
5243393,20482,77AP38-SG,0.01,100,EQ,NSE,NSE
5587201,21825,77AP42-SG,0.01,100,EQ,NSE,NSE
5050881,19730,77AP43-SG,0.01,100,EQ,NSE,NSE
5419009,21168,77AP43A-SG,0.01,100,EQ,NSE,NSE
194601473,760162,77AP47-SG,0.01,100,EQ,NSE,NSE
4997633,19522,77BR31-SG,0.01,100,EQ,NSE,NSE
3148801,12300,77BR32-SG,0.01,100,EQ,NSE,NSE
5177857,20226,77BR38-SG,0.01,100,EQ,NSE,NSE
4987137,19481,77GA33-SG,0.01,100,EQ,NSE,NSE
5096961,19910,77GA33A-SG,0.01,100,EQ,NSE,NSE
5163777,20171,77GA33B-SG,0.01,100,EQ,NSE,NSE
195516417,763736,77GJ36-SG,0.01,100,EQ,NSE,NSE
8111873,31687,77GJ40-SG,0.01,100,EQ,NSE,NSE
3557377,13896,77HP36-SG,0.01,100,EQ,NSE,NSE
3558657,13901,77HP38-SG,0.01,100,EQ,NSE,NSE
3624705,14159,77HR31-SG,0.01,100,EQ,NSE,NSE
3720193,14532,77HR32-SG,0.01,100,EQ,NSE,NSE
3149569,12303,77HR34-SG,0.01,100,EQ,NSE,NSE
877569,3428,77IGT28-NE,0.01,1,EQ,NSE,NSE
3428353,13392,77JK37-SG,0.01,100,EQ,NSE,NSE
5096705,19909,77KA33-SG,0.01,100,EQ,NSE,NSE
5019137,19606,77KA34-SG,0.01,100,EQ,NSE,NSE
2924545,11424,77KL47-SG,0.01,100,EQ,NSE,NSE
2967041,11590,77MH30-SG,0.01,100,EQ,NSE,NSE
3692545,14424,77MH31-SG,0.01,100,EQ,NSE,NSE
3692801,14425,77MH33-SG,0.01,100,EQ,NSE,NSE
5164033,20172,77MH33A-SG,0.01,100,EQ,NSE,NSE
5094145,19899,77MH34-SG,0.01,100,EQ,NSE,NSE
5164289,20173,77MH34A-SG,0.01,100,EQ,NSE,NSE
195952897,765441,77MH49-SG,0.01,100,EQ,NSE,NSE
3556353,13892,77MN35-SG,0.01,100,EQ,NSE,NSE
3393537,13256,77MZ35-SG,0.01,100,EQ,NSE,NSE
194507521,759795,77NVCL28-N0,0.01,1,EQ,NSE,NSE
195647489,764248,77OR44-SG,0.01,100,EQ,NSE,NSE
3581953,13992,77PN40-SG,0.01,100,EQ,NSE,NSE
2922497,11416,77PN42-SG,0.01,100,EQ,NSE,NSE
194958593,761557,77PY35-SG,0.01,100,EQ,NSE,NSE
2440193,9532,77RJ32-SG,0.01,100,EQ,NSE,NSE
5051393,19732,77RJ43-SG,0.01,100,EQ,NSE,NSE
194851585,761139,77SHFL36-N0,0.01,1,EQ,NSE,NSE
5759489,22498,77SK34-SG,0.01,100,EQ,NSE,NSE
2776065,10844,77TN42-SG,0.01,100,EQ,NSE,NSE
195692545,764424,77TN51-SG,0.01,100,EQ,NSE,NSE
195346945,763074,77TS37-SG,0.01,100,EQ,NSE,NSE
5242881,20480,77TS38-SG,0.01,100,EQ,NSE,NSE
194921473,761412,77TS54-SG,0.01,100,EQ,NSE,NSE
195009793,761757,77UK35-SG,0.01,100,EQ,NSE,NSE
195647745,764249,77UK48-SG,0.01,100,EQ,NSE,NSE
5021697,19616,77UP33-SG,0.01,100,EQ,NSE,NSE
4987905,19484,77UP34-SG,0.01,100,EQ,NSE,NSE
5176577,20221,77UP35-SG,0.01,100,EQ,NSE,NSE
194913281,761380,77WB48-SG,0.01,100,EQ,NSE,NSE
5388801,21050,780AP33-SG,0.01,100,EQ,NSE,NSE
5949441,23240,780BFL27-N0,0.01,1,EQ,NSE,NSE
194594049,760133,780HFL27-N0,0.01,1,EQ,NSE,NSE
5176065,20219,780HR30-SG,0.01,100,EQ,NSE,NSE
5366785,20964,780KA30-SG,0.01,100,EQ,NSE,NSE
195537153,763817,780NIIF31-N0,0.01,1,EQ,NSE,NSE
7144193,27907,780SICC29-N0,0.01,1,EQ,NSE,NSE
195401217,763286,780TN41-SG,0.01,100,EQ,NSE,NSE
194751233,760747,780TOPL31-N0,0.01,1,EQ,NSE,NSE
194795265,760919,780TS42-SG,0.01,100,EQ,NSE,NSE
195345921,763070,781AP56-SG,0.01,100,EQ,NSE,NSE
2503425,9779,781GA32-SG,0.01,100,EQ,NSE,NSE
2945537,11506,781GJ32-SG,0.01,100,EQ,NSE,NSE
194980865,761644,781HP36-SG,0.01,100,EQ,NSE,NSE
2503681,9780,781HR32-SG,0.01,100,EQ,NSE,NSE
2644737,10331,781HR32A-SG,0.01,100,EQ,NSE,NSE
2678017,10461,781HR32B-SG,0.01,100,EQ,NSE,NSE
2992641,11690,781HR32C-SG,0.01,100,EQ,NSE,NSE
8094465,31619,781JK51-SG,0.01,100,EQ,NSE,NSE
195180545,762424,781KL37-SG,0.01,100,EQ,NSE,NSE
2996737,11706,781KL44-SG,0.01,100,EQ,NSE,NSE
5222401,20400,781MZ37-SG,0.01,100,EQ,NSE,NSE
2678273,10462,781RJ32-SG,0.01,100,EQ,NSE,NSE
2616065,10219,781RJ47-SG,0.01,100,EQ,NSE,NSE
195345409,763068,781RJ49-SG,0.01,100,EQ,NSE,NSE
195908609,765268,781SHFL31-N0,0.01,1,EQ,NSE,NSE
6370049,24883,781TCHE27-N0,0.01,1,EQ,NSE,NSE
2608641,10190,781TN52-SG,0.01,100,EQ,NSE,NSE
2920449,11408,781UP32-SG,0.01,100,EQ,NSE,NSE
2970369,11603,781UP34-SG,0.01,100,EQ,NSE,NSE
3796481,14830,781UP34A-SG,0.01,100,EQ,NSE,NSE
194795009,760918,781UP41-SG,0.01,100,EQ,NSE,NSE
6920449,27033,78241ABH29-N0,0.01,1,EQ,NSE,NSE
2921473,11412,782AP35-SG,0.01,100,EQ,NSE,NSE
2702081,10555,782AP42-SG,0.01,100,EQ,NSE,NSE
2622977,10246,782AS32-SG,0.01,100,EQ,NSE,NSE
3011585,11764,782AS32A-SG,0.01,100,EQ,NSE,NSE
195378177,763196,782CG48-SG,0.01,100,EQ,NSE,NSE
2610177,10196,782GJ32-SG,0.01,100,EQ,NSE,NSE
2623233,10247,782HP32-SG,0.01,100,EQ,NSE,NSE
194232833,758722,782JK42-SG,0.01,100,EQ,NSE,NSE
2503937,9781,782MN32-SG,0.01,100,EQ,NSE,NSE
194999809,761718,782MP40-SG,0.01,100,EQ,NSE,NSE
194795521,760920,782MP42-SG,0.01,100,EQ,NSE,NSE
2678529,10463,782NL32-SG,0.01,100,EQ,NSE,NSE
3041537,11881,782NL32A-SG,0.01,100,EQ,NSE,NSE
2702849,10558,782PN42-SG,0.01,100,EQ,NSE,NSE
3011841,11765,782RJ32-SG,0.01,100,EQ,NSE,NSE
2694401,10525,782RJ44-SG,0.01,100,EQ,NSE,NSE
2680321,10470,782SK32-SG,0.01,100,EQ,NSE,NSE
3040769,11878,782SK32A-SG,0.01,100,EQ,NSE,NSE
2993409,11693,782TN32-SG,0.01,100,EQ,NSE,NSE
195345153,763067,782TS47-SG,0.01,100,EQ,NSE,NSE
8094209,31618,782UP46-SG,0.01,100,EQ,NSE,NSE
2624513,10252,782WB32-SG,0.01,100,EQ,NSE,NSE
194798593,760932,782WB45-SG,0.01,100,EQ,NSE,NSE
5880577,22971,7835LIC27-N1,0.01,1,EQ,NSE,NSE
194962689,761573,783AP43-SG,0.01,100,EQ,NSE,NSE
2651393,10357,783AS32-SG,0.01,100,EQ,NSE,NSE
195377409,763193,783AS46-SG,0.01,100,EQ,NSE,NSE
3041793,11882,783BR32-SG,0.01,100,EQ,NSE,NSE
195180033,762422,783CG40-SG,0.01,100,EQ,NSE,NSE
194701569,760553,783CIFCL28-N0,0.01,1,EQ,NSE,NSE
2990849,11683,783GA32-SG,0.01,100,EQ,NSE,NSE
2945793,11507,783HR32-SG,0.01,100,EQ,NSE,NSE
194796033,760922,783HR43-SG,0.01,100,EQ,NSE,NSE
3799041,14840,783KL39-SG,0.01,100,EQ,NSE,NSE
195378433,763197,783KL49-SG,0.01,100,EQ,NSE,NSE
195599873,764062,783LTFL29-N0,0.01,1,EQ,NSE,NSE
5616641,21940,783MH30-SG,0.01,100,EQ,NSE,NSE
2654209,10368,783MN32-SG,0.01,100,EQ,NSE,NSE
195378945,763199,783MP48-SG,0.01,100,EQ,NSE,NSE
195603201,764075,783PHFL29-N0,0.01,1,EQ,NSE,NSE
3012865,11769,783PN42-SG,0.01,100,EQ,NSE,NSE
2538241,9915,783RJ32-SG,0.01,100,EQ,NSE,NSE
3802625,14854,783RJ50-SG,0.01,100,EQ,NSE,NSE
195933697,765366,783TCHFL31-N0,0.01,1,EQ,NSE,NSE
2996225,11704,783TN42-SG,0.01,100,EQ,NSE,NSE
2921729,11413,783TS35-SG,0.01,100,EQ,NSE,NSE
2922241,11415,783TS36-SG,0.01,100,EQ,NSE,NSE
2504193,9782,783WB32-SG,0.01,100,EQ,NSE,NSE
2989825,11679,784AS32-SG,0.01,100,EQ,NSE,NSE
195487233,763622,784BR41-SG,0.01,100,EQ,NSE,NSE
3039745,11874,784HP37-SG,0.01,100,EQ,NSE,NSE
194980353,761642,784ML36-SG,0.01,100,EQ,NSE,NSE
194799361,760935,784MP47-SG,0.01,100,EQ,NSE,NSE
195347201,763075,784PN38-SG,0.01,100,EQ,NSE,NSE
2992897,11691,784RJ32-SG,0.01,100,EQ,NSE,NSE
3800321,14845,784RJ41-SG,0.01,100,EQ,NSE,NSE
2547969,9953,784TN52-SG,0.01,100,EQ,NSE,NSE
2920705,11409,784TS34-SG,0.01,100,EQ,NSE,NSE
2699521,10545,784TS36-SG,0.01,100,EQ,NSE,NSE
3012353,11767,784TS39-SG,0.01,100,EQ,NSE,NSE
3012609,11768,784TS40-SG,0.01,100,EQ,NSE,NSE
194799617,760936,784TS47-SG,0.01,100,EQ,NSE,NSE
194799105,760934,784WB47-SG,0.01,100,EQ,NSE,NSE
194949121,761520,784WB47A-SG,0.01,100,EQ,NSE,NSE
7472641,29190,78537ABH30-N0,0.01,1,EQ,NSE,NSE
7094529,27713,785ABHFL28-N0,0.01,1,EQ,NSE,NSE
2541569,9928,785AP37-SG,0.01,100,EQ,NSE,NSE
2947585,11514,785AP40-SG,0.01,100,EQ,NSE,NSE
2610433,10197,785AS32-SG,0.01,100,EQ,NSE,NSE
2945281,11505,785AS32A-SG,0.01,100,EQ,NSE,NSE
2947329,11513,785BR32-SG,0.01,100,EQ,NSE,NSE
2990593,11682,785BR32A-SG,0.01,100,EQ,NSE,NSE
194895105,761309,785BTL29-N0,0.01,1,EQ,NSE,NSE
3038721,11870,785HP36-SG,0.01,100,EQ,NSE,NSE
6414849,25058,785IIFL27-N0,0.01,1,EQ,NSE,NSE
2505729,9788,785KL34-SG,0.01,100,EQ,NSE,NSE
2696193,10532,785KL35-SG,0.01,100,EQ,NSE,NSE
194918657,761401,785KSFP28-N0,0.01,1,EQ,NSE,NSE
194769665,760819,785MFL29-N0,0.01,1,EQ,NSE,NSE
2610689,10198,785MP32-SG,0.01,100,EQ,NSE,NSE
195422977,763371,785MZ38-SG,0.01,100,EQ,NSE,NSE
194795777,760921,785MZ42-SG,0.01,100,EQ,NSE,NSE
2660865,10394,785PN32-SG,0.01,100,EQ,NSE,NSE
2947841,11515,785PN42-SG,0.01,100,EQ,NSE,NSE
2545409,9943,785RJ37-SG,0.01,100,EQ,NSE,NSE
2547713,9952,785RJ39-SG,0.01,100,EQ,NSE,NSE
2946305,11509,785SK32-SG,0.01,100,EQ,NSE,NSE
195425793,763382,785TCHFL29-N0,0.01,1,EQ,NSE,NSE
194807297,760966,785TPL28-N0,0.01,1,EQ,NSE,NSE
6495233,25372,785TRPEL34-N0,0.01,1,EQ,NSE,NSE
5683457,22201,785UK30-SG,0.01,100,EQ,NSE,NSE
2946561,11510,785UK32-SG,0.01,100,EQ,NSE,NSE
3801345,14849,785WB42-SG,0.01,100,EQ,NSE,NSE
193547009,756043,78618ABH28-N0,0.01,1,EQ,NSE,NSE
7567105,29559,786ABHFL28-N0,0.01,1,EQ,NSE,NSE
3010305,11759,786AP33-SG,0.01,100,EQ,NSE,NSE
195516929,763738,786AP38-SG,0.01,100,EQ,NSE,NSE
2538497,9916,786AS32-SG,0.01,100,EQ,NSE,NSE
194794497,760916,786BR39-SG,0.01,100,EQ,NSE,NSE
2611713,10202,786HR32-SG,0.01,100,EQ,NSE,NSE
3042561,11885,786JH34-SG,0.01,100,EQ,NSE,NSE
195180801,762425,786KL42-SG,0.01,100,EQ,NSE,NSE
2514177,9821,786MH30-SG,0.01,100,EQ,NSE,NSE
195181057,762426,786MP42-SG,0.01,100,EQ,NSE,NSE
2540033,9922,786MZ32-SG,0.01,100,EQ,NSE,NSE
6512385,25439,786TCHFL29-N0,0.01,1,EQ,NSE,NSE
6638849,25933,7875NIIF30-N0,0.01,1,EQ,NSE,NSE
194798849,760933,787AS46-SG,0.01,100,EQ,NSE,NSE
3042817,11886,787HP34-SG,0.01,100,EQ,NSE,NSE
3038465,11869,787HP35-SG,0.01,100,EQ,NSE,NSE
194348545,759174,787LDL29-N0,0.01,1,EQ,NSE,NSE
6080257,23751,787LIC29-N3,0.01,1,EQ,NSE,NSE
3039489,11873,787MZ36-SG,0.01,100,EQ,NSE,NSE
194999553,761717,787RJ38-SG,0.01,100,EQ,NSE,NSE
2995457,11701,787RJ40-SG,0.01,100,EQ,NSE,NSE
195462145,763524,787RJ41-SG,0.01,100,EQ,NSE,NSE
6333697,24741,787SDIL30-N0,0.01,1,EQ,NSE,NSE
194959361,761560,787SK36-SG,0.01,100,EQ,NSE,NSE
2646529,10338,787TN33-SG,0.01,100,EQ,NSE,NSE
195487489,763623,787UK44-SG,0.01,100,EQ,NSE,NSE
194948865,761519,788AP46-SG,0.01,100,EQ,NSE,NSE
5388033,21047,788GA30-SG,0.01,100,EQ,NSE,NSE
1823233,7122,788GS2030-GS,0.01,1,EQ,NSE,NSE
195010305,761759,788HR41-SG,0.01,100,EQ,NSE,NSE
194963457,761576,788KL46-SG,0.01,100,EQ,NSE,NSE
194431489,759498,788MFL28-N0,0.01,1,EQ,NSE,NSE
194961921,761570,788MN39-SG,0.01,100,EQ,NSE,NSE
2993921,11695,788MP33-SG,0.01,100,EQ,NSE,NSE
192989953,753867,788NIIF29-N0,0.01,1,EQ,NSE,NSE
195381249,763208,788NIIF31-N0,0.01,1,EQ,NSE,NSE
2540289,9923,788NL32-SG,0.01,100,EQ,NSE,NSE
5648641,22065,788RJ32-SG,0.01,100,EQ,NSE,NSE
195545857,763851,788TACA31-N0,0.01,1,EQ,NSE,NSE
194942209,761493,788UK46-SG,0.01,100,EQ,NSE,NSE
194963201,761575,788UP46-SG,0.01,100,EQ,NSE,NSE
194962945,761574,788WB44-SG,0.01,100,EQ,NSE,NSE
194341889,759148,789GIL30-N0,0.01,1,EQ,NSE,NSE
194342401,759150,789GIL31-N0,0.01,1,EQ,NSE,NSE
2701057,10551,789HP37-SG,0.01,100,EQ,NSE,NSE
194962177,761571,789HP41-SG,0.01,100,EQ,NSE,NSE
2514433,9822,789MH32-SG,0.01,100,EQ,NSE,NSE
6055937,23656,789SDIL29-N1,0.01,1,EQ,NSE,NSE
2645505,10334,789TS34-SG,0.01,100,EQ,NSE,NSE
2994177,11696,789TS36-SG,0.01,100,EQ,NSE,NSE
2701569,10553,789WB37-SG,0.01,100,EQ,NSE,NSE
3800065,14844,789WB40-SG,0.01,100,EQ,NSE,NSE
193520641,755940,78ABCL33-N1,0.01,1,EQ,NSE,NSE
2501889,9773,78AP31-SG,0.01,100,EQ,NSE,NSE
2537985,9914,78AP31A-SG,0.01,100,EQ,NSE,NSE
2502913,9777,78GJ32-SG,0.01,100,EQ,NSE,NSE
2653953,10367,78GJ32A-SG,0.01,100,EQ,NSE,NSE
3797505,14834,78JK35-SG,0.01,100,EQ,NSE,NSE
194930945,761449,78JK46-SG,0.01,100,EQ,NSE,NSE
3013121,11770,78KL45-SG,0.01,100,EQ,NSE,NSE
2502145,9774,78ML31-SG,0.01,100,EQ,NSE,NSE
5437185,21239,78NABARD27-N0,0.01,1,EQ,NSE,NSE
194960641,761565,78PN36-SG,0.01,100,EQ,NSE,NSE
2502657,9776,78TN32-SG,0.01,100,EQ,NSE,NSE
2677761,10460,78TN32A-SG,0.01,100,EQ,NSE,NSE
195515393,763732,78TN41-SG,0.01,100,EQ,NSE,NSE
3040513,11877,78TN42-SG,0.01,100,EQ,NSE,NSE
7566593,29557,790ABHFL27-N0,0.01,1,EQ,NSE,NSE
7696129,30063,790ABHFL28-N0,0.01,1,EQ,NSE,NSE
194908673,761362,790ABSLI36-N0,0.01,1,EQ,NSE,NSE
7540993,29457,790CANF30-N0,0.01,1,EQ,NSE,NSE
194769153,760817,790IHFL27-N0,0.01,1,EQ,NSE,NSE
7195905,28109,790LTFL34-N0,0.01,1,EQ,NSE,NSE
194918145,761399,790NOM28-N0,0.01,1,EQ,NSE,NSE
194214401,758650,790TIL28-N0,0.01,1,EQ,NSE,NSE
194806785,760964,790TPL29-N0,0.01,1,EQ,NSE,NSE
6404097,25016,79123SHF26-N0,0.01,1,EQ,NSE,NSE
193522177,755946,791ABCL34-N7,0.01,1,EQ,NSE,NSE
195515649,763733,791JK46-SG,0.01,100,EQ,NSE,NSE
5607425,21904,791KL30-SG,0.01,100,EQ,NSE,NSE
194981633,761647,791MH39-SG,0.01,100,EQ,NSE,NSE
194981121,761645,791PN36-SG,0.01,100,EQ,NSE,NSE
195461633,763522,791PN41-SG,0.01,100,EQ,NSE,NSE
2628865,10269,791TS43-SG,0.01,100,EQ,NSE,NSE
2994433,11697,791UP37-SG,0.01,100,EQ,NSE,NSE
2646273,10337,792AP41-SG,0.01,100,EQ,NSE,NSE
2615809,10218,792AP42-SG,0.01,100,EQ,NSE,NSE
2625793,10257,792AP42A-SG,0.01,100,EQ,NSE,NSE
195179521,762420,792BR51-SG,0.01,100,EQ,NSE,NSE
195010561,761760,792KL41-SG,0.01,100,EQ,NSE,NSE
6162689,24073,792LIC27-N5,0.01,1,EQ,NSE,NSE
195461889,763523,792PN44-SG,0.01,100,EQ,NSE,NSE
6242049,24383,792TCHF34-N0,0.01,1,EQ,NSE,NSE
5950977,23246,792TCHFL34-NF,0.01,1,EQ,NSE,NSE
2629633,10272,792TS45-SG,0.01,100,EQ,NSE,NSE
2611969,10203,793AP33-SG,0.01,100,EQ,NSE,NSE
5367041,20965,793KA31-SG,0.01,100,EQ,NSE,NSE
6989825,27304,793NIIF30-N0,0.01,1,EQ,NSE,NSE
7731201,30200,793NIIF32-N0,0.01,1,EQ,NSE,NSE
2725121,10645,793RJ45-SG,0.01,100,EQ,NSE,NSE
5494529,21463,793THDC34-N0,0.01,1,EQ,NSE,NSE
2724865,10644,793TN42-SG,0.01,100,EQ,NSE,NSE
6209793,24257,793TPRE29-N0,0.01,1,EQ,NSE,NSE
6209281,24255,793TPRE34-N0,0.01,1,EQ,NSE,NSE
2612225,10204,793TS34-SG,0.01,100,EQ,NSE,NSE
2612993,10207,793TS35-SG,0.01,100,EQ,NSE,NSE
5653505,22084,793UP30-SG,0.01,100,EQ,NSE,NSE
2994689,11698,793WB37-SG,0.01,100,EQ,NSE,NSE
193522433,755947,79413ABC28-N8,0.01,1,EQ,NSE,NSE
2612737,10206,794AP34-SG,0.01,100,EQ,NSE,NSE
194949633,761522,794CIFCL29-N0,0.01,1,EQ,NSE,NSE
195612417,764111,794GFL28-N0,0.01,1,EQ,NSE,NSE
2612481,10205,794HR34-SG,0.01,100,EQ,NSE,NSE
2645249,10333,794PN42-SG,0.01,100,EQ,NSE,NSE
2526465,9869,794TN32-SG,0.01,100,EQ,NSE,NSE
2614273,10212,794TS36-SG,0.01,100,EQ,NSE,NSE
194322689,759073,795AMLIL35-N0,0.01,1,EQ,NSE,NSE
2614785,10214,795AP38-SG,0.01,100,EQ,NSE,NSE
2615041,10215,795AP39-SG,0.01,100,EQ,NSE,NSE
2615297,10216,795AP40-SG,0.01,100,EQ,NSE,NSE
2625281,10255,795AP40A-SG,0.01,100,EQ,NSE,NSE
1749761,6835,795GS2032-GS,0.01,1,EQ,NSE,NSE
2526721,9870,795HR32-SG,0.01,100,EQ,NSE,NSE
2723841,10640,795HR37-SG,0.01,100,EQ,NSE,NSE
884993,3457,795IGT31-NI,0.01,1,EQ,NSE,NSE
195681537,764381,795JCL29-N0,0.01,1,EQ,NSE,NSE
5387777,21046,795JK30-SG,0.01,100,EQ,NSE,NSE
195948033,765422,795KSFP28-N0,0.01,1,EQ,NSE,NSE
5923841,23140,795NIIF36-N2,0.01,1,EQ,NSE,NSE
195537665,763819,795NIIF36A-N0,0.01,1,EQ,NSE,NSE
192433153,751692,795SFL29-N0,0.01,1,EQ,NSE,NSE
6032129,23563,795SHFL34-N2,0.01,1,EQ,NSE,NSE
2657793,10382,795TS35-SG,0.01,100,EQ,NSE,NSE
2724353,10642,795TS37-SG,0.01,100,EQ,NSE,NSE
2995201,11700,795WB39-SG,0.01,100,EQ,NSE,NSE
194981377,761646,796AP38-SG,0.01,100,EQ,NSE,NSE
2724609,10643,796AP40-SG,0.01,100,EQ,NSE,NSE
195458049,763508,796SHFL31-N0,0.01,1,EQ,NSE,NSE
194214913,758652,796TIL29-N0,0.01,1,EQ,NSE,NSE
2614529,10213,796WB37-SG,0.01,100,EQ,NSE,NSE
7543553,29467,79742SIC30-N0,0.01,1,EQ,NSE,NSE
193522689,755948,797ABCL28-N9,0.01,1,EQ,NSE,NSE
2723585,10639,797AP36-SG,0.01,100,EQ,NSE,NSE
2646017,10336,797AP39-SG,0.01,100,EQ,NSE,NSE
2682625,10479,797HR42-SG,0.01,100,EQ,NSE,NSE
889857,3476,797IGT31-NL,0.01,1,EQ,NSE,NSE
3798017,14836,797PN38-SG,0.01,100,EQ,NSE,NSE
2682881,10480,797RJ42-SG,0.01,100,EQ,NSE,NSE
194981889,761648,797RJ43-SG,0.01,100,EQ,NSE,NSE
5867777,22921,797SFL30-N0,0.01,1,EQ,NSE,NSE
195420417,763361,797TACA31-N0,0.01,1,EQ,NSE,NSE
194907137,761356,797TOPO34-N0,0.01,1,EQ,NSE,NSE
194907649,761358,797TOPO35-N0,0.01,1,EQ,NSE,NSE
194908161,761360,797TOPO36-N0,0.01,1,EQ,NSE,NSE
194982145,761649,797TS43-SG,0.01,100,EQ,NSE,NSE
2676225,10454,797WB42-SG,0.01,100,EQ,NSE,NSE
195909121,765270,798ABCL31-N0,0.01,1,EQ,NSE,NSE
5366017,20961,798AP31-SG,0.01,100,EQ,NSE,NSE
2657537,10381,798RJ42-SG,0.01,100,EQ,NSE,NSE
195010049,761758,799AP40-SG,0.01,100,EQ,NSE,NSE
194544897,759941,799GSGL28-N0,0.01,1,EQ,NSE,NSE
194545409,759943,799GSGL29-N0,0.01,1,EQ,NSE,NSE
194102273,758212,799HFL27-N0,0.01,1,EQ,NSE,NSE
195006465,761744,799HR44-SG,0.01,100,EQ,NSE,NSE
6438657,25151,799LTFH27-N0,0.01,1,EQ,NSE,NSE
6499841,25390,799NIIF29-N0,0.01,1,EQ,NSE,NSE
7669761,29960,799NIIF37-N0,0.01,1,EQ,NSE,NSE
6342401,24775,799RCFL27-N0,0.01,1,EQ,NSE,NSE
195010817,761761,799RJ41-SG,0.01,100,EQ,NSE,NSE
5807105,22684,799TCL29-NE,0.01,1,EQ,NSE,NSE
5796609,22643,799TCL34-ND,0.01,1,EQ,NSE,NSE
7305985,28539,799TFSIL27-N0,0.01,1,EQ,NSE,NSE
2517505,9834,799TN42-SG,0.01,100,EQ,NSE,NSE
5684481,22205,799TS30-SG,0.01,100,EQ,NSE,NSE
5684225,22204,799TS35-SG,0.01,100,EQ,NSE,NSE
195006721,761745,799UK44-SG,0.01,100,EQ,NSE,NSE
5676801,22175,799WB35-SG,0.01,100,EQ,NSE,NSE
193522945,755949,79ABCL28-NA,0.01,1,EQ,NSE,NSE
2504961,9785,79AP33-SG,0.01,100,EQ,NSE,NSE
2508033,9797,79AP34-SG,0.01,100,EQ,NSE,NSE
2644993,10332,79HR34-SG,0.01,100,EQ,NSE,NSE
878849,3433,79IGT28-NF,0.01,1,EQ,NSE,NSE
195181313,762427,79MP56-SG,0.01,100,EQ,NSE,NSE
2984449,11658,79NHIT35-N1,0.01,1,EQ,NSE,NSE
2986241,11665,79NHIT40-N2,0.01,1,EQ,NSE,NSE
2987265,11669,79NHIT47-N3,0.01,1,EQ,NSE,NSE
2508801,9800,79RJ42-SG,0.01,100,EQ,NSE,NSE
6551809,25593,79SHFL27-N0,0.01,1,EQ,NSE,NSE
2629377,10271,79TS44-SG,0.01,100,EQ,NSE,NSE
194726913,760652,7EHLS346-N0,0.01,1,EQ,NSE,NSE
194731777,760671,7EHPP46-N0,0.01,1,EQ,NSE,NSE
194726401,760650,7EHS246-N0,0.01,1,EQ,NSE,NSE
193760769,756878,7IREDAL30-N0,0.01,1,EQ,NSE,NSE
194765057,760801,7PFCL31-N3,0.01,1,EQ,NSE,NSE
194765313,760802,7PFCL36-N4,0.01,1,EQ,NSE,NSE
193523201,755950,8016ABCL29-NB,0.01,1,EQ,NSE,NSE
193523457,755951,801ABCL28-NC,0.01,1,EQ,NSE,NSE
4310529,16838,801TCH28-N7,0.01,1,EQ,NSE,NSE
6286849,24558,801TCL34-N0,0.01,1,EQ,NSE,NSE
2660609,10393,801WB41-SG,0.01,100,EQ,NSE,NSE
193523713,755952,80208ABC30-ND,0.01,1,EQ,NSE,NSE
5270529,20588,802ABHF28-N1,0.01,1,EQ,NSE,NSE
2658049,10383,802AP38-SG,0.01,100,EQ,NSE,NSE
195011073,761762,802AP42-SG,0.01,100,EQ,NSE,NSE
2655745,10374,802MZ36-SG,0.01,100,EQ,NSE,NSE
2514945,9824,802TS35-SG,0.01,100,EQ,NSE,NSE
2658305,10384,802WB37-SG,0.01,100,EQ,NSE,NSE
193523969,755953,8034ABCL34-NE,0.01,1,EQ,NSE,NSE
193524225,755954,803ABCL33-NF,0.01,1,EQ,NSE,NSE
193761793,756882,803ABCL35-N0,0.01,1,EQ,NSE,NSE
5271041,20590,803ABHF27-N2,0.01,1,EQ,NSE,NSE
6458113,25227,803ABHFL29-N0,0.01,1,EQ,NSE,NSE
193554177,756071,803ABHFL35-N0,0.01,1,EQ,NSE,NSE
2515457,9826,803AP35-SG,0.01,100,EQ,NSE,NSE
2650881,10355,803AP36-SG,0.01,100,EQ,NSE,NSE
7300865,28519,803ICPR34-N0,0.01,1,EQ,NSE,NSE
194534145,759899,803MFL31-N0,0.01,1,EQ,NSE,NSE
194215425,758654,803TIL30-N0,0.01,1,EQ,NSE,NSE
5321217,20786,80409TCH27-NC,0.01,1,EQ,NSE,NSE
6437121,25145,8049ABHF27-N0,0.01,1,EQ,NSE,NSE
2680577,10471,804AP37-SG,0.01,100,EQ,NSE,NSE
2526977,9871,804AP41-SG,0.01,100,EQ,NSE,NSE
2527233,9872,804AP42-SG,0.01,100,EQ,NSE,NSE
195007489,761748,804KL46-SG,0.01,100,EQ,NSE,NSE
2628609,10268,804PN42-SG,0.01,100,EQ,NSE,NSE
195007745,761749,804TR48-SG,0.01,100,EQ,NSE,NSE
195008769,761753,804WB52-SG,0.01,100,EQ,NSE,NSE
195009025,761754,804WB56-SG,0.01,100,EQ,NSE,NSE
193521665,755944,805ABCL28-N5,0.01,1,EQ,NSE,NSE
194458369,759603,805AIFL32-N0,0.01,1,EQ,NSE,NSE
6603009,25793,805HLICL34-N0,0.01,1,EQ,NSE,NSE
195682049,764383,805JCL31-N0,0.01,1,EQ,NSE,NSE
193923329,757513,805MFL27-N0,0.01,1,EQ,NSE,NSE
194432001,759500,805MFL30-N0,0.01,1,EQ,NSE,NSE
7372545,28799,805NIT32-N0,0.01,1,EQ,NSE,NSE
194835201,761075,805NMC29-N1,0.01,1,EQ,NSE,NSE
194835457,761076,805NMC30-N2,0.01,1,EQ,NSE,NSE
194835713,761077,805NMC31-N3,0.01,1,EQ,NSE,NSE
194835969,761078,805NMC32-N4,0.01,1,EQ,NSE,NSE
194836225,761079,805NMC33-N5,0.01,1,EQ,NSE,NSE
194836481,761080,805NMC34-N6,0.01,1,EQ,NSE,NSE
194836737,761081,805NMC35-N7,0.01,1,EQ,NSE,NSE
194836993,761082,805NMC36-N8,0.01,1,EQ,NSE,NSE
7560961,29535,805PHFL30-N0,0.01,1,EQ,NSE,NSE
2681345,10474,805RJ37-SG,0.01,100,EQ,NSE,NSE
6160129,24063,805SHFL29-N3,0.01,1,EQ,NSE,NSE
194640385,760314,805SICCL35-N0,0.01,1,EQ,NSE,NSE
6166785,24089,805TCHFL29-NG,0.01,1,EQ,NSE,NSE
7806977,30496,805TFSIL28-N0,0.01,1,EQ,NSE,NSE
2682113,10477,806JK37-SG,0.01,100,EQ,NSE,NSE
194984961,761660,806RJ57-SG,0.01,100,EQ,NSE,NSE
5763841,22515,806SDIL29-N0,0.01,1,EQ,NSE,NSE
7475713,29202,806TFSIL28-N0,0.01,1,EQ,NSE,NSE
195008001,761750,806WB49-SG,0.01,100,EQ,NSE,NSE
195392513,763252,807ABCL36-N0,0.01,1,EQ,NSE,NSE
2516481,9830,807AP36-SG,0.01,100,EQ,NSE,NSE
194984449,761658,807AP51-SG,0.01,100,EQ,NSE,NSE
194984193,761657,807MH49-SG,0.01,100,EQ,NSE,NSE
6177025,24129,807NIIF29-N3,0.01,1,EQ,NSE,NSE
5738497,22416,807NIIF39-N1,0.01,1,EQ,NSE,NSE
6458625,25229,807SMFG27-N0,0.01,1,EQ,NSE,NSE
195011329,761763,807TR43-SG,0.01,100,EQ,NSE,NSE
194984705,761659,807TS56-SG,0.01,100,EQ,NSE,NSE
2682369,10478,807WB38-SG,0.01,100,EQ,NSE,NSE
195402241,763290,808CIFCL29-N0,0.01,1,EQ,NSE,NSE
6341889,24773,80956ABH26-N0,0.01,1,EQ,NSE,NSE
7673089,29973,80980TCL27-N0,0.01,1,EQ,NSE,NSE
7691521,30045,809CANF27-N0,0.01,1,EQ,NSE,NSE
194925057,761426,809HFL33-N0,0.01,1,EQ,NSE,NSE
195008257,761751,809MP50-SG,0.01,100,EQ,NSE,NSE
195008513,761752,809UP51-SG,0.01,100,EQ,NSE,NSE
195009281,761755,809UP56-SG,0.01,100,EQ,NSE,NSE
195006977,761746,80AP44-SG,0.01,100,EQ,NSE,NSE
5630721,21995,80NL30-SG,0.01,100,EQ,NSE,NSE
195000065,761719,80NL41-SG,0.01,100,EQ,NSE,NSE
195007233,761747,80TR46-SG,0.01,100,EQ,NSE,NSE
7442689,29073,8104PHFL28-N0,0.01,1,EQ,NSE,NSE
5270017,20586,810ABHF28-N0,0.01,1,EQ,NSE,NSE
193200897,754691,810BACL29-N0,0.01,1,EQ,NSE,NSE
6952961,27160,810GIL28-N0,0.01,1,EQ,NSE,NSE
7587585,29639,810HLICL35-N0,0.01,1,EQ,NSE,NSE
7968769,31128,810IRFC27-N2,0.01,1,EQ,NSE,NSE
5682945,22199,810JH32-SG,0.01,100,EQ,NSE,NSE
5607681,21905,810KL32-SG,0.01,100,EQ,NSE,NSE
5750017,22461,810NIIF34-N0,0.01,1,EQ,NSE,NSE
7429633,29022,810NIT40-N0,0.01,1,EQ,NSE,NSE
194639873,760312,810SIHF35-N0,0.01,1,EQ,NSE,NSE
5828609,22768,810TCHFL27-ND,0.01,1,EQ,NSE,NSE
194108929,758238,810TOPO29-N0,0.01,1,EQ,NSE,NSE
194963713,761577,810TVSH29-N0,0.01,1,EQ,NSE,NSE
193524481,755955,812ABCL28-NG,0.01,1,EQ,NSE,NSE
6263297,24466,812ABHF29-N0,0.01,1,EQ,NSE,NSE
192409089,751598,812LTFL29-N0,0.01,1,EQ,NSE,NSE
5100545,19924,812REC27-NI,0.01,1,EQ,NSE,NSE
6177537,24131,812SFL27-N2,0.01,1,EQ,NSE,NSE
6095105,23809,8137TCL24-NH,0.01,1,EQ,NSE,NSE
5272321,20595,813ABHF28-N3,0.01,1,EQ,NSE,NSE
194225921,758695,813AIFL32-N0,0.01,1,EQ,NSE,NSE
1823745,7124,813GS2045-GS,0.01,1,EQ,NSE,NSE
5755393,22482,813LTF29-NP,0.01,1,EQ,NSE,NSE
5351169,20903,813PNBH33-N0,0.01,1,EQ,NSE,NSE
194047233,757997,814KSFP36-N0,0.01,1,EQ,NSE,NSE
6600193,25782,814TPL27-N0,0.01,1,EQ,NSE,NSE
193544449,756033,815ANN29-N0,0.01,1,EQ,NSE,NSE
193542913,756027,815ANN30-N0,0.01,1,EQ,NSE,NSE
193543937,756031,815ANN31-N0,0.01,1,EQ,NSE,NSE
193543425,756029,815ANN32-N0,0.01,1,EQ,NSE,NSE
194894081,761305,815CHLI36-N0,0.01,1,EQ,NSE,NSE
193620225,756329,815GHFL35-N0,0.01,1,EQ,NSE,NSE
6953729,27163,815GIL29-N0,0.01,1,EQ,NSE,NSE
1821185,7114,815GS2026-GS,0.01,1,EQ,NSE,NSE
192995585,753889,815JCL31-N0,0.01,1,EQ,NSE,NSE
5678337,22181,815JK30-SG,0.01,100,EQ,NSE,NSE
5435137,21231,815LTF27-NO,0.01,1,EQ,NSE,NSE
194648065,760344,815MOFS28-N0,0.01,1,EQ,NSE,NSE
6606081,25805,815PHFL27-N0,0.01,1,EQ,NSE,NSE
6980353,27267,815PNB27-N0,0.01,1,EQ,NSE,NSE
6516481,25455,815SICC26-N0,0.01,1,EQ,NSE,NSE
6515457,25451,815SICC27-N0,0.01,1,EQ,NSE,NSE
193195521,754670,815SICC29-N0,0.01,1,EQ,NSE,NSE
192141825,750554,815TACA29-N0,0.01,1,EQ,NSE,NSE
192150529,750588,815TCHFL31-N0,0.01,1,EQ,NSE,NSE
194112513,758252,815TOPO31-N0,0.01,1,EQ,NSE,NSE
193524737,755956,816ABCL29-NH,0.01,1,EQ,NSE,NSE
7296769,28503,816KSFP29-N0,0.01,1,EQ,NSE,NSE
6221313,24302,816LTFH27-N0,0.01,1,EQ,NSE,NSE
6262785,24464,817ABHF27-N0,0.01,1,EQ,NSE,NSE
7674625,29979,817GHFL30-N0,0.01,1,EQ,NSE,NSE
1821441,7115,817GS2044-GS,0.01,1,EQ,NSE,NSE
6138881,23980,817TFSIL27-N3,0.01,1,EQ,NSE,NSE
6002945,23449,818CANF29-N1,0.01,1,EQ,NSE,NSE
7415041,28965,818GFL26-N0,0.01,1,EQ,NSE,NSE
6321921,24695,818TFSIL27-N0,0.01,1,EQ,NSE,NSE
7013377,27396,818TPL27-N0,0.01,1,EQ,NSE,NSE
7419137,28981,819CIFL26-N0,0.01,1,EQ,NSE,NSE
7805953,30492,819CIFL27-N0,0.01,1,EQ,NSE,NSE
193524993,755957,81ABCL29-NI,0.01,1,EQ,NSE,NSE
193521409,755943,81ABCL33-N4,0.01,1,EQ,NSE,NSE
4318721,16870,81TCHF28-N8,0.01,1,EQ,NSE,NSE
5868801,22925,820ABHF27-N5,0.01,1,EQ,NSE,NSE
5946369,23228,820ABHFL27-N6,0.01,1,EQ,NSE,NSE
6257409,24443,820ABSLI34-N0,0.01,1,EQ,NSE,NSE
7729665,30194,820CANF27-N0,0.01,1,EQ,NSE,NSE
7598849,29683,820CIFL28-N0,0.01,1,EQ,NSE,NSE
1957889,7648,820IIFL27-N9,0.01,1,EQ,NSE,NSE
193964545,757674,820KSFP36-N0,0.01,1,EQ,NSE,NSE
195650561,764260,820KSFP36A-N0,0.01,1,EQ,NSE,NSE
193718785,756714,820MFL30-N0,0.01,1,EQ,NSE,NSE
195623681,764155,820NOM28-N0,0.01,1,EQ,NSE,NSE
6267393,24482,820TFSIL29-N0,0.01,1,EQ,NSE,NSE
194138881,758355,820TOPO33-N0,0.01,1,EQ,NSE,NSE
194055681,758030,820TOPO36-N0,0.01,1,EQ,NSE,NSE
7865089,30723,822ABHFL29-N0,0.01,1,EQ,NSE,NSE
195920897,765316,823ABHF36-N0,0.01,1,EQ,NSE,NSE
193515265,755919,823GIL31-N0,0.01,1,EQ,NSE,NSE
193492481,755830,823GIL31A-N0,0.01,1,EQ,NSE,NSE
6238721,24370,823SFL34-N0,0.01,1,EQ,NSE,NSE
1762305,6884,824GS2027-GS,0.01,1,EQ,NSE,NSE
1819137,7106,824GS2033-GS,0.01,1,EQ,NSE,NSE
5927169,23153,824LTF27-NQ,0.01,1,EQ,NSE,NSE
6530049,25508,824PHFL28-N0,0.01,1,EQ,NSE,NSE
5931521,23170,8254KSFP29-N1,0.01,1,EQ,NSE,NSE
5867265,22919,8258TCL27-NF,0.01,1,EQ,NSE,NSE
7863553,30717,825ABHFL31-N0,0.01,1,EQ,NSE,NSE
6918913,27027,825BTL27-N0,0.01,1,EQ,NSE,NSE
5842433,22822,825CFHL27-N0,0.01,1,EQ,NSE,NSE
6189313,24177,825NOM27-N0,0.01,1,EQ,NSE,NSE
6117889,23898,825SMFG27-N1,0.01,1,EQ,NSE,NSE
7417089,28973,825TCSL27-N0,0.01,1,EQ,NSE,NSE
7670529,29963,825TCSL28-N0,0.01,1,EQ,NSE,NSE
6152961,24035,825TPL27-N6,0.01,1,EQ,NSE,NSE
192443137,751731,826ABCL31-N0,0.01,1,EQ,NSE,NSE
1765889,6898,826GS2027-GS,0.01,1,EQ,NSE,NSE
6139393,23982,8277SMF27-N5,0.01,1,EQ,NSE,NSE
194210305,758634,827TPL29-N0,0.01,1,EQ,NSE,NSE
1771777,6921,828GS2027-GS,0.01,1,EQ,NSE,NSE
1762561,6885,828GS2032-GS,0.01,1,EQ,NSE,NSE
6347777,24796,828PHFL26-N0,0.01,1,EQ,NSE,NSE
195367425,763154,82907AIF29-N0,0.01,1,EQ,NSE,NSE
2553601,9975,829PFL29-N6,0.01,1,EQ,NSE,NSE
7997441,31240,82HUDCO27-N2,0.01,1,EQ,NSE,NSE
886785,3464,82IGT31-NJ,0.01,1,EQ,NSE,NSE
5890305,23009,83044SMF29-N3,0.01,1,EQ,NSE,NSE
193525249,755958,830ABCL26-NJ,0.01,1,EQ,NSE,NSE
6306817,24636,830ABHFL34-N0,0.01,1,EQ,NSE,NSE
7946241,31040,830NHAI27-N2,0.01,1,EQ,NSE,NSE
5125633,20022,830PFCL27-N5,0.01,1,EQ,NSE,NSE
6329089,24723,830SICC27-N0,0.01,1,EQ,NSE,NSE
6153985,24039,830SMF29-N6,0.01,1,EQ,NSE,NSE
194925569,761428,830TACA27A-N0,0.01,1,EQ,NSE,NSE
5850625,22854,830TFSIL27-N2,0.01,1,EQ,NSE,NSE
7448577,29096,830TPL28-N0,0.01,1,EQ,NSE,NSE
193525505,755959,831ABCL34-NK,0.01,1,EQ,NSE,NSE
5647873,22062,831RJ27-SG,0.01,100,EQ,NSE,NSE
1766145,6899,832GS2032-GS,0.01,1,EQ,NSE,NSE
193719809,756718,832HHFL27-N0,0.01,1,EQ,NSE,NSE
193719297,756716,832HHFL27A-N0,0.01,1,EQ,NSE,NSE
5570561,21760,832TFSIL29-N0,0.01,1,EQ,NSE,NSE
5860097,22891,832TPL27-N5,0.01,1,EQ,NSE,NSE
5860609,22893,832TPL28-N6,0.01,1,EQ,NSE,NSE
5861121,22895,832TPL29-N7,0.01,1,EQ,NSE,NSE
195674881,764355,832TPL29A-N0,0.01,1,EQ,NSE,NSE
193525761,755960,833ABCL27-NL,0.01,1,EQ,NSE,NSE
1772033,6922,833GS2032-GS,0.01,1,EQ,NSE,NSE
1762049,6883,833GS2036-GS,0.01,1,EQ,NSE,NSE
6239233,24372,833PHFL29-N0,0.01,1,EQ,NSE,NSE
5619969,21953,833TPL27-N5,0.01,1,EQ,NSE,NSE
7607553,29717,834MLICL35-N0,0.01,1,EQ,NSE,NSE
7745025,30254,835GFL28-N0,0.01,1,EQ,NSE,NSE
5931009,23168,835KSFL27-N0,0.01,1,EQ,NSE,NSE
8003841,31265,835PHFL31-N0,0.01,1,EQ,NSE,NSE
5382657,21026,835SCL23A-YH,0.01,1,EQ,NSE,NSE
5390337,21056,835SCL23B-YM,0.01,1,EQ,NSE,NSE
5522433,21572,835SMFG27-N0,0.01,1,EQ,NSE,NSE
6642177,25946,835TCSL27-N0,0.01,1,EQ,NSE,NSE
6286337,24556,835TPL27-N0,0.01,1,EQ,NSE,NSE
5572353,21767,83645TFS27-N1,0.01,1,EQ,NSE,NSE
194845697,761116,837IIFL28-Y4,0.01,1,EQ,NSE,NSE
7932417,30986,837REC33-N7,0.01,1,EQ,NSE,NSE
5779201,22575,837SMFG29-N2,0.01,1,EQ,NSE,NSE
1787137,6981,83GS2040-GS,0.01,1,EQ,NSE,NSE
1800705,7034,83GS2042-GS,0.01,1,EQ,NSE,NSE
4319233,16872,83TCHF28-N9,0.01,1,EQ,NSE,NSE
5459201,21325,840CIFCL27-NI,0.01,1,EQ,NSE,NSE
3935745,15374,840CIFCL28-N4,0.01,1,EQ,NSE,NSE
6500609,25393,840CIFL27-N0,0.01,1,EQ,NSE,NSE
194567937,760031,840CIFL32-N0,0.01,1,EQ,NSE,NSE
6433281,25130,840GHFL28-N0,0.01,1,EQ,NSE,NSE
5864193,22907,840GIL27-N1,0.01,1,EQ,NSE,NSE
195673857,764351,840HFL28-N0,0.01,1,EQ,NSE,NSE
151297,591,840IRFC29-N8,0.01,1,EQ,NSE,NSE
194430977,759496,840MCSL31-N0,0.01,1,EQ,NSE,NSE
5549313,21677,840TPL27-N1,0.01,1,EQ,NSE,NSE
5535745,21624,840TPL28-N2,0.01,1,EQ,NSE,NSE
5551105,21684,840TPL29-N3,0.01,1,EQ,NSE,NSE
6208769,24253,842GIL27-N0,0.01,1,EQ,NSE,NSE
193916161,757485,842HFL27-N0,0.01,1,EQ,NSE,NSE
1586433,6197,842IIFL26-NL,0.01,1,EQ,NSE,NSE
193909505,757459,842SCL27-N3,0.01,1,EQ,NSE,NSE
1963009,7668,843IHFL29-NC,0.01,1,EQ,NSE,NSE
1989633,7772,843SCFL27-YB,0.01,1,EQ,NSE,NSE
2373889,9273,843SCL27-YS,0.01,1,EQ,NSE,NSE
6495745,25374,845GHFL29-N0,0.01,1,EQ,NSE,NSE
195339777,763046,845MFL29-N0,0.01,1,EQ,NSE,NSE
6374657,24901,845NOM27-N0,0.01,1,EQ,NSE,NSE
6375169,24903,845NOM27A-N0,0.01,1,EQ,NSE,NSE
7931905,30984,846REC28-N6,0.01,1,EQ,NSE,NSE
5277185,20614,847TPL26-N1,0.01,1,EQ,NSE,NSE
194903553,761342,848AEL29-NJ,0.01,1,EQ,NSE,NSE
8130561,31760,848NTPC28-N2,0.01,1,EQ,NSE,NSE
6353665,24819,849ABSLI34-N0,0.01,1,EQ,NSE,NSE
194427905,759484,84AIL28-N0,0.01,1,EQ,NSE,NSE
4597249,17958,84CIFCL28-NA,0.01,1,EQ,NSE,NSE
4319745,16874,84TCHF28-NA,0.01,1,EQ,NSE,NSE
5231361,20435,850CIFCL26-NE,0.01,1,EQ,NSE,NSE
6298625,24604,850CIFL27-N0,0.01,1,EQ,NSE,NSE
6935553,27092,850CIFL34-N0,0.01,1,EQ,NSE,NSE
193578241,756165,850HHFL27-N0,0.01,1,EQ,NSE,NSE
195507457,763701,850HMDA30-N0,0.01,1,EQ,NSE,NSE
195507969,763703,850HMDA31-N0,0.01,1,EQ,NSE,NSE
195508481,763705,850HMDA32-N0,0.01,1,EQ,NSE,NSE
195505409,763693,850HMDA33-N0,0.01,1,EQ,NSE,NSE
195505921,763695,850HMDA34-N0,0.01,1,EQ,NSE,NSE
195506433,763697,850HMDA35-N0,0.01,1,EQ,NSE,NSE
195502337,763681,850HMDA36-N0,0.01,1,EQ,NSE,NSE
195502849,763683,850HMDA37-N0,0.01,1,EQ,NSE,NSE
195503361,763685,850HMDA38-N0,0.01,1,EQ,NSE,NSE
195510017,763711,850HMDA39-N0,0.01,1,EQ,NSE,NSE
195510529,763713,850HMDA40-N0,0.01,1,EQ,NSE,NSE
195511041,763715,850HMDA41-N0,0.01,1,EQ,NSE,NSE
195504385,763689,850HMDA42-N0,0.01,1,EQ,NSE,NSE
195504897,763691,850HMDA43-N0,0.01,1,EQ,NSE,NSE
195503873,763687,850HMDA44-N0,0.01,1,EQ,NSE,NSE
195508993,763707,850HMDA45-N0,0.01,1,EQ,NSE,NSE
195509505,763709,850HMDA46-N0,0.01,1,EQ,NSE,NSE
1961473,7662,850IIFL27-NA,0.01,1,EQ,NSE,NSE
194663169,760403,850IIFL28-N0,0.01,1,EQ,NSE,NSE
194499073,759762,850KGEL30-N0,0.01,1,EQ,NSE,NSE
47617,186,850NHAI29-N5,0.01,1,EQ,NSE,NSE
5839617,22811,850NIRMA27-N7,0.01,1,EQ,NSE,NSE
1500929,5863,850SCL25A-NW,0.01,1,EQ,NSE,NSE
193571073,756137,850TIAP28A-N0,0.01,1,EQ,NSE,NSE
194225409,758693,850TIAP28B-N0,0.01,1,EQ,NSE,NSE
193518081,755930,850TIAPL28-N0,0.01,1,EQ,NSE,NSE
5276673,20612,850TPL26-N0,0.01,1,EQ,NSE,NSE
5110785,19964,851HUDCO28-NB,0.01,1,EQ,NSE,NSE
194845953,761117,852IIFL29-Y5,0.01,1,EQ,NSE,NSE
195003137,761731,852LDL36-N0,0.01,1,EQ,NSE,NSE
5296385,20689,852LTF27-NG,0.01,1,EQ,NSE,NSE
193531905,755984,852MFL28-N0,0.01,1,EQ,NSE,NSE
193532417,755986,852MFL28A-N0,0.01,1,EQ,NSE,NSE
195363329,763138,852MFL31-N0,0.01,1,EQ,NSE,NSE
8059649,31483,854NHPC28-N2,0.01,1,EQ,NSE,NSE
353281,1380,855IREDA29-N2,0.01,1,EQ,NSE,NSE
354049,1383,855IREDA34-N3,0.01,1,EQ,NSE,NSE
195519233,763747,855MFL36-N0,0.01,1,EQ,NSE,NSE
5425665,21194,855TCAPS27-N7,0.01,1,EQ,NSE,NSE
193895425,757404,857CIFL32-N0,0.01,1,EQ,NSE,NSE
6075905,23734,858CIF27-NU,0.01,1,EQ,NSE,NSE
5111297,19966,858HUDCO29-NC,0.01,1,EQ,NSE,NSE
6056449,23658,859CIFCL29-NT,0.01,1,EQ,NSE,NSE
5773057,22551,85CIFC27-NL,0.01,1,EQ,NSE,NSE
195381761,763210,85GFL36-N0,0.01,1,EQ,NSE,NSE
6315521,24670,85GHFL27-N0,0.01,1,EQ,NSE,NSE
5302529,20713,85LTF26-NM,0.01,1,EQ,NSE,NSE
2555393,9982,85PFL26A-N7,0.01,1,EQ,NSE,NSE
194903041,761340,860AEL28-NH,0.01,1,EQ,NSE,NSE
5891073,23012,860CIFC29-NQ,0.01,1,EQ,NSE,NSE
5233409,20443,860CIFCL28-NG,0.01,1,EQ,NSE,NSE
5932033,23172,860CIFCL29-NR,0.01,1,EQ,NSE,NSE
6295809,24593,860GFL27-N0,0.01,1,EQ,NSE,NSE
5776385,22564,860HFL29-N1,0.01,1,EQ,NSE,NSE
194916097,761391,860IIFL27-N0,0.01,1,EQ,NSE,NSE
7717633,30147,860MFL28-N0,0.01,1,EQ,NSE,NSE
7563521,29545,860TPL31-N0,0.01,1,EQ,NSE,NSE
751361,2935,861REC34-ND,0.01,1,EQ,NSE,NSE
194904321,761345,862AEL31-NM,0.01,1,EQ,NSE,NSE
6265857,24476,862HHFL29-N0,0.01,1,EQ,NSE,NSE
7933953,30992,862REC33-NA,0.01,1,EQ,NSE,NSE
509697,1991,863IRFC29-NC,0.01,1,EQ,NSE,NSE
8183297,31966,863NHB29-N2,0.01,1,EQ,NSE,NSE
8183553,31967,863NHB34-N3,0.01,1,EQ,NSE,NSE
750849,2933,863REC29-NC,0.01,1,EQ,NSE,NSE
6210561,24260,864CIFL29-N0,0.01,1,EQ,NSE,NSE
6232833,24347,864CIFL29A-N0,0.01,1,EQ,NSE,NSE
6917889,27023,865BTL27-N0,0.01,1,EQ,NSE,NSE
6102273,23837,865CIF29-NV,0.01,1,EQ,NSE,NSE
5866753,22917,865CIFC865-NP,0.01,1,EQ,NSE,NSE
6118401,23900,865CIFL29-NW,0.01,1,EQ,NSE,NSE
193577729,756163,865HHFL30-N0,0.01,1,EQ,NSE,NSE
4361985,17039,865IFL28-NZ,0.01,1,EQ,NSE,NSE
7387137,28856,865IHFL27-N1,0.01,1,EQ,NSE,NSE
3546113,13852,865IIFL28-NS,0.01,1,EQ,NSE,NSE
194846209,761118,865IIFL31-Y6,0.01,1,EQ,NSE,NSE
154369,603,865IRFC29-NA,0.01,1,EQ,NSE,NSE
5303041,20715,865LTF26-NN,0.01,1,EQ,NSE,NSE
7544065,29469,865MFL28-N0,0.01,1,EQ,NSE,NSE
192296705,751159,865MFL31-N0,0.01,1,EQ,NSE,NSE
450817,1761,865NHB34-N4,0.01,1,EQ,NSE,NSE
2909441,11365,865SCL24B-Z8,0.01,1,EQ,NSE,NSE
4767745,18624,865SCL26-N8,0.01,1,EQ,NSE,NSE
193909761,757460,865SCL27-N4,0.01,1,EQ,NSE,NSE
193911041,757465,865SCL28-N9,0.01,1,EQ,NSE,NSE
5426433,21197,865TCAPS27-N8,0.01,1,EQ,NSE,NSE
6154497,24041,865TVSH29-N0,0.01,1,EQ,NSE,NSE
194599681,760155,866CIFCL33-N0,0.01,1,EQ,NSE,NSE
5134337,20056,866IIFC34B-N3,0.01,1,EQ,NSE,NSE
8131073,31762,866NTPC33-N3,0.01,1,EQ,NSE,NSE
3904257,15251,866SFIL23A-NY,0.01,1,EQ,NSE,NSE
7471105,29184,867MUTF30-N0,0.01,1,EQ,NSE,NSE
8059905,31484,867NHPC33-N3,0.01,1,EQ,NSE,NSE
5126657,20026,867PFCL33-N7,0.01,1,EQ,NSE,NSE
450049,1758,868NHB29-N3,0.01,1,EQ,NSE,NSE
5774337,22556,86CIFC29-NN,0.01,1,EQ,NSE,NSE
1814529,7088,86GS2028-GS,0.01,1,EQ,NSE,NSE
194846465,761119,870IIFL28-Y7,0.01,1,EQ,NSE,NSE
7933441,30990,871REC28-N9,0.01,1,EQ,NSE,NSE
8132097,31766,873NTPC28-N5,0.01,1,EQ,NSE,NSE
194903809,761343,875AEL29-NK,0.01,1,EQ,NSE,NSE
194604033,760172,875AOL27-N0,0.01,1,EQ,NSE,NSE
6919425,27029,875BTL28-N0,0.01,1,EQ,NSE,NSE
6919937,27031,875BTL29-N0,0.01,1,EQ,NSE,NSE
193505025,755879,875CIFL32-N0,0.01,1,EQ,NSE,NSE
5533441,21615,875GFL27-N0,0.01,1,EQ,NSE,NSE
195492097,763641,875HFL28-N0,0.01,1,EQ,NSE,NSE
1963777,7671,875IHFL29-ND,0.01,1,EQ,NSE,NSE
1587201,6200,875IIFL26-NM,0.01,1,EQ,NSE,NSE
194661121,760395,875MOF27-N0,0.01,1,EQ,NSE,NSE
49153,192,875NHAI29-N6,0.01,1,EQ,NSE,NSE
194424321,759470,875PFL27-N0,0.01,1,EQ,NSE,NSE
1319681,5155,875PFL31-N9,0.01,1,EQ,NSE,NSE
1987841,7765,875SCFL27-Y9,0.01,1,EQ,NSE,NSE
5383169,21028,875SCL23A-YI,0.01,1,EQ,NSE,NSE
2369281,9255,875SCL27-YQ,0.01,1,EQ,NSE,NSE
193899265,757419,875SCL27A-N1,0.01,1,EQ,NSE,NSE
4392705,17159,875SFL27-ZF,0.01,1,EQ,NSE,NSE
5434113,21227,875TCAPS29-NB,0.01,1,EQ,NSE,NSE
7486721,29245,875TVSH30-N0,0.01,1,EQ,NSE,NSE
5111809,19968,876HUDCO28-ND,0.01,1,EQ,NSE,NSE
5311745,20749,878MFL27-NH,0.01,1,EQ,NSE,NSE
6589953,25742,878MUTF29-N0,0.01,1,EQ,NSE,NSE
8060417,31486,879NHPC28-N5,0.01,1,EQ,NSE,NSE
4769793,18632,879SCL26-NC,0.01,1,EQ,NSE,NSE
194632705,760284,879SCL30-N0,0.01,1,EQ,NSE,NSE
7418625,28979,87HFL26-N0,0.01,1,EQ,NSE,NSE
7418113,28977,87HFL27-N0,0.01,1,EQ,NSE,NSE
195029761,761835,87HMDA30-N0,0.01,1,EQ,NSE,NSE
195030273,761837,87HMDA31-N0,0.01,1,EQ,NSE,NSE
195029249,761833,87HMDA32-N0,0.01,1,EQ,NSE,NSE
195030785,761839,87HMDA33-N0,0.01,1,EQ,NSE,NSE
195031297,761841,87HMDA34-N0,0.01,1,EQ,NSE,NSE
195031809,761843,87HMDA35-N0,0.01,1,EQ,NSE,NSE
195021569,761803,87HMDA36-N0,0.01,1,EQ,NSE,NSE
195022081,761805,87HMDA37-N0,0.01,1,EQ,NSE,NSE
195022593,761807,87HMDA38-N0,0.01,1,EQ,NSE,NSE
195023105,761809,87HMDA39-N0,0.01,1,EQ,NSE,NSE
195019521,761795,87HMDA40-N0,0.01,1,EQ,NSE,NSE
195020033,761797,87HMDA41-N0,0.01,1,EQ,NSE,NSE
195020545,761799,87HMDA42-N0,0.01,1,EQ,NSE,NSE
195021057,761801,87HMDA43-N0,0.01,1,EQ,NSE,NSE
195023617,761811,87HMDA44-N0,0.01,1,EQ,NSE,NSE
195024129,761813,87HMDA45-N0,0.01,1,EQ,NSE,NSE
195028737,761831,87HMDA46-N0,0.01,1,EQ,NSE,NSE
5296897,20691,87LTF27-NH,0.01,1,EQ,NSE,NSE
194748929,760738,87MFL36-N0,0.01,1,EQ,NSE,NSE
2907137,11356,87SCL27-Z6,0.01,1,EQ,NSE,NSE
193961729,757663,880IIFL26-N0,0.01,1,EQ,NSE,NSE
356097,1391,880IREDA29-N5,0.01,1,EQ,NSE,NSE
356609,1393,880IREDA34-N6,0.01,1,EQ,NSE,NSE
194258945,758824,880MOF27-N0,0.01,1,EQ,NSE,NSE
194497025,759754,880PFL28-N0,0.01,1,EQ,NSE,NSE
1795329,7013,883GS2041-GS,0.01,1,EQ,NSE,NSE
5285889,20648,884LTF29-N6,0.01,1,EQ,NSE,NSE
194014977,757871,885AEL28-NB,0.01,1,EQ,NSE,NSE
5950465,23244,885CIFCL34-NS,0.01,1,EQ,NSE,NSE
194934529,761463,885ICFL28-N0,0.01,1,EQ,NSE,NSE
7386113,28852,885IHL26-N1,0.01,1,EQ,NSE,NSE
194846721,761120,885IIFL29-Y8,0.01,1,EQ,NSE,NSE
5291777,20671,885LTF27-NE,0.01,1,EQ,NSE,NSE
5312257,20751,885MFL28-NI,0.01,1,EQ,NSE,NSE
5763329,22513,885MFL29-NJ,0.01,1,EQ,NSE,NSE
194707713,760577,885NACL28-N0,0.01,1,EQ,NSE,NSE
6029057,23551,885NOM28-N2,0.01,1,EQ,NSE,NSE
4768257,18626,885SCL26-N9,0.01,1,EQ,NSE,NSE
5434625,21229,885TCAPS29-NC,0.01,1,EQ,NSE,NSE
194392833,759347,885TIAPL29-N0,0.01,1,EQ,NSE,NSE
195671297,764341,885TIAPL30-N0,0.01,1,EQ,NSE,NSE
755969,2953,886REC34-NG,0.01,1,EQ,NSE,NSE
194633217,760286,886SCL30-N0,0.01,1,EQ,NSE,NSE
6439169,25153,8887HFL26-N0,0.01,1,EQ,NSE,NSE
195069953,761992,888CIFCL33-N0,0.01,1,EQ,NSE,NSE
194553345,759974,888ECL28-N1,0.01,1,EQ,NSE,NSE
511745,1999,888IRFC29-NE,0.01,1,EQ,NSE,NSE
8184065,31969,888NHB29-N5,0.01,1,EQ,NSE,NSE
754433,2947,888REC29-NF,0.01,1,EQ,NSE,NSE
5062145,19774,888SCL25D-NC,0.01,1,EQ,NSE,NSE
4839937,18906,888SCL25E-N4,0.01,1,EQ,NSE,NSE
7398401,28900,888SCL26X-N1,0.01,1,EQ,NSE,NSE
193911297,757466,888SCL28-NA,0.01,1,EQ,NSE,NSE
1990913,7777,889SCFL27-YC,0.01,1,EQ,NSE,NSE
1498881,5855,889SCL26-NS,0.01,1,EQ,NSE,NSE
2374913,9277,889SCL27-YT,0.01,1,EQ,NSE,NSE
1499905,5859,889SCL28-NU,0.01,1,EQ,NSE,NSE
194686209,760493,88TIAPL29-N0,0.01,1,EQ,NSE,NSE
194904577,761346,890AEL31-NN,0.01,1,EQ,NSE,NSE
193577217,756161,890ALSL27-N0,0.01,1,EQ,NSE,NSE
6918401,27025,890BTL31-N0,0.01,1,EQ,NSE,NSE
6917377,27021,890BTL34-N0,0.01,1,EQ,NSE,NSE
5980417,23361,890MFL27-NK,0.01,1,EQ,NSE,NSE
6347265,24794,890MFL27A-N0,0.01,1,EQ,NSE,NSE
5820673,22737,890NCPL28-N1,0.01,1,EQ,NSE,NSE
452353,1767,890NHB34-N7,0.01,1,EQ,NSE,NSE
3904769,15253,890SFIL23A-NZ,0.01,1,EQ,NSE,NSE
5134849,20058,891IIFCL34-N4,0.01,1,EQ,NSE,NSE
8132609,31768,891NTPC33-N6,0.01,1,EQ,NSE,NSE
6986753,27292,892CIFL34-N0,0.01,1,EQ,NSE,NSE
8060673,31487,892NHPC33-N6,0.01,1,EQ,NSE,NSE
5127169,20028,892PFCL33-N8,0.01,1,EQ,NSE,NSE
451841,1765,893NHB29-N6,0.01,1,EQ,NSE,NSE
3452673,13487,894SCL27-ZY,0.01,1,EQ,NSE,NSE
194014465,757869,895AEL27-N9,0.01,1,EQ,NSE,NSE
6058753,23667,895MFL27-NM,0.01,1,EQ,NSE,NSE
194678529,760463,895PAPL27-N0,0.01,1,EQ,NSE,NSE
194679041,760465,895PAPL28-N0,0.01,1,EQ,NSE,NSE
194679553,760467,895PAPL28A-N0,0.01,1,EQ,NSE,NSE
194680065,760469,895PAPL28B-N0,0.01,1,EQ,NSE,NSE
5607937,21906,896KL35-SG,0.01,100,EQ,NSE,NSE
1794817,7011,897GS2030-GS,0.01,1,EQ,NSE,NSE
6275073,24512,897MFL27-N0,0.01,1,EQ,NSE,NSE
6068737,23706,897MOFSL29-N4,0.01,1,EQ,NSE,NSE
5287681,20655,898LTF29-N7,0.01,1,EQ,NSE,NSE
194935553,761467,89ICFL28-N0,0.01,1,EQ,NSE,NSE
7390465,28869,89IHFL29-N1,0.01,1,EQ,NSE,NSE
3035393,11857,89SCL24A-ZM,0.01,1,EQ,NSE,NSE
193520897,755941,8ABCL26-N2,0.01,1,EQ,NSE,NSE
5794561,22635,8ABHF34-N4,0.01,1,EQ,NSE,NSE
5366529,20963,8AR30-SG,0.01,100,EQ,NSE,NSE
5388289,21048,8AS30-SG,0.01,100,EQ,NSE,NSE
194700545,760549,8BACL30-N0,0.01,1,EQ,NSE,NSE
194701057,760551,8BACL30A-N0,0.01,1,EQ,NSE,NSE
5383937,21031,8HR30-SG,0.01,100,EQ,NSE,NSE
194089729,758163,8IHFL27-N0,0.01,1,EQ,NSE,NSE
195417089,763348,8LMAEL32-N0,0.01,1,EQ,NSE,NSE
5612289,21923,8MN30-SG,0.01,100,EQ,NSE,NSE
194615809,760218,8SMC29-N1,0.01,1,EQ,NSE,NSE
194616065,760219,8SMC30-N2,0.01,1,EQ,NSE,NSE
8136961,31785,8TIAPL35-N0,0.01,1,EQ,NSE,NSE
8171521,31920,8TIAPL36-N0,0.01,1,EQ,NSE,NSE
7487745,29249,900CIFL35-N0,0.01,1,EQ,NSE,NSE
5112321,19970,901HUDCO34-NE,0.01,1,EQ,NSE,NSE
8184321,31970,901NHB34-N6,0.01,1,EQ,NSE,NSE
195700225,764454,902LMAEL36-N0,0.01,1,EQ,NSE,NSE
6084609,23768,902MFL27-NO,0.01,1,EQ,NSE,NSE
193912833,757472,902SCL2030-NG,0.01,1,EQ,NSE,NSE
5059329,19763,902SCL26-N8,0.01,1,EQ,NSE,NSE
5136641,20065,902SCL26A-NM,0.01,1,EQ,NSE,NSE
5963521,23295,902SCL27-YU,0.01,1,EQ,NSE,NSE
6130177,23946,902SCL27A-ZI,0.01,1,EQ,NSE,NSE
6540801,25550,902SCL27C-N1,0.01,1,EQ,NSE,NSE
7403521,28920,902SCL27Q-N1,0.01,1,EQ,NSE,NSE
7740929,30238,902SCL28-N1,0.01,1,EQ,NSE,NSE
193912321,757470,902SCL30-NE,0.01,1,EQ,NSE,NSE
6058241,23665,903MFL29-NN,0.01,1,EQ,NSE,NSE
127489,498,903SFL28-YI,0.01,1,EQ,NSE,NSE
195676673,764362,904NACL28-N0,0.01,1,EQ,NSE,NSE
7692033,30047,905CIFL32-N0,0.01,1,EQ,NSE,NSE
5295873,20687,905LTF27-NF,0.01,1,EQ,NSE,NSE
194447873,759562,905PFL26-N1,0.01,1,EQ,NSE,NSE
2910209,11368,905SC24B-Z9,0.01,1,EQ,NSE,NSE
194747137,760731,905SCL36-N0,0.01,1,EQ,NSE,NSE
6140929,23988,909MFL29-NP,0.01,1,EQ,NSE,NSE
6318593,24682,910CIFL31-N0,0.01,1,EQ,NSE,NSE
193916673,757487,910HFL35-N0,0.01,1,EQ,NSE,NSE
194533121,759895,910HFL36-N0,0.01,1,EQ,NSE,NSE
194851073,761137,910HFL37-N0,0.01,1,EQ,NSE,NSE
5433601,21225,910TCAP28-NA,0.01,1,EQ,NSE,NSE
195671809,764343,910TIAPL33-N0,0.01,1,EQ,NSE,NSE
194447361,759560,912PFL27-N0,0.01,1,EQ,NSE,NSE
194015233,757872,915AEL28-NC,0.01,1,EQ,NSE,NSE
194652673,760362,915APSBC26-N0,0.01,1,EQ,NSE,NSE
194653185,760364,915APSBC27-N0,0.01,1,EQ,NSE,NSE
194653697,760366,915APSBC28-N0,0.01,1,EQ,NSE,NSE
194654209,760368,915APSBC29-N0,0.01,1,EQ,NSE,NSE
194654721,760370,915APSBC30-N0,0.01,1,EQ,NSE,NSE
194655233,760372,915APSBC31-N0,0.01,1,EQ,NSE,NSE
194655745,760374,915APSBC32-N0,0.01,1,EQ,NSE,NSE
194656257,760376,915APSBC33-N0,0.01,1,EQ,NSE,NSE
194656769,760378,915APSBC34-N0,0.01,1,EQ,NSE,NSE
194657281,760380,915APSBC35-N0,0.01,1,EQ,NSE,NSE
195655937,764281,915ICFL28-N0,0.01,1,EQ,NSE,NSE
195656449,764283,915ICFL28A-N0,0.01,1,EQ,NSE,NSE
193780225,756954,915PFL27-N0,0.01,1,EQ,NSE,NSE
4770817,18636,915SCL26-NE,0.01,1,EQ,NSE,NSE
2908417,11361,915SCL27-Z7,0.01,1,EQ,NSE,NSE
3034625,11854,915SCL27A-ZL,0.01,1,EQ,NSE,NSE
194375425,759279,915SCL30-N0,0.01,1,EQ,NSE,NSE
194945025,761504,915TIAPL33-N0,0.01,1,EQ,NSE,NSE
195453953,763492,9189GCM28-N0,0.01,1,EQ,NSE,NSE
195453441,763490,9189GCM28A-N0,0.01,1,EQ,NSE,NSE
195454465,763494,9189GFL28-N0,0.01,1,EQ,NSE,NSE
195454977,763496,9189GFL28A-N0,0.01,1,EQ,NSE,NSE
7559937,29531,918IHFL28-N0,0.01,1,EQ,NSE,NSE
194447617,759561,919PFL28-N0,0.01,1,EQ,NSE,NSE
195527937,763781,91D011026-TB,0.01,100,EQ,NSE,NSE
195517441,763740,91D030926-TB,0.01,100,EQ,NSE,NSE
195692801,764425,91D051126-TB,0.01,100,EQ,NSE,NSE
195596033,764047,91D081026-TB,0.01,100,EQ,NSE,NSE
8119553,31717,91D100926-TB,0.01,100,EQ,NSE,NSE
195714561,764510,91D121126-TB,0.01,100,EQ,NSE,NSE
195622913,764152,91D151026-TB,0.01,100,EQ,NSE,NSE
192965633,753772,91D170926-TB,0.01,100,EQ,NSE,NSE
195922945,765324,91D191126-TB,0.01,100,EQ,NSE,NSE
195648513,764252,91D221026-TB,0.01,100,EQ,NSE,NSE
193470977,755746,91D240926-TB,0.01,100,EQ,NSE,NSE
195953153,765442,91D271126-TB,0.01,100,EQ,NSE,NSE
195667969,764328,91D291026-TB,0.01,100,EQ,NSE,NSE
194935041,761465,91ICFL29-N0,0.01,1,EQ,NSE,NSE
6067713,23702,91MOFSL27-N2,0.01,1,EQ,NSE,NSE
193780737,756956,91PFL27-N0,0.01,1,EQ,NSE,NSE
194007297,757841,91PFL30-N0,0.01,1,EQ,NSE,NSE
194446849,759558,91PFL35-N0,0.01,1,EQ,NSE,NSE
4396033,17172,91SFL27-ZI,0.01,1,EQ,NSE,NSE
6945793,27132,920DCBBL34-N0,0.01,1,EQ,NSE,NSE
6559233,25622,920HFL30-N0,0.01,1,EQ,NSE,NSE
195529985,763789,920ISF28-N0,0.01,1,EQ,NSE,NSE
194790657,760901,920ISF28B-N0,0.01,1,EQ,NSE,NSE
194448129,759563,920PFL28-N2,0.01,1,EQ,NSE,NSE
194083585,758139,920SCL28-N0,0.01,1,EQ,NSE,NSE
193913857,757476,920SCL32-NK,0.01,1,EQ,NSE,NSE
194844161,761110,920SCL36-N0,0.01,1,EQ,NSE,NSE
1814273,7087,923GS2043-GS,0.01,1,EQ,NSE,NSE
5878273,22962,925BCIL28-N0,0.01,1,EQ,NSE,NSE
5878785,22964,925BCIPL28-N1,0.01,1,EQ,NSE,NSE
194553601,759975,925ECL28-N2,0.01,1,EQ,NSE,NSE
195364353,763142,925ICFL27-N0,0.01,1,EQ,NSE,NSE
195363841,763140,925ICFL27A-N0,0.01,1,EQ,NSE,NSE
195364865,763144,925ICFL28-N0,0.01,1,EQ,NSE,NSE
7391233,28872,925IHFL29-N1,0.01,1,EQ,NSE,NSE
7392257,28876,925IHFL31-N1,0.01,1,EQ,NSE,NSE
193938177,757571,925IIFL32-N0,0.01,1,EQ,NSE,NSE
194684161,760485,925IIFL32A-N0,0.01,1,EQ,NSE,NSE
194869249,761208,925ISF28-N0,0.01,1,EQ,NSE,NSE
194813697,760991,925ISF29-N0,0.01,1,EQ,NSE,NSE
193779713,756952,925PFL30-N0,0.01,1,EQ,NSE,NSE
1988865,7769,925SCFL27-YA,0.01,1,EQ,NSE,NSE
193910785,757464,925SCL2028-N8,0.01,1,EQ,NSE,NSE
5152001,20125,925SCL25G-NY,0.01,1,EQ,NSE,NSE
1497601,5850,925SCL26-NR,0.01,1,EQ,NSE,NSE
6536193,25532,925SCL26E-N1,0.01,1,EQ,NSE,NSE
6537473,25537,925SCL26F-N1,0.01,1,EQ,NSE,NSE
7398657,28901,925SCL26W-N1,0.01,1,EQ,NSE,NSE
7397633,28897,925SCL26Z-N1,0.01,1,EQ,NSE,NSE
2371073,9262,925SCL27-YR,0.01,1,EQ,NSE,NSE
7731713,30202,925SCL27A-N1,0.01,1,EQ,NSE,NSE
7736321,30220,925SCL27B-N1,0.01,1,EQ,NSE,NSE
3766785,14714,925SCL28-AM,0.01,1,EQ,NSE,NSE
5146625,20104,925SCL28A-NS,0.01,1,EQ,NSE,NSE
5380097,21016,925SCL28B-YC,0.01,1,EQ,NSE,NSE
4827905,18859,925SCL28C-BS,0.01,1,EQ,NSE,NSE
4491777,17546,925SCL28I-BA,0.01,1,EQ,NSE,NSE
5966081,23305,925SCL29-YZ,0.01,1,EQ,NSE,NSE
6132481,23955,925SCL29A-ZM,0.01,1,EQ,NSE,NSE
6543361,25560,925SCL29C-N1,0.01,1,EQ,NSE,NSE
7405057,28926,925SCL29S-N1,0.01,1,EQ,NSE,NSE
193912577,757471,925SCL30-NF,0.01,1,EQ,NSE,NSE
193913089,757473,925SCL30A-NH,0.01,1,EQ,NSE,NSE
1801985,7039,92GS2030-GS,0.01,1,EQ,NSE,NSE
194953729,761538,92LMAEL31-N0,0.01,1,EQ,NSE,NSE
5283329,20638,92LTF29-N4,0.01,1,EQ,NSE,NSE
1265153,4942,92SFIL28-ND,0.01,1,EQ,NSE,NSE
194016001,757875,930AEL30-NF,0.01,1,EQ,NSE,NSE
193837569,757178,930APMD27-N0,0.01,1,EQ,NSE,NSE
193838081,757180,930APMD28-N0,0.01,1,EQ,NSE,NSE
193838593,757182,930APMD29-N0,0.01,1,EQ,NSE,NSE
193839105,757184,930APMD30-N0,0.01,1,EQ,NSE,NSE
193839617,757186,930APMD31-N0,0.01,1,EQ,NSE,NSE
193835521,757170,930APMD32-N0,0.01,1,EQ,NSE,NSE
193836033,757172,930APMD33-N0,0.01,1,EQ,NSE,NSE
193836545,757174,930APMD34-N0,0.01,1,EQ,NSE,NSE
193837057,757176,930APMD35-N0,0.01,1,EQ,NSE,NSE
193572097,756141,930IIFL27-NX,0.01,1,EQ,NSE,NSE
193938689,757573,930IIFL35-N0,0.01,1,EQ,NSE,NSE
194686721,760495,930IIFL35A-N0,0.01,1,EQ,NSE,NSE
7433473,29037,930PFL27-N0,0.01,1,EQ,NSE,NSE
193750529,756838,930PFL27A-N0,0.01,1,EQ,NSE,NSE
194447105,759559,930PFL29-N0,0.01,1,EQ,NSE,NSE
194374913,759277,930SCL2035-N0,0.01,1,EQ,NSE,NSE
193919489,757498,930SCL35-NN,0.01,1,EQ,NSE,NSE
1574145,6149,930SFL28-YP,0.01,1,EQ,NSE,NSE
1261057,4926,931SFIL26A-NA,0.01,1,EQ,NSE,NSE
6472449,25283,932AEL27-N3,0.01,1,EQ,NSE,NSE
6072833,23722,935AKCF27-N0,0.01,1,EQ,NSE,NSE
193572609,756143,935IIFL28-NZ,0.01,1,EQ,NSE,NSE
195419905,763359,935ISF36-N0,0.01,1,EQ,NSE,NSE
5284609,20643,935LTF29-N5,0.01,1,EQ,NSE,NSE
6069249,23708,935MOFSL29-N5,0.01,1,EQ,NSE,NSE
194448385,759564,935PFL33-N3,0.01,1,EQ,NSE,NSE
1500417,5861,935SCL28-NV,0.01,1,EQ,NSE,NSE
7049473,27537,935TSI27-N0,0.01,1,EQ,NSE,NSE
7016449,27408,935TSI29-N0,0.01,1,EQ,NSE,NSE
7026689,27448,935TSI30-N0,0.01,1,EQ,NSE,NSE
7053569,27553,935TSI31-N0,0.01,1,EQ,NSE,NSE
7022337,27431,935TSI32-N0,0.01,1,EQ,NSE,NSE
7024897,27441,935TSI34-N0,0.01,1,EQ,NSE,NSE
7019777,27421,935TSIIC28-N0,0.01,1,EQ,NSE,NSE
7046657,27526,935TSIIC33-N0,0.01,1,EQ,NSE,NSE
195625217,764161,938GCML28-N0,0.01,1,EQ,NSE,NSE
195624193,764157,938GFL29-N0,0.01,1,EQ,NSE,NSE
3453953,13492,939SCL27-ZZ,0.01,1,EQ,NSE,NSE
7417601,28975,93HFL34-N0,0.01,1,EQ,NSE,NSE
6069761,23710,93MOFSL34-N6,0.01,1,EQ,NSE,NSE
3036417,11861,93SCL24A-ZN,0.01,1,EQ,NSE,NSE
4730881,18480,940CAGL27-NB,0.01,1,EQ,NSE,NSE
5058049,19758,940SCL26-N6,0.01,1,EQ,NSE,NSE
5131521,20045,940SCL26A-NK,0.01,1,EQ,NSE,NSE
5372417,20986,940SCL26B-Y6,0.01,1,EQ,NSE,NSE
5962497,23291,940SCL27-YS,0.01,1,EQ,NSE,NSE
6539777,25546,940SCL27A-N1,0.01,1,EQ,NSE,NSE
7733249,30208,940SCL28-N1,0.01,1,EQ,NSE,NSE
3593217,14036,940SFIL28-NN,0.01,1,EQ,NSE,NSE
1097729,4288,943ECL28-NJ,0.01,1,EQ,NSE,NSE
193948161,757610,945SCL28-N0,0.01,1,EQ,NSE,NSE
193948673,757612,945SCL29-N0,0.01,1,EQ,NSE,NSE
193914113,757477,945SCL32-NL,0.01,1,EQ,NSE,NSE
5060609,19768,948SCL26-N9,0.01,1,EQ,NSE,NSE
5139201,20075,948SCL26A-NN,0.01,1,EQ,NSE,NSE
5376001,21000,948SCL26B-Y8,0.01,1,EQ,NSE,NSE
5964033,23297,948SCL27-YV,0.01,1,EQ,NSE,NSE
6130689,23948,948SCL27A-ZJ,0.01,1,EQ,NSE,NSE
6541313,25552,948SCL27D-N1,0.01,1,EQ,NSE,NSE
7403777,28921,948SCL27R-N1,0.01,1,EQ,NSE,NSE
7741441,30240,948SCL28-N1,0.01,1,EQ,NSE,NSE
6129153,23942,94SCL27-ZG,0.01,1,EQ,NSE,NSE
7401985,28914,94SCL27U-N1,0.01,1,EQ,NSE,NSE
256257,1001,94SFL28-YL,0.01,1,EQ,NSE,NSE
5896705,23034,950BCIPL28-N2,0.01,1,EQ,NSE,NSE
5949953,23242,950IIFL27-Y2,0.01,1,EQ,NSE,NSE
6569473,25662,950ISF26-N0,0.01,1,EQ,NSE,NSE
7428353,29017,950ISF26A-N0,0.01,1,EQ,NSE,NSE
7560449,29533,950ISF27-N0,0.01,1,EQ,NSE,NSE
193553665,756069,950ISF27A-N0,0.01,1,EQ,NSE,NSE
194136065,758344,950ISF27B-N0,0.01,1,EQ,NSE,NSE
193973249,757708,950ISF27C-N0,0.01,1,EQ,NSE,NSE
194367745,759249,950ISF35-N0,0.01,1,EQ,NSE,NSE
193947137,757606,950SCL30-N0,0.01,1,EQ,NSE,NSE
193919745,757499,955SCL35-NO,0.01,1,EQ,NSE,NSE
6475265,25294,956AEL29-N6,0.01,1,EQ,NSE,NSE
2208001,8625,957ICCL25-YW,0.01,1,EQ,NSE,NSE
6179073,24137,957IIFLS27-NA,0.01,1,EQ,NSE,NSE
5316865,20769,957ISFL26-N2,0.01,1,EQ,NSE,NSE
4833025,18879,957SCL30-BX,0.01,1,EQ,NSE,NSE
5968129,23313,957SCL31-Z3,0.01,1,EQ,NSE,NSE
194446593,759557,95PFL34-N0,0.01,1,EQ,NSE,NSE
193575169,756153,960IIFL30-Y2,0.01,1,EQ,NSE,NSE
193913345,757474,960SCL32-NI,0.01,1,EQ,NSE,NSE
194377985,759289,960SCL35-N0,0.01,1,EQ,NSE,NSE
7695617,30061,960SFL35-N0,0.01,1,EQ,NSE,NSE
6473473,25287,965AEL27-N4,0.01,1,EQ,NSE,NSE
194329601,759100,965ISF28-N0,0.01,1,EQ,NSE,NSE
3455233,13497,965SCL25C-N0,0.01,1,EQ,NSE,NSE
5153281,20130,965SCL25F-NZ,0.01,1,EQ,NSE,NSE
6536705,25534,965SCL26F-N1,0.01,1,EQ,NSE,NSE
7397889,28898,965SCL26Y-N1,0.01,1,EQ,NSE,NSE
7734785,30214,965SCL27-N1,0.01,1,EQ,NSE,NSE
3764225,14704,965SCL28-AK,0.01,1,EQ,NSE,NSE
5144065,20094,965SCL28A-NQ,0.01,1,EQ,NSE,NSE
5378561,21010,965SCL28B-YB,0.01,1,EQ,NSE,NSE
4827137,18856,965SCL28C-BR,0.01,1,EQ,NSE,NSE
5965057,23301,965SCL29-YX,0.01,1,EQ,NSE,NSE
7404545,28924,965SCL29S-N1,0.01,1,EQ,NSE,NSE
193912065,757469,965SCL30-ND,0.01,1,EQ,NSE,NSE
7151105,27934,965SFL27-N0,0.01,1,EQ,NSE,NSE
1334785,5214,96IIFL28-N5,0.01,1,EQ,NSE,NSE
736513,2877,96IIFL28A-NF,0.01,1,EQ,NSE,NSE
1262081,4930,96SFIL24A-NB,0.01,1,EQ,NSE,NSE
4732673,18487,970CAGL28-ND,0.01,1,EQ,NSE,NSE
7494657,29276,970ISF28-N0,0.01,1,EQ,NSE,NSE
3767809,14718,971SCL28-AN,0.01,1,EQ,NSE,NSE
5147137,20106,971SCL28A-NT,0.01,1,EQ,NSE,NSE
5380865,21019,971SCL28B-YD,0.01,1,EQ,NSE,NSE
4828417,18861,971SCL28C-BU,0.01,1,EQ,NSE,NSE
4496385,17564,971SCL28I-BC,0.01,1,EQ,NSE,NSE
5966593,23307,971SCL29-Z0,0.01,1,EQ,NSE,NSE
6133249,23958,971SCL29A-ZN,0.01,1,EQ,NSE,NSE
6543873,25562,971SCL29B-N1,0.01,1,EQ,NSE,NSE
7405313,28927,971SCL29T-N1,0.01,1,EQ,NSE,NSE
7738881,30230,971SCL30-N1,0.01,1,EQ,NSE,NSE
7737345,30224,971SCL30A-N1,0.01,1,EQ,NSE,NSE
194770177,760821,975BNAL28-N0,0.01,1,EQ,NSE,NSE
194425345,759474,975CCSP28-N0,0.01,1,EQ,NSE,NSE
193572865,756144,975IIFL28-Y0,0.01,1,EQ,NSE,NSE
194019841,757890,975ISF28-N0,0.01,1,EQ,NSE,NSE
194229249,758708,975ISF35-N0,0.01,1,EQ,NSE,NSE
194952449,761533,975MWL29-N0,0.01,1,EQ,NSE,NSE
194430465,759494,975PCPL27-N0,0.01,1,EQ,NSE,NSE
6568193,25657,975PCPL27A-N0,0.01,1,EQ,NSE,NSE
194661633,760397,975PCPL28-N0,0.01,1,EQ,NSE,NSE
6007041,23465,975SCL27-Z9,0.01,1,EQ,NSE,NSE
1499393,5857,975SCL28-NT,0.01,1,EQ,NSE,NSE
6354177,24821,975SCL28A-N0,0.01,1,EQ,NSE,NSE
6294273,24587,975SCL29-N0,0.01,1,EQ,NSE,NSE
6621185,25864,975SCL29A-N0,0.01,1,EQ,NSE,NSE
193947649,757608,975SCL35-N0,0.01,1,EQ,NSE,NSE
195397633,763272,97CCSP29-N0,0.01,1,EQ,NSE,NSE
6070273,23712,97MOFSL34-N7,0.01,1,EQ,NSE,NSE
1263617,4936,97SFIL26A-NC,0.01,1,EQ,NSE,NSE
1579009,6168,97SFL28-YS,0.01,1,EQ,NSE,NSE
2212353,8642,97SFL29-YZ,0.01,1,EQ,NSE,NSE
5150721,20120,980SCL33-NX,0.01,1,EQ,NSE,NSE
4839425,18904,980SCL33A-N3,0.01,1,EQ,NSE,NSE
5387265,21044,980SCL33B-YL,0.01,1,EQ,NSE,NSE
5062657,19776,980SCL33C-ND,0.01,1,EQ,NSE,NSE
5382145,21024,980SCL33D-YG,0.01,1,EQ,NSE,NSE
5970177,23321,980SCL34-Z7,0.01,1,EQ,NSE,NSE
6546433,25572,980SCL34B-N1,0.01,1,EQ,NSE,NSE
7732737,30206,980SCL35-N1,0.01,1,EQ,NSE,NSE
3592193,14032,980SFIL28-NL,0.01,1,EQ,NSE,NSE
6439681,25155,980SFIL29-N0,0.01,1,EQ,NSE,NSE
194009089,757848,985CCSP27-N0,0.01,1,EQ,NSE,NSE
194455553,759592,985CCSP28-N0,0.01,1,EQ,NSE,NSE
1098753,4292,985ECL28-NK,0.01,1,EQ,NSE,NSE
193913601,757475,985SCL32-NJ,0.01,1,EQ,NSE,NSE
3593729,14038,985SFIL28-NO,0.01,1,EQ,NSE,NSE
6136833,23972,98SCL34-ZS,0.01,1,EQ,NSE,NSE
7406593,28932,98SCL34Z-N1,0.01,1,EQ,NSE,NSE
6216705,24284,98VFPL28-N0,0.01,1,EQ,NSE,NSE
193825025,757129,990CCSP27-N0,0.01,1,EQ,NSE,NSE
7313665,28569,990IIFL27-N0,0.01,1,EQ,NSE,NSE
7695105,30059,990IIFL27A-N0,0.01,1,EQ,NSE,NSE
5058561,19760,990SCL26-N7,0.01,1,EQ,NSE,NSE
5135617,20061,990SCL26A-NL,0.01,1,EQ,NSE,NSE
5374721,20995,990SCL26B-Y7,0.01,1,EQ,NSE,NSE
5963009,23293,990SCL27-YT,0.01,1,EQ,NSE,NSE
6540289,25548,990SCL27B-N1,0.01,1,EQ,NSE,NSE
7736833,30222,990SCL28-N1,0.01,1,EQ,NSE,NSE
193621249,756333,995CCSP27-N0,0.01,1,EQ,NSE,NSE
193578753,756167,995ISF28-N0,0.01,1,EQ,NSE,NSE
193504001,755875,995ISF28A-N0,0.01,1,EQ,NSE,NSE
194122241,758290,995ISF35-N0,0.01,1,EQ,NSE,NSE
193919233,757497,995SCL2035-NM,0.01,1,EQ,NSE,NSE
7450881,29105,995SCL35-N0,0.01,1,EQ,NSE,NSE
6475777,25296,99AEL29-N7,0.01,1,EQ,NSE,NSE
6129665,23944,99SCL27-ZH,0.01,1,EQ,NSE,NSE
7402241,28915,99SCL27V-N1,0.01,1,EQ,NSE,NSE
194015745,757874,9AEL30-NE,0.01,1,EQ,NSE,NSE
6141441,23990,9CIFL34-NX,0.01,1,EQ,NSE,NSE
5435649,21233,9HFL34-N0,0.01,1,EQ,NSE,NSE
7387649,28858,9IHFL27-N1,0.01,1,EQ,NSE,NSE
4362497,17041,9IIFL28-Y0,0.01,1,EQ,NSE,NSE
3546625,13854,9IIFL28A-NT,0.01,1,EQ,NSE,NSE
194846977,761121,9IIFL31-Y9,0.01,1,EQ,NSE,NSE
194727425,760654,9PCPL28-N0,0.01,1,EQ,NSE,NSE
195025665,761819,9PCPL28A-N0,0.01,1,EQ,NSE,NSE
194485761,759710,9PCPL28B-N0,0.01,1,EQ,NSE,NSE
194006785,757839,9PFL27-N0,0.01,1,EQ,NSE,NSE
1320961,5160,9PFL31A-NA,0.01,1,EQ,NSE,NSE
4770305,18634,9SCL26B-ND,0.01,1,EQ,NSE,NSE
4768769,18628,9SCL26BA-NA,0.01,1,EQ,NSE,NSE
193909249,757458,9SCL27-N2,0.01,1,EQ,NSE,NSE
193910529,757463,9SCL28-N7,0.01,1,EQ,NSE,NSE
5432577,21221,9TCAP28-N9,0.01,1,EQ,NSE,NSE
193580289,756173,9TIAPL28-N0,0.01,1,EQ,NSE,NSE
5351937,20906,A2ZINFRA,0.01,1,EQ,NSE,NSE
3208449,12533,AAATECH,0.01,1,EQ,NSE,NSE
6074625,23729,AADHARHFC,0.05,1,EQ,NSE,NSE
5799425,22654,AAFS27A-N0,0.01,1,EQ,NSE,NSE
6048769,23628,AAFS27B-N3,0.01,1,EQ,NSE,NSE
6059265,23669,AAFS27C-N4,0.01,1,EQ,NSE,NSE
6225153,24317,AAFS28-N0,0.01,1,EQ,NSE,NSE
6368513,24877,AAFS28A-N0,0.01,1,EQ,NSE,NSE
6518273,25462,AAFS28B-N0,0.01,1,EQ,NSE,NSE
6552321,25595,AAFS28C-N0,0.01,1,EQ,NSE,NSE
193827841,757140,AAFS29-N0,0.01,1,EQ,NSE,NSE
193779201,756950,AAFS29A-N0,0.01,1,EQ,NSE,NSE
194203649,758608,AAFS29B-N0,0.01,1,EQ,NSE,NSE
194161153,758442,AAFS29C-N0,0.01,1,EQ,NSE,NSE
194266113,758852,AAFS30-N0,0.01,1,EQ,NSE,NSE
194374401,759275,AAFS30A-N0,0.01,1,EQ,NSE,NSE
194632193,760282,AAFS30B-N0,0.01,1,EQ,NSE,NSE
194737921,760695,AAFS30C-N0,0.01,1,EQ,NSE,NSE
194621441,760240,AAFS30D-N0,0.01,1,EQ,NSE,NSE
194909953,761367,AAFS31-N0,0.01,1,EQ,NSE,NSE
195001601,761725,AAFS31A-N0,0.01,1,EQ,NSE,NSE
195002625,761729,AAFS31B-N0,0.01,1,EQ,NSE,NSE
195397121,763270,AAFS31C-N0,0.01,1,EQ,NSE,NSE
195506945,763699,AAFS31D-N0,0.01,1,EQ,NSE,NSE
193298945,755074,AAFS32-N0,0.01,1,EQ,NSE,NSE
195540225,763829,AAFS32A-N0,0.01,1,EQ,NSE,NSE
195705857,764476,AAFS32B-N0,0.01,1,EQ,NSE,NSE
5869313,22927,AAFS34-N2,0.01,1,EQ,NSE,NSE
6059777,23671,AAFS34A-N5,0.01,1,EQ,NSE,NSE
193940225,757579,AAKAAR-SM,0.05,1600,EQ,NSE,NSE
60161,235,AAKASH,0.01,1,EQ,NSE,NSE
194078721,758120,AARADHYA-SM,0.05,1200,EQ,NSE,NSE
1342721,5245,AAREYDRUGS,0.01,1,EQ,NSE,NSE
195026945,761824,AARNAV-BE,0.01,1,EQ,NSE,NSE
263681,1030,AARON,0.01,1,EQ,NSE,NSE
4393985,17164,AARTECH-BE,0.01,1,EQ,NSE,NSE
1147137,4481,AARTIDRUGS,0.05,1,EQ,NSE,NSE
1793,7,AARTIIND,0.05,1,EQ,NSE,NSE
3550209,13868,AARTIPHARM,0.05,1,EQ,NSE,NSE
4931329,19263,AARTISURF-BE,0.05,1,EQ,NSE,NSE
4882689,19073,AARVI,0.01,1,EQ,NSE,NSE
195532801,763800,AASTHA,0.01,1,EQ,NSE,NSE
4342017,16961,AATMAJ-SM,0.05,2000,EQ,NSE,NSE
1378561,5385,AAVAS,0.1,1,EQ,NSE,NSE
7835393,30607,AB10BKINAV,0.01,1,EQ,NSE,NSE
1986305,7759,ABAN-BE,0.01,1,EQ,NSE,NSE
195205889,762523,ABANSENT,0.01,1,EQ,NSE,NSE
3329,13,ABB,0.5,1,EQ,NSE,NSE
4583169,17903,ABBOTINDIA,5,1,EQ,NSE,NSE
5533185,21614,ABCAPITAL,0.05,1,EQ,NSE,NSE
194302209,758993,ABCL020925-N0,0.01,1,EQ,NSE,NSE
193521153,755942,ABCL26-N3,0.01,1,EQ,NSE,NSE
193521921,755945,ABCL28-N6,0.01,1,EQ,NSE,NSE
194337281,759130,ABCOTS,0.01,1,EQ,NSE,NSE
193526017,755961,ABCRESET27-NM,0.01,1,EQ,NSE,NSE
194321153,759067,ABCRESET28-N0,0.01,1,EQ,NSE,NSE
6222849,24308,ABDL,0.05,1,EQ,NSE,NSE
7707649,30108,ABFRL,0.01,1,EQ,NSE,NSE
6247425,24404,ABGSEC,0.01,1,EQ,NSE,NSE
6249217,24411,ABGSECINAV,0.01,1,EQ,NSE,NSE
6984705,27284,ABHAPOWER-SM,0.05,1600,EQ,NSE,NSE
193927425,757529,ABHF26625-N0,0.01,1,EQ,NSE,NSE
6916097,27016,ABINFRA-BE,0.01,1,EQ,NSE,NSE
193751809,756843,ABLBL,0.01,1,EQ,NSE,NSE
1421057,5551,ABMINTLLTD-BE,0.01,1,EQ,NSE,NSE
195207169,762528,ABMKNO,0.01,1,EQ,NSE,NSE
160001,625,ABREL,0.1,1,EQ,NSE,NSE
194623233,760247,ABSL10BANK,0.01,1,EQ,NSE,NSE
1540609,6018,ABSLAMC,0.1,1,EQ,NSE,NSE
2550785,9964,ABSLBAINAV,0.01,1,EQ,NSE,NSE
3580673,13987,ABSLBANETF,0.01,1,EQ,NSE,NSE
3716609,14518,ABSLLIQUID,0.01,1,EQ,NSE,NSE
3718145,14524,ABSLLQINAV,0.01,1,EQ,NSE,NSE
194832897,761066,ABSLMSCIN,0.01,1,EQ,NSE,NSE
1878785,7339,ABSLNN50ET,0.01,1,EQ,NSE,NSE
2553089,9973,ABSLNNINAV,0.01,1,EQ,NSE,NSE
6094337,23806,ABSLPSE,0.01,1,EQ,NSE,NSE
6088449,23783,ABSMARINE-SM,0.05,500,EQ,NSE,NSE
7834881,30605,ABSMSCINAV,0.01,1,EQ,NSE,NSE
6095617,23811,ABSPSEINAV,0.01,1,EQ,NSE,NSE
5633,22,ACC,0.1,1,EQ,NSE,NSE
1805569,7053,ACCELYA,0.1,1,EQ,NSE,NSE
5244929,20488,ACCENTMIC-SM,0.05,500,EQ,NSE,NSE
5431809,21218,ACCORD-ST,0.05,2000,EQ,NSE,NSE
193798145,757024,ACCPL-ST,0.05,1200,EQ,NSE,NSE
376833,1472,ACCURACY-BE,0.01,1,EQ,NSE,NSE
3478273,13587,ACE,0.1,1,EQ,NSE,NSE
3015425,11779,ACEINTEG,0.01,1,EQ,NSE,NSE
194844673,761112,ACETEC-SM,0.05,1200,EQ,NSE,NSE
195726849,764558,ACGL,0.1,1,EQ,NSE,NSE
3078145,12024,ACI,0.05,1,EQ,NSE,NSE
3947521,15420,ACL,0.01,1,EQ,NSE,NSE
6927617,27061,ACMESOLAR,0.05,1,EQ,NSE,NSE
195209217,762536,ACSTECH-BE,0.01,1,EQ,NSE,NSE
7798785,30464,ACTIVEINFR-SM,0.05,600,EQ,NSE,NSE
1427969,5578,ACUTAAS,0.1,1,EQ,NSE,NSE
2615553,10217,ADANIENSOL,0.1,1,EQ,NSE,NSE
6401,25,ADANIENT,0.1,1,EQ,NSE,NSE
912129,3563,ADANIGREEN,0.1,1,EQ,NSE,NSE
3861249,15083,ADANIPORTS,0.1,1,EQ,NSE,NSE
4451329,17388,ADANIPOWER,0.01,1,EQ,NSE,NSE
5751809,22468,ADDICTIVE-SM,0.05,500,EQ,NSE,NSE
195728129,764563,ADDIND,0.01,1,EQ,NSE,NSE
5058817,19761,ADFFOODS,0.05,1,EQ,NSE,NSE
195367937,763156,ADISOFT-SM,0.05,800,EQ,NSE,NSE
62721,245,ADL,0.01,1,EQ,NSE,NSE
8705,34,ADOR,0.1,1,EQ,NSE,NSE
1267969,4953,ADROITINFO,0.01,1,EQ,NSE,NSE
3792129,14813,ADSL,0.01,1,EQ,NSE,NSE
194728193,760657,ADVAIT,0.1,1,EQ,NSE,NSE
194406913,759402,ADVANCE,0.01,1,EQ,NSE,NSE
3774721,14745,ADVANIHOTR,0.01,1,EQ,NSE,NSE
194500865,759769,ADVENTHTL,0.01,1,EQ,NSE,NSE
4617985,18039,ADVENZYMES,0.05,1,EQ,NSE,NSE
195843841,765015,ADVIKCA,0.01,1,EQ,NSE,NSE
10241,40,AEGISLOG,0.1,1,EQ,NSE,NSE
193878017,757336,AEGISVOPAK,0.05,1,EQ,NSE,NSE
194904065,761344,AEL120126-NL,0.01,1,EQ,NSE,NSE
6474753,25292,AEL120924A-N5,0.01,1,EQ,NSE,NSE
6476289,25298,AEL120924B-N8,0.01,1,EQ,NSE,NSE
194904833,761347,AEL1212026-NO,0.01,1,EQ,NSE,NSE
194903297,761341,AEL12126-NI,0.01,1,EQ,NSE,NSE
194015489,757873,AEL170725-ND,0.01,1,EQ,NSE,NSE
194016257,757876,AEL170725A-NG,0.01,1,EQ,NSE,NSE
194014721,757870,AEL17725-NA,0.01,1,EQ,NSE,NSE
194900481,761330,AEPL,0.01,1,EQ,NSE,NSE
194619905,760234,AEQUS,0.01,1,EQ,NSE,NSE
3075841,12015,AEROENTER,0.01,1,EQ,NSE,NSE
4676609,18268,AEROFLEX,0.05,1,EQ,NSE,NSE
6416641,25065,AERON-SM,0.05,1000,EQ,NSE,NSE
3504385,13689,AERONEU,0.01,1,EQ,NSE,NSE
194987521,761670,AEROPLANE,0.01,1,EQ,NSE,NSE
6356481,24830,AESTHETIK-SM,0.05,1000,EQ,NSE,NSE
2511361,9810,AETHER,0.1,1,EQ,NSE,NSE
6650113,25977,AFCONS,0.05,1,EQ,NSE,NSE
2903809,11343,AFFLE,0.1,1,EQ,NSE,NSE
6618881,25855,AFFORDABLE,0.01,1,EQ,NSE,NSE
6184705,24159,AFIL,0.01,1,EQ,NSE,NSE
3401729,13288,AFSL,0.01,1,EQ,NSE,NSE
867585,3389,AGARIND,0.05,1,EQ,NSE,NSE
7539713,29452,AGARWALEYE,0.05,1,EQ,NSE,NSE
3651329,14263,AGARWALFT-SM,0.05,1500,EQ,NSE,NSE
6991105,27309,AGARWALTUF-SM,0.05,1200,EQ,NSE,NSE
361473,1412,AGI,0.05,1,EQ,NSE,NSE
6257921,24445,AGIIL,0.05,1,EQ,NSE,NSE
195528705,763784,AGL,0.01,1,EQ,NSE,NSE
2685697,10491,AGNI-SM,0.05,2500,EQ,NSE,NSE
2834433,11072,AGRITECH,0.01,1,EQ,NSE,NSE
2315777,9046,AGROPHOS,0.01,1,EQ,NSE,NSE
194355713,759202,AGSTRA-BZ,0.01,1,EQ,NSE,NSE
3877633,15147,AGUL-SM,0.05,2000,EQ,NSE,NSE
194295809,758968,AHCL,0.01,1,EQ,NSE,NSE
2757121,10770,AHIMSA-ST,0.05,3000,EQ,NSE,NSE
513025,2004,AHLADA,0.01,1,EQ,NSE,NSE
4976129,19438,AHLEAST,0.01,1,EQ,NSE,NSE
4565249,17833,AHLUCONT,0.05,1,EQ,NSE,NSE
4958721,19370,AHLWEST-BE,0.05,1,EQ,NSE,NSE
3350017,13086,AIAENG,0.1,1,EQ,NSE,NSE
6029569,23553,AIIL,0.05,1,EQ,NSE,NSE
1184257,4626,AILIMITED-SM,0.05,3000,EQ,NSE,NSE
6139905,23984,AIMTRON-SM,0.05,200,EQ,NSE,NSE
2533633,9897,AIRAN,0.01,1,EQ,NSE,NSE
1553409,6068,AIROLAM,0.01,1,EQ,NSE,NSE
123393,482,AISL-SM,0.05,600,EQ,NSE,NSE
2079745,8124,AJANTPHARM,0.1,1,EQ,NSE,NSE
7583745,29624,AJAXENGG,0.05,1,EQ,NSE,NSE
4430593,17307,AJMERA,0.01,1,EQ,NSE,NSE
871169,3403,AJOONI,0.01,1,EQ,NSE,NSE
5406977,21121,AKANKSHA-SM,0.05,1000,EQ,NSE,NSE
3458561,13510,AKASH,0.01,1,EQ,NSE,NSE
195209729,762538,AKCAPIT,0.1,1,EQ,NSE,NSE
557057,2176,AKG,0.01,1,EQ,NSE,NSE
3811841,14890,AKI,0.01,1,EQ,NSE,NSE
6221825,24304,AKIKO-SM,0.05,800,EQ,NSE,NSE
2446849,9558,AKSHAR,0.01,1,EQ,NSE,NSE
5169665,20194,AKSHARCHEM-BE,0.01,1,EQ,NSE,NSE
2200321,8595,AKSHOPTFBR-BE,0.01,1,EQ,NSE,NSE
6327041,24715,AKUMS,0.05,1,EQ,NSE,NSE
2539777,9921,ALANKIT,0.01,1,EQ,NSE,NSE
4417537,17256,ALBERTDAVD,0.05,1,EQ,NSE,NSE
4803073,18762,ALCODIS-SM,0.05,625,EQ,NSE,NSE
20225,79,ALEMBICLTD,0.01,1,EQ,NSE,NSE
195730689,764573,ALFREDHE,0.1,1,EQ,NSE,NSE
194885121,761270,ALGOQUANT,0.01,1,EQ,NSE,NSE
3495937,13656,ALICON,0.05,1,EQ,NSE,NSE
1347841,5265,ALIVUS,0.1,1,EQ,NSE,NSE
4342529,16963,ALKALI-BE,0.01,1,EQ,NSE,NSE
2995969,11703,ALKEM,0.5,1,EQ,NSE,NSE
1148673,4487,ALKYLAMINE,0.1,1,EQ,NSE,NSE
3456257,13501,ALLCARGO,0.01,1,EQ,NSE,NSE
3020289,11798,ALLDIGI,0.05,1,EQ,NSE,NSE
3379969,13203,ALLETEC-SM,0.05,400,EQ,NSE,NSE
194162689,758448,ALLTIME,0.01,1,EQ,NSE,NSE
4280065,16719,ALMONDZ,0.01,1,EQ,NSE,NSE
4524801,17675,ALOKINDS,0.01,1,EQ,NSE,NSE
3801089,14848,ALPA,0.01,1,EQ,NSE,NSE
5808129,22688,ALPEXSOLAR-SM,0.05,100,EQ,NSE,NSE
1897473,7412,ALPHA,0.01,1,EQ,NSE,NSE
5851137,22856,ALPHA27-N1,0.01,1,EQ,NSE,NSE
5027841,19640,ALPHAETF,0.01,1,EQ,NSE,NSE
3737857,14601,ALPHAGEO-BE,0.01,1,EQ,NSE,NSE
5029121,19645,ALPHAINAV,0.01,1,EQ,NSE,NSE
195631617,764186,ALPINETEX,0.01,1,EQ,NSE,NSE
5720065,22344,ALPL30IETF,0.01,1,EQ,NSE,NSE
194967297,761591,ALSDG-SF,0.01,1,EQ,NSE,NSE
194967809,761593,ALSDP-SF,0.01,1,EQ,NSE,NSE
194968321,761595,ALSRG-SF,0.01,1,EQ,NSE,NSE
194968833,761597,ALSRP-SF,0.01,1,EQ,NSE,NSE
195731969,764578,ALUFLUOR,0.05,1,EQ,NSE,NSE
6009345,23474,ALUWIND-SM,0.05,1500,EQ,NSE,NSE
194749441,760740,AMAGI,0.05,1,EQ,NSE,NSE
195733249,764583,AMAL,0.05,1,EQ,NSE,NSE
194280961,758910,AMANTA-BE,0.01,1,EQ,NSE,NSE
195734529,764588,AMARJOTHI,0.01,1,EQ,NSE,NSE
195393537,763256,AMBAAUTO-SM,0.05,1000,EQ,NSE,NSE
195211777,762546,AMBALALSA-BE,0.01,1,EQ,NSE,NSE
1045249,4083,AMBANIORGO-SM,0.05,1000,EQ,NSE,NSE
303361,1185,AMBER,0.5,1,EQ,NSE,NSE
2942977,11496,AMBICAAGAR,0.01,1,EQ,NSE,NSE
3899905,15234,AMBIKCO,0.1,1,EQ,NSE,NSE
325121,1270,AMBUJACEM,0.05,1,EQ,NSE,NSE
194157313,758427,AMCL-SM,0.05,400,EQ,NSE,NSE
3685889,14398,AMDIND,0.01,1,EQ,NSE,NSE
2789889,10898,AMEYA-SM,0.05,1000,EQ,NSE,NSE
3056385,11939,AMIABLE-SM,0.05,1600,EQ,NSE,NSE
665089,2598,AMJLAND,0.01,1,EQ,NSE,NSE
5085953,19867,AMNPLST,0.01,1,EQ,NSE,NSE
4492033,17547,AMRUTANJAN,0.05,1,EQ,NSE,NSE
1829121,7145,ANANDRATHI,0.1,1,EQ,NSE,NSE
194396929,759363,ANANTAM-IV,0.01,1,EQ,NSE,NSE
3486721,13620,ANANTRAJ,0.05,1,EQ,NSE,NSE
195698177,764446,ANAWIL-SM,0.05,400,EQ,NSE,NSE
42497,166,ANDHRAPAP,0.01,1,EQ,NSE,NSE
34817,136,ANDHRSUGAR,0.01,1,EQ,NSE,NSE
1332737,5206,ANDREWYU,0.01,1,EQ,NSE,NSE
82945,324,ANGELONE,0.05,1,EQ,NSE,NSE
4264193,16657,ANIKINDS,0.01,1,EQ,NSE,NSE
6624769,25878,ANKITMETAL-BZ,0.01,1,EQ,NSE,NSE
3496193,13657,ANLON-SM,0.05,400,EQ,NSE,NSE
954113,3727,ANMOL,0.01,1,EQ,NSE,NSE
195704577,764471,ANNAPURNA,0.05,1,EQ,NSE,NSE
194237441,758740,ANONDITA-SM,0.05,200,EQ,NSE,NSE
5037313,19677,ANSALAPI-BZ,0.01,1,EQ,NSE,NSE
195845121,765020,ANSALBU,0.01,1,EQ,NSE,NSE
3481089,13598,ANTELOPUS,0.05,1,EQ,NSE,NSE
1329665,5194,ANTGRAPHIC,0.01,1,EQ,NSE,NSE
194018561,757885,ANTHEM,0.05,1,EQ,NSE,NSE
7248385,28314,ANUHPHR,0.01,1,EQ,NSE,NSE
2307585,9014,ANUP,0.1,1,EQ,NSE,NSE
724225,2829,ANURAS,0.1,1,EQ,NSE,NSE
7419649,28983,ANYA-SM,0.05,5000,EQ,NSE,NSE
3057921,11945,ANZEN-IV,0.01,25000,EQ,NSE,NSE
7819009,30543,AOGOLDINAV,0.01,1,EQ,NSE,NSE
7827713,30577,AONE50INAV,0.01,1,EQ,NSE,NSE
194279425,758904,AONEGOLD,0.01,1,EQ,NSE,NSE
7801857,30476,AONELIINAV,0.01,1,EQ,NSE,NSE
7800833,30472,AONELIQUID,0.01,1,EQ,NSE,NSE
7809537,30506,AONENFINAV,0.01,1,EQ,NSE,NSE
193816577,757096,AONENIFTY,0.01,1,EQ,NSE,NSE
7835137,30606,AONESIINAV,0.01,1,EQ,NSE,NSE
194609409,760193,AONESILVER,0.01,1,EQ,NSE,NSE
194557953,759992,AONETMMQ50,0.01,1,EQ,NSE,NSE
7674369,29978,AONETOINAV,0.01,1,EQ,NSE,NSE
7673601,29975,AONETOTAL,0.01,1,EQ,NSE,NSE
2941697,11491,APARINDS,1,1,EQ,NSE,NSE
5235969,20453,APCL,0.01,1,EQ,NSE,NSE
39425,154,APCOTEXIND,0.05,1,EQ,NSE,NSE
5535489,21623,APEX,0.05,1,EQ,NSE,NSE
6986497,27291,APEXECO-ST,0.05,800,EQ,NSE,NSE
6599681,25780,APLAPOLLO,0.1,1,EQ,NSE,NSE
6483969,25328,APLLTD,0.05,1,EQ,NSE,NSE
290305,1134,APOLLO,0.05,1,EQ,NSE,NSE
40193,157,APOLLOHOSP,0.5,1,EQ,NSE,NSE
3676417,14361,APOLLOPIPE,0.05,1,EQ,NSE,NSE
41729,163,APOLLOTYRE,0.05,1,EQ,NSE,NSE
1613313,6302,APOLSINHOT,0.1,1,EQ,NSE,NSE
195735809,764593,APOORVA,0.01,1,EQ,NSE,NSE
6307329,24638,APRAMEYA-SM,0.05,500,EQ,NSE,NSE
5491457,21451,APS-SM,0.05,250,EQ,NSE,NSE
194969857,761601,APSIFHLSDD-SF,0.01,1,EQ,NSE,NSE
194970369,761603,APSIFHLSDG-SF,0.01,1,EQ,NSE,NSE
194970881,761605,APSIFHLSRD-SF,0.01,1,EQ,NSE,NSE
194971393,761607,APSIFHLSRG-SF,0.01,1,EQ,NSE,NSE
194927361,761435,APSISAERO-ST,0.05,1200,EQ,NSE,NSE
3602945,14074,APTECHT-BE,0.01,1,EQ,NSE,NSE
1391361,5435,APTUS,0.05,1,EQ,NSE,NSE
5981441,23365,AQYLON,0.01,1,EQ,NSE,NSE
4928769,19253,ARABIAN-SM,0.05,2000,EQ,NSE,NSE
4299521,16795,ARCHIDPLY,0.01,1,EQ,NSE,NSE
1456129,5688,ARCHIES,0.01,1,EQ,NSE,NSE
194219521,758670,ARCIIL-SM,0.05,1000,EQ,NSE,NSE
195737089,764598,ARCL,0.01,1,EQ,NSE,NSE
195706881,764480,ARDEE,0.01,1,EQ,NSE,NSE
25601,100,ARE&M,0.05,1,EQ,NSE,NSE
46337,181,ARENTERP,0.01,1,EQ,NSE,NSE
194227201,758700,ARFIN,0.01,1,EQ,NSE,NSE
3351553,13092,ARHAM-SM,0.05,1000,EQ,NSE,NSE
3892225,15204,ARIES,0.05,1,EQ,NSE,NSE
3554561,13885,ARIHANT,0.1,1,EQ,NSE,NSE
3415041,13340,ARIHANTACA-SM,0.05,400,EQ,NSE,NSE
976129,3813,ARIHANTCAP,0.01,1,EQ,NSE,NSE
5160705,20159,ARIHANTSUP,0.05,1,EQ,NSE,NSE
193949185,757614,ARIS,0.01,1,EQ,NSE,NSE
3565057,13926,ARISTO-SM,0.05,800,EQ,NSE,NSE
6501889,25398,ARKADE,0.01,1,EQ,NSE,NSE
4419329,17263,ARMANFIN,0.1,1,EQ,NSE,NSE
194752513,760752,ARMOUR-ST,0.05,2000,EQ,NSE,NSE
3726593,14557,AROGRANITE,0.01,1,EQ,NSE,NSE
2371585,9264,ARROWGREEN-BE,0.05,1,EQ,NSE,NSE
7427841,29015,ARSHIYA-BZ,0.01,1,EQ,NSE,NSE
195174657,762401,ARSIFHDAD-SF,0.01,1,EQ,NSE,NSE
194955265,761544,ARSIFHDG-SF,0.01,1,EQ,NSE,NSE
194954241,761540,ARSIFHRG-SF,0.01,1,EQ,NSE,NSE
194955777,761546,ARSIFHRHD-SF,0.01,1,EQ,NSE,NSE
194954753,761542,ARSIFHRMD-SF,0.01,1,EQ,NSE,NSE
194548737,759956,ARSSBL,0.05,1,EQ,NSE,NSE
4329729,16913,ARTEMISMED,0.05,1,EQ,NSE,NSE
1575937,6156,ARTNIRMAN,0.01,1,EQ,NSE,NSE
193765377,756896,ARUNAYA-SM,0.05,2000,EQ,NSE,NSE
720385,2814,ARVEE,0.01,1,EQ,NSE,NSE
49409,193,ARVIND,0.05,1,EQ,NSE,NSE
2332417,9111,ARVINDFASN,0.05,1,EQ,NSE,NSE
5012225,19579,ARVINDPORT-SM,0.05,1500,EQ,NSE,NSE
2676993,10457,ARVSMART,0.05,1,EQ,NSE,NSE
195738369,764603,ARYAMAN,0.05,1,EQ,NSE,NSE
1376769,5378,ASAHIINDIA,0.05,1,EQ,NSE,NSE
6423553,25092,ASAHISONG-BE,0.05,1,EQ,NSE,NSE
2722305,10634,ASAL,0.05,1,EQ,NSE,NSE
4505089,17598,ASALCBR,0.05,1,EQ,NSE,NSE
3840257,15001,ASCOM-SM,0.05,500,EQ,NSE,NSE
6326017,24711,ASHALOG-SM,0.05,1000,EQ,NSE,NSE
51969,203,ASHAPURMIN,0.05,1,EQ,NSE,NSE
6247169,24403,ASHIANA,0.05,1,EQ,NSE,NSE
195213057,762551,ASHIKAG-BE,0.05,1,EQ,NSE,NSE
52737,206,ASHIMASYN,0.01,1,EQ,NSE,NSE
5166593,20182,ASHOKA,0.01,1,EQ,NSE,NSE
4337409,16943,ASHOKAMET,0.01,1,EQ,NSE,NSE
54273,212,ASHOKLEY,0.01,1,EQ,NSE,NSE
194667009,760418,ASHWINI-SM,0.05,1000,EQ,NSE,NSE
1799681,7030,ASIANENE,0.05,1,EQ,NSE,NSE
4716033,18422,ASIANHOTNR,0.05,1,EQ,NSE,NSE
60417,236,ASIANPAINT,0.1,1,EQ,NSE,NSE
3811585,14889,ASIANTILES,0.01,1,EQ,NSE,NSE
195846401,765025,ASIANTNE,0.01,1,EQ,NSE,NSE
194361345,759224,ASIFDG-SF,0.01,1,EQ,NSE,NSE
194361857,759226,ASIFRD-SF,0.01,1,EQ,NSE,NSE
194362369,759228,ASIFRG-SF,0.01,1,EQ,NSE,NSE
5158913,20152,ASKAUTOLTD,0.05,1,EQ,NSE,NSE
3601665,14069,ASMS-BE,0.01,1,EQ,NSE,NSE
4421121,17270,ASPINWALL,0.01,1,EQ,NSE,NSE
5989377,23396,ASPIRE-SM,0.05,2000,EQ,NSE,NSE
195900673,765237,ASSAMENT,0.05,1,EQ,NSE,NSE
195213569,762553,ASTAR,0.05,1,EQ,NSE,NSE
4538369,17728,ASTEC,0.05,1,EQ,NSE,NSE
386049,1508,ASTERDM,0.05,1,EQ,NSE,NSE
3691009,14418,ASTRAL,0.1,1,EQ,NSE,NSE
2974209,11618,ASTRAMICRO,0.1,1,EQ,NSE,NSE
1436161,5610,ASTRAZEN,0.5,1,EQ,NSE,NSE
195697921,764445,ASTRON-BZ,0.01,1,EQ,NSE,NSE
4006145,15649,ATALREAL,0.01,1,EQ,NSE,NSE
3943425,15404,ATAM,0.01,1,EQ,NSE,NSE
193639681,756405,ATCENERGY-ST,0.05,1200,EQ,NSE,NSE
1552897,6066,ATGL,0.05,1,EQ,NSE,NSE
193957121,757645,ATHERENERG,0.1,1,EQ,NSE,NSE
4551169,17778,ATL,0.01,1,EQ,NSE,NSE
3477761,13585,ATLANTAA,0.01,1,EQ,NSE,NSE
194305793,759007,ATLANTAELE,0.1,1,EQ,NSE,NSE
1169409,4568,ATLASCYCLE,0.01,1,EQ,NSE,NSE
194803969,760953,ATLPP-E1,0.01,1,EQ,NSE,NSE
5832961,22785,ATMASTCO-SM,0.05,400,EQ,NSE,NSE
67329,263,ATUL,0.5,1,EQ,NSE,NSE
7685889,30023,ATULAUTO,0.05,1,EQ,NSE,NSE
5436929,21238,AUBANK,0.1,1,EQ,NSE,NSE
195955457,765451,AUGMONT,0.05,1,EQ,NSE,NSE
3077633,12022,AURIONPRO,0.05,1,EQ,NSE,NSE
4062465,15869,AUROIMPEX-SM,0.05,1600,EQ,NSE,NSE
70401,275,AUROPHARMA,0.1,1,EQ,NSE,NSE
2639361,10310,AURUM,0.01,1,EQ,NSE,NSE
8055809,31468,AURUS,0.01,1,EQ,NSE,NSE
6463489,25248,AUSL-SM,0.05,2000,EQ,NSE,NSE
1033473,4037,AUSOMENT,0.01,1,EQ,NSE,NSE
195739649,764608,AUSTENG,0.01,1,EQ,NSE,NSE
71169,278,AUTOAXLES,0.1,1,EQ,NSE,NSE
2017281,7880,AUTOBEES,0.01,1,EQ,NSE,NSE
2598401,10150,AUTOBEINAV,0.01,1,EQ,NSE,NSE
2008065,7844,AUTOIETF,0.01,1,EQ,NSE,NSE
3611137,14106,AUTOIND,0.01,1,EQ,NSE,NSE
5479937,21406,AVADHSUGAR,0.05,1,EQ,NSE,NSE
3854849,15058,AVALON,0.1,1,EQ,NSE,NSE
194748417,760736,AVANA-ST,0.05,2000,EQ,NSE,NSE
195847681,765030,AVANCE,0.01,1,EQ,NSE,NSE
6300161,24610,AVANTEL,0.01,1,EQ,NSE,NSE
2031617,7936,AVANTIFEED,0.05,1,EQ,NSE,NSE
5248769,20503,AVATAR-ST,0.05,2000,EQ,NSE,NSE
4003329,15638,AVG-BE,0.01,1,EQ,NSE,NSE
6533121,25520,AVIANSH-SM,0.05,1000,EQ,NSE,NSE
193303553,755092,AVIENCE-SM,0.05,600,EQ,NSE,NSE
6651905,25984,AVL,0.05,1,EQ,NSE,NSE
3470593,13557,AVONMORE,0.01,1,EQ,NSE,NSE
5928705,23159,AVPINFRA-SM,0.05,800,EQ,NSE,NSE
2259713,8827,AVROIND,0.01,1,EQ,NSE,NSE
4785409,18693,AVSL-ST,0.05,1000,EQ,NSE,NSE
194703617,760561,AVTL29-N0,0.01,1,EQ,NSE,NSE
3586049,14008,AVTNPL,0.01,1,EQ,NSE,NSE
6109185,23864,AWFIS,0.05,1,EQ,NSE,NSE
460033,1797,AWHCL,0.05,1,EQ,NSE,NSE
2076161,8110,AWL,0.01,1,EQ,NSE,NSE
1510401,5900,AXISBANK,0.1,1,EQ,NSE,NSE
2556673,9987,AXISBNINAV,0.01,1,EQ,NSE,NSE
2556417,9986,AXISBPINAV,0.01,1,EQ,NSE,NSE
2415617,9436,AXISCADES,0.1,1,EQ,NSE,NSE
2556929,9988,AXISCEINAV,0.01,1,EQ,NSE,NSE
2109185,8239,AXISGOINAV,0.01,1,EQ,NSE,NSE
2553345,9974,AXISHCINAV,0.01,1,EQ,NSE,NSE
2868737,11206,AXISILINAV,0.01,1,EQ,NSE,NSE
2868993,11207,AXISILINAV-RL,0.01,1,EQ,NSE,NSE
2557185,9989,AXISNIINAV,0.01,1,EQ,NSE,NSE
2558977,9996,AXISTEINAV,0.01,1,EQ,NSE,NSE
7720449,30158,AXISVAINAV,0.01,1,EQ,NSE,NSE
2534913,9902,AXITA,0.01,1,EQ,NSE,NSE
3774977,14746,AXSNSXINAV,0.01,1,EQ,NSE,NSE
195740929,764613,AXTEL,0.05,1,EQ,NSE,NSE
194811137,760981,AYE,0.01,1,EQ,NSE,NSE
2632961,10285,AYMSYNTEX,0.05,1,EQ,NSE,NSE
5351681,20905,AZAD,0.1,1,EQ,NSE,NSE
195848961,765035,AZADIND,0.01,1,EQ,NSE,NSE
5156097,20141,BABAFP-SM,0.05,1600,EQ,NSE,NSE
4540161,17735,BAFNAPH-BE,0.05,1,EQ,NSE,NSE
194411521,759420,BAGDIGITAL-SM,0.05,1600,EQ,NSE,NSE
2873857,11226,BAGFILMS,0.01,1,EQ,NSE,NSE
195420929,763363,BAGMANE-RR,0.01,1,EQ,NSE,NSE
3325185,12989,BAHETI-SM,0.05,375,EQ,NSE,NSE
3531265,13794,BAIDFIN,0.01,1,EQ,NSE,NSE
4267265,16669,BAJAJ-AUTO,1,1,EQ,NSE,NSE
4999937,19531,BAJAJCON,0.05,1,EQ,NSE,NSE
3848705,15034,BAJAJELEC,0.05,1,EQ,NSE,NSE
4268801,16675,BAJAJFINSV,0.1,1,EQ,NSE,NSE
1756929,6863,BAJAJHCARE,0.05,1,EQ,NSE,NSE
6469121,25270,BAJAJHFL,0.01,1,EQ,NSE,NSE
78849,308,BAJAJHIND,0.01,1,EQ,NSE,NSE
78081,305,BAJAJHLDNG,1,1,EQ,NSE,NSE
7597569,29678,BAJAJINDEF,0.01,1,EQ,NSE,NSE
195216129,762563,BAJAJST,0.05,1,EQ,NSE,NSE
5255937,20531,BAJEL,0.01,1,EQ,NSE,NSE
81153,317,BAJFINANCE,0.1,1,EQ,NSE,NSE
6451969,25203,BALAJEE,0.01,1,EQ,NSE,NSE
7687681,30030,BALAJIPHOS-SM,0.05,1000,EQ,NSE,NSE
2344449,9158,BALAJITELE,0.01,1,EQ,NSE,NSE
3712257,14501,BALAMINES,0.1,1,EQ,NSE,NSE
2895105,11309,BALAXI,0.01,1,EQ,NSE,NSE
6369025,24879,BALCO-SM,0.05,1200,EQ,NSE,NSE
2606337,10181,BALKRISHNA,0.01,1,EQ,NSE,NSE
85761,335,BALKRISIND,0.1,1,EQ,NSE,NSE
86529,338,BALMLAWRIE,0.01,1,EQ,NSE,NSE
3440897,13441,BALPHARMA,0.01,1,EQ,NSE,NSE
87297,341,BALRAMCHIN,0.05,1,EQ,NSE,NSE
6043393,23607,BALUFORGE,0.05,1,EQ,NSE,NSE
88833,347,BANARBEADS,0.01,1,EQ,NSE,NSE
89601,350,BANARISUG,0.1,1,EQ,NSE,NSE
3553281,13880,BANCOINDIA,0.05,1,EQ,NSE,NSE
579329,2263,BANDHANBNK,0.01,1,EQ,NSE,NSE
3917569,15303,BANG,0.01,1,EQ,NSE,NSE
194909185,761364,BANK10ADD,0.01,1,EQ,NSE,NSE
195630849,764183,BANK10BETF,0.01,1,EQ,NSE,NSE
210433,822,BANKA,0.01,1,EQ,NSE,NSE
3492865,13644,BANKADD,0.01,1,EQ,NSE,NSE
1195009,4668,BANKBARODA,0.01,1,EQ,NSE,NSE
2928385,11439,BANKBEES,0.01,1,EQ,NSE,NSE
5744641,22440,BANKBETA,0.01,1,EQ,NSE,NSE
5628417,21986,BANKBETF,0.01,1,EQ,NSE,NSE
5629185,21989,BANKBINAV,0.01,1,EQ,NSE,NSE
4459265,17419,BANKETF,0.01,1,EQ,NSE,NSE
2825473,11037,BANKIETF,0.01,1,EQ,NSE,NSE
1214721,4745,BANKINDIA,0.01,1,EQ,NSE,NSE
1497857,5851,BANKNIFTY1,0.01,1,EQ,NSE,NSE
6585601,25725,BANKPSU,0.01,1,EQ,NSE,NSE
6242817,24386,BANSALWIRE,0.05,1,EQ,NSE,NSE
3714817,14511,BANSWRAS,0.01,1,EQ,NSE,NSE
7469057,29176,BARFLEX-SM,0.05,2000,EQ,NSE,NSE
94209,368,BASF,0.1,1,EQ,NSE,NSE
4721153,18442,BASILIC-SM,0.05,300,EQ,NSE,NSE
3081473,12037,BASML-BE,0.01,1,EQ,NSE,NSE
94977,371,BATAINDIA,0.05,1,EQ,NSE,NSE
195217409,762568,BATLIBOI,0.01,1,EQ,NSE,NSE
5778945,22574,BAWEJA-ST,0.05,800,EQ,NSE,NSE
4589313,17927,BAYERCROP,0.1,1,EQ,NSE,NSE
1842177,7196,BBETF0432,0.01,1,EQ,NSE,NSE
2565377,10021,BBETF0INAV,0.01,1,EQ,NSE,NSE
3522817,13761,BBL,0.1,1,EQ,NSE,NSE
6173953,24117,BBNPNBETF,0.01,1,EQ,NSE,NSE
6175233,24122,BBNPNBINAV,0.01,1,EQ,NSE,NSE
5260033,20547,BBNPPGOLD,0.05,1,EQ,NSE,NSE
879361,3435,BBOX,0.05,1,EQ,NSE,NSE
97281,380,BBTC,0.1,1,EQ,NSE,NSE
3111169,12153,BBTCL,0.01,1,EQ,NSE,NSE
2261249,8833,BCG,0.01,1,EQ,NSE,NSE
643329,2513,BCLIND,0.01,1,EQ,NSE,NSE
1991681,7780,BCONCEPTS,0.01,1,EQ,NSE,NSE
194942465,761494,BCPL,0.01,1,EQ,NSE,NSE
548865,2144,BDL,0.1,1,EQ,NSE,NSE
1099265,4294,BDR-IT,0.05,16667,EQ,NSE,NSE
6124033,23922,BEACON-SM,0.05,1000,EQ,NSE,NSE
4590849,17933,BEARDSELL,0.01,1,EQ,NSE,NSE
416769,1628,BECTORFOOD,0.01,1,EQ,NSE,NSE
5170177,20196,BEDMUTHA,0.01,1,EQ,NSE,NSE
195218689,762573,BEEKAY,0.05,1,EQ,NSE,NSE
98049,383,BEL,0.05,1,EQ,NSE,NSE
194032129,757938,BELLACASA,0.01,1,EQ,NSE,NSE
193818113,757102,BELRISE,0.01,1,EQ,NSE,NSE
101121,395,BEML,0.1,1,EQ,NSE,NSE
195742209,764618,BENARAS,1,1,EQ,NSE,NSE
195219969,762578,BENGALASM,0.5,1,EQ,NSE,NSE
107265,419,BEPL,0.01,1,EQ,NSE,NSE
103425,404,BERGEPAINT,0.05,1,EQ,NSE,NSE
590337,2306,BESTAGRO,0.01,1,EQ,NSE,NSE
194519553,759842,BETA,0.1,1,EQ,NSE,NSE
1449473,5662,BEWLTD-SM,0.05,500,EQ,NSE,NSE
5404929,21113,BFINVEST,0.05,1,EQ,NSE,NSE
1336321,5220,BFSI,0.01,1,EQ,NSE,NSE
3729153,14567,BFUTILITIE,0.05,1,EQ,NSE,NSE
2910977,11371,BGLOBAL-BZ,0.01,1,EQ,NSE,NSE
3889409,15193,BGRENERGY-BE,0.05,1,EQ,NSE,NSE
194106369,758228,BHADORA-ST,0.05,1200,EQ,NSE,NSE
1577985,6164,BHAGCHEM,0.05,1,EQ,NSE,NSE
3437313,13427,BHAGERIA-BE,0.01,1,EQ,NSE,NSE
5318657,20776,BHAGYANGR,0.05,1,EQ,NSE,NSE
5006337,19556,BHANDARI,0.01,1,EQ,NSE,NSE
194745857,760726,BHARATCOAL,0.01,1,EQ,NSE,NSE
108033,422,BHARATFORG,0.1,1,EQ,NSE,NSE
2405633,9397,BHARATGEAR-BE,0.01,1,EQ,NSE,NSE
981505,3834,BHARATRAS,0.1,1,EQ,NSE,NSE
7742465,30244,BHARATSE,0.01,1,EQ,NSE,NSE
4127489,16123,BHARATWIRE,0.01,1,EQ,NSE,NSE
2714625,10604,BHARTIARTL,0.1,1,EQ,NSE,NSE
6013185,23489,BHARTIHEXA,0.1,1,EQ,NSE,NSE
112129,438,BHEL,0.05,1,EQ,NSE,NSE
195222017,762586,BI-BE,0.01,1,EQ,NSE,NSE
4718337,18431,BIGBLOC,0.01,1,EQ,NSE,NSE
3063297,11966,BIKAJI,0.05,1,EQ,NSE,NSE
6534913,25527,BIKEWO-ST,0.05,2000,EQ,NSE,NSE
2009089,7848,BIL,0.05,1,EQ,NSE,NSE
3487233,13622,BILVYAPAR-BE,0.01,1,EQ,NSE,NSE
195222529,762588,BIMETAL,0.05,1,EQ,NSE,NSE
2911489,11373,BIOCON,0.05,1,EQ,NSE,NSE
1058817,4136,BIOFILCHEM,0.01,1,EQ,NSE,NSE
194801153,760942,BIOPOL-SM,0.05,1200,EQ,NSE,NSE
6031105,23559,BIRDYS-SM,0.05,1200,EQ,NSE,NSE
563969,2203,BIRET-RR,0.01,1,EQ,NSE,NSE
1744641,6815,BIRLACABLE-BE,0.01,1,EQ,NSE,NSE
122881,480,BIRLACORPN,0.05,1,EQ,NSE,NSE
3901185,15239,BIRLAMONEY,0.01,1,EQ,NSE,NSE
372481,1455,BIRLANU,0.1,1,EQ,NSE,NSE
195223809,762593,BIRLAPREC,0.01,1,EQ,NSE,NSE
6948865,27144,BLACKBUCK,0.05,1,EQ,NSE,NSE
195225857,762601,BLACKROSE-BE,0.01,1,EQ,NSE,NSE
3857153,15067,BLAL,0.01,1,EQ,NSE,NSE
2081793,8132,BLBLIMITED,0.01,1,EQ,NSE,NSE
195914497,765291,BLEL,0.05,1,EQ,NSE,NSE
195226369,762603,BLIL,0.01,1,EQ,NSE,NSE
4932865,19269,BLISSGVS-BE,0.05,1,EQ,NSE,NSE
3402241,13290,BLKASHYAP,0.01,1,EQ,NSE,NSE
4423425,17279,BLS,0.01,1,EQ,NSE,NSE
5776897,22566,BLSE,0.05,1,EQ,NSE,NSE
1198337,4681,BLUECHIP,0.01,1,EQ,NSE,NSE
195850241,765040,BLUECLOUDS,0.01,1,EQ,NSE,NSE
2189313,8552,BLUECOAST-BE,0.01,1,EQ,NSE,NSE
126721,495,BLUEDART,0.5,1,EQ,NSE,NSE
5039617,19686,BLUEJET,0.05,1,EQ,NSE,NSE
5992961,23410,BLUEPEBBLE-SM,0.05,400,EQ,NSE,NSE
2127617,8311,BLUESTARCO,0.1,1,EQ,NSE,NSE
194378497,759291,BLUESTONE,0.05,1,EQ,NSE,NSE
194095361,758185,BLUEWATER-ST,0.05,1000,EQ,NSE,NSE
193925121,757520,BLUSPRING,0.01,1,EQ,NSE,NSE
1549313,6052,BMETRICS-SM,0.05,800,EQ,NSE,NSE
195481089,763598,BMLL-SM,0.05,1000,EQ,NSE,NSE
194369537,759256,BMWVENTLTD,0.01,1,EQ,NSE,NSE
195227649,762608,BNAGROCHEM,0.05,1,EQ,NSE,NSE
195229697,762616,BNALTD-BE,0.05,1,EQ,NSE,NSE
5260801,20550,BNGOLDINAV,0.05,1,EQ,NSE,NSE
195632897,764191,BNK10BINAV,0.01,1,EQ,NSE,NSE
7836161,30610,BNK10DINAV,0.01,1,EQ,NSE,NSE
267265,1044,BNKETFAXIS,0.01,1,EQ,NSE,NSE
4461057,17426,BNKETFINAV,0.01,1,EQ,NSE,NSE
6587393,25732,BNKPSUINAV,0.01,1,EQ,NSE,NSE
6404353,25017,BODALCHEM,0.01,1,EQ,NSE,NSE
2979841,11640,BOHRAIND,0.01,1,EQ,NSE,NSE
131329,513,BOMDYEING,0.01,1,EQ,NSE,NSE
194830337,761056,BONLON,0.01,1,EQ,NSE,NSE
194027265,757919,BORANA,0.05,1,EQ,NSE,NSE
4966657,19401,BOROLTD,0.01,1,EQ,NSE,NSE
806145,3149,BORORENEW,0.05,1,EQ,NSE,NSE
6147585,24014,BOROSCI,0.01,1,EQ,NSE,NSE
1149697,4491,BOSCH-HCIL,0.1,1,EQ,NSE,NSE
558337,2181,BOSCHLTD,5,1,EQ,NSE,NSE
6430465,25119,BOSS-SM,0.05,2000,EQ,NSE,NSE
134657,526,BPCL,0.05,1,EQ,NSE,NSE
135681,530,BPL,0.01,1,EQ,NSE,NSE
195743489,764623,BPLPHARMA,0.1,1,EQ,NSE,NSE
6375681,24905,BRACEPORT-SM,0.05,1600,EQ,NSE,NSE
195744769,764628,BRAHMINFRA,0.01,1,EQ,NSE,NSE
194808833,760972,BRANDMAN-SM,0.05,800,EQ,NSE,NSE
3887105,15184,BRIGADE,0.05,1,EQ,NSE,NSE
193995265,757794,BRIGHOTEL,0.01,1,EQ,NSE,NSE
195746049,764633,BRIGHTBR,0.01,1,EQ,NSE,NSE
140033,547,BRITANNIA,0.5,1,EQ,NSE,NSE
5550849,21683,BRNL,0.01,1,EQ,NSE,NSE
6435841,25140,BROOKS-BE,0.01,1,EQ,NSE,NSE
5013761,19585,BSE,0.1,1,EQ,NSE,NSE
768257,3001,BSE500IETF,0.01,1,EQ,NSE,NSE
207105,809,BSHSL,0.01,1,EQ,NSE,NSE
143105,559,BSL,0.01,1,EQ,NSE,NSE
6093825,23804,BSLGOLDETF,0.01,1,EQ,NSE,NSE
2109441,8240,BSLGOLINAV,0.01,1,EQ,NSE,NSE
2552833,9972,BSLNIFINAV,0.01,1,EQ,NSE,NSE
6343937,24781,BSLNIFTY,0.01,1,EQ,NSE,NSE
1524993,5957,BSLSENETFG,0.01,1,EQ,NSE,NSE
2552577,9971,BSLSENINAV,0.01,1,EQ,NSE,NSE
1790465,6994,BSOFT,0.05,1,EQ,NSE,NSE
3622401,14150,BTML,0.01,1,EQ,NSE,NSE
195230977,762621,BTTL-BE,0.01,1,EQ,NSE,NSE
194712065,760594,BUILDPRO,0.1,1,EQ,NSE,NSE
6324225,24704,BULKCORP-ST,0.05,1200,EQ,NSE,NSE
3889665,15194,BURNPUR,0.01,1,EQ,NSE,NSE
695297,2716,BUTTERFLY,0.05,1,EQ,NSE,NSE
3858689,15073,BVCL,0.01,1,EQ,NSE,NSE
2030081,7930,BYKE-BE,0.01,1,EQ,NSE,NSE
6982145,27274,C2C-SM,0.05,150,EQ,NSE,NSE
5586945,21824,CADSYS-ST,0.05,500,EQ,NSE,NSE
4732161,18485,CAGL27-NC,0.01,1,EQ,NSE,NSE
3192577,12471,CAGL27A-N6,0.01,1,EQ,NSE,NSE
4735489,18498,CAGL28-NE,0.01,1,EQ,NSE,NSE
2135297,8341,CALSOFT,0.01,1,EQ,NSE,NSE
1591297,6216,CAMLINFINE,0.01,1,EQ,NSE,NSE
2396673,9362,CAMPUS,0.01,1,EQ,NSE,NSE
87553,342,CAMS,0.05,1,EQ,NSE,NSE
4958209,19368,CANARYS-SM,0.05,4000,EQ,NSE,NSE
2763265,10794,CANBK,0.01,1,EQ,NSE,NSE
149249,583,CANFINHOME,0.05,1,EQ,NSE,NSE
194426113,759477,CANHLIFE,0.01,1,EQ,NSE,NSE
5160961,20160,CANTABIL,0.01,1,EQ,NSE,NSE
5567745,21749,CAPACITE,0.01,1,EQ,NSE,NSE
194525953,759867,CAPILLARY,0.05,1,EQ,NSE,NSE
7464193,29157,CAPINVIT-IV,0.01,1,EQ,NSE,NSE
5804801,22675,CAPITALSFB,0.05,1,EQ,NSE,NSE
999937,3906,CAPLIPOINT,0.1,1,EQ,NSE,NSE
4979457,19451,CAPTRUST-BE,0.01,1,EQ,NSE,NSE
152321,595,CARBORUNIV,0.1,1,EQ,NSE,NSE
7452929,29113,CARERATING,0.1,1,EQ,NSE,NSE
7393025,28879,CARRARO,0.05,1,EQ,NSE,NSE
1384193,5407,CARTRADE,0.1,1,EQ,NSE,NSE
481025,1879,CARYSIL,0.1,1,EQ,NSE,NSE
7717377,30146,CASHIEINAV,0.01,1,EQ,NSE,NSE
7715585,30139,CASHIETF,0.01,1,EQ,NSE,NSE
320001,1250,CASTROLIND,0.01,1,EQ,NSE,NSE
5224705,20409,CBAZAAR-ST,0.05,8000,EQ,NSE,NSE
4159745,16249,CCAVENUE,0.01,1,EQ,NSE,NSE
3837953,14992,CCCL,0.01,1,EQ,NSE,NSE
1634561,6385,CCHHL,0.01,1,EQ,NSE,NSE
2931713,11452,CCL,0.1,1,EQ,NSE,NSE
5420545,21174,CDSL,0.1,1,EQ,NSE,NSE
3905025,15254,CEATLTD,0.1,1,EQ,NSE,NSE
193968641,757690,CEDAAR-ST,0.05,1000,EQ,NSE,NSE
6333953,24742,CEIGALL,0.05,1,EQ,NSE,NSE
194825473,761037,CEINSYS,0.05,1,EQ,NSE,NSE
3369473,13162,CELEBRITY,0.01,1,EQ,NSE,NSE
4814337,18806,CELLECOR-SM,0.05,3000,EQ,NSE,NSE
5067521,19795,CELLO,0.05,1,EQ,NSE,NSE
4339201,16950,CELLPOINT-SM,0.05,1200,EQ,NSE,NSE
195656961,764285,CEMNTGROWW,0.01,1,EQ,NSE,NSE
195658753,764292,CEMNTINAV,0.01,1,EQ,NSE,NSE
1439233,5622,CEMPRO,0.1,1,EQ,NSE,NSE
158465,619,CENTENKA,0.05,1,EQ,NSE,NSE
2946817,11511,CENTEXT,0.01,1,EQ,NSE,NSE
3812865,14894,CENTRALBK,0.01,1,EQ,NSE,NSE
628225,2454,CENTRUM,0.01,1,EQ,NSE,NSE
3835393,14982,CENTUM,0.1,1,EQ,NSE,NSE
3406081,13305,CENTURYPLY,0.05,1,EQ,NSE,NSE
3849985,15039,CERA,0.5,1,EQ,NSE,NSE
7428097,29016,CEREBRAINT-BZ,0.01,1,EQ,NSE,NSE
160769,628,CESC,0.01,1,EQ,NSE,NSE
7363585,28764,CEWATER,0.05,1,EQ,NSE,NSE
195747329,764638,CFEL,0.01,1,EQ,NSE,NSE
5204225,20329,CGCL,0.01,1,EQ,NSE,NSE
194561,760,CGPOWER,0.05,1,EQ,NSE,NSE
6007809,23468,CGRAPHICS-SM,0.05,800,EQ,NSE,NSE
195748609,764643,CGVAK,0.01,1,EQ,NSE,NSE
2187777,8546,CHALET,0.05,1,EQ,NSE,NSE
163073,637,CHAMBLFERT,0.05,1,EQ,NSE,NSE
7562497,29541,CHAMUNDA-SM,0.05,3000,EQ,NSE,NSE
7586049,29633,CHANDAN-SM,0.05,800,EQ,NSE,NSE
4775425,18654,CHAVDA-SM,0.05,1000,EQ,NSE,NSE
3742209,14618,CHEMBOND,0.01,1,EQ,NSE,NSE
194045697,757991,CHEMBONDCH-BE,0.01,1,EQ,NSE,NSE
70657,276,CHEMCON-BE,0.01,1,EQ,NSE,NSE
195851521,765045,CHEMCRUX,0.01,1,EQ,NSE,NSE
716545,2799,CHEMFAB,0.05,1,EQ,NSE,NSE
194530561,759885,CHEMICAL,0.01,1,EQ,NSE,NSE
7827201,30575,CHEMINAV,0.01,1,EQ,NSE,NSE
1394945,5449,CHEMPLASTS,0.01,1,EQ,NSE,NSE
524545,2049,CHENNPETRO,0.1,1,EQ,NSE,NSE
6304001,24625,CHETANA-SM,0.05,1600,EQ,NSE,NSE
2529025,9879,CHEVIOT,0.1,1,EQ,NSE,NSE
7826177,30571,CHGOLDINAV,0.01,1,EQ,NSE,NSE
194460161,759610,CHOICEGOLD,0.01,1,EQ,NSE,NSE
2269697,8866,CHOICEIN,0.05,1,EQ,NSE,NSE
175361,685,CHOLAFIN,0.1,1,EQ,NSE,NSE
4929793,19257,CHOLAFIN-D1,0.05,1,EQ,NSE,NSE
5565441,21740,CHOLAHLDNG,0.1,1,EQ,NSE,NSE
3823873,14937,CIEINDIA,0.05,1,EQ,NSE,NSE
5773569,22553,CIF27-NM,0.01,1,EQ,NSE,NSE
5774849,22558,CIF29-NO,0.01,1,EQ,NSE,NSE
4598785,17964,CIFC28-NB,0.01,1,EQ,NSE,NSE
195489793,763632,CIFCL29-N0,0.01,1,EQ,NSE,NSE
5231873,20437,CIFCZC26-NF,0.01,1,EQ,NSE,NSE
5233921,20445,CIFCZC28-NH,0.01,1,EQ,NSE,NSE
3936257,15376,CIFCZC28A-N5,0.01,1,EQ,NSE,NSE
193539841,756015,CIFL,0.01,1,EQ,NSE,NSE
6953217,27161,CINELINE,0.01,1,EQ,NSE,NSE
2054145,8024,CINEVISTA,0.01,1,EQ,NSE,NSE
177665,694,CIPLA,0.1,1,EQ,NSE,NSE
194893569,761303,CITI28-N0,0.01,1,EQ,NSE,NSE
195366145,763149,CITIUSINVT-IV,0.01,1,EQ,NSE,NSE
194778625,760854,CKKRETAIL-SM,0.05,800,EQ,NSE,NSE
194236417,758736,CLASSICEIL-SM,0.05,1600,EQ,NSE,NSE
193201921,754695,CLAYCRAFT-SM,0.05,600,EQ,NSE,NSE
3544577,13846,CLCIND-BE,0.01,1,EQ,NSE,NSE
1292545,5049,CLEAN,0.05,1,EQ,NSE,NSE
194606849,760183,CLEANMAX,0.1,1,EQ,NSE,NSE
5179649,20233,CLEDUCATE-BE,0.01,1,EQ,NSE,NSE
891393,3482,CLSEL,0.05,1,EQ,NSE,NSE
4675329,18263,CLSL-ST,0.05,2000,EQ,NSE,NSE
5037057,19676,CMICABLES-BZ,0.01,1,EQ,NSE,NSE
195649281,764255,CMLL,0.05,1,EQ,NSE,NSE
3515137,13731,CMNL-SM,0.05,750,EQ,NSE,NSE
194964737,761581,CMPDI,0.01,1,EQ,NSE,NSE
7908609,30893,CMRGREEN,0.01,1,EQ,NSE,NSE
2930433,11447,CMRSL-SM,0.05,800,EQ,NSE,NSE
1946369,7603,CMSINFO,0.05,1,EQ,NSE,NSE
2855681,11155,CNL,0.05,1,EQ,NSE,NSE
5215745,20374,COALINDIA,0.05,1,EQ,NSE,NSE
1537537,6006,COASTCORP,0.01,1,EQ,NSE,NSE
5506049,21508,COCHINSHIP,0.1,1,EQ,NSE,NSE
195231489,762623,COCKERILL,0.5,1,EQ,NSE,NSE
2859265,11169,COFFEEDAY-BE,0.01,1,EQ,NSE,NSE
2955009,11543,COFORGE,0.1,1,EQ,NSE,NSE
4593921,17945,COHANCE,0.05,1,EQ,NSE,NSE
3876097,15141,COLPAL,0.1,1,EQ,NSE,NSE
195232769,762628,COMFINTE,0.01,1,EQ,NSE,NSE
4995329,19513,COMMITTED-SM,0.05,800,EQ,NSE,NSE
3378689,13198,COMMOIETF,0.01,1,EQ,NSE,NSE
195749889,764648,COMPEAU,0.05,1,EQ,NSE,NSE
5035521,19670,COMPINFO-BZ,0.01,1,EQ,NSE,NSE
7971329,31138,COMPUSOFT,0.01,1,EQ,NSE,NSE
5523969,21578,COMSYN,0.01,1,EQ,NSE,NSE
1215745,4749,CONCOR,0.05,1,EQ,NSE,NSE
4623361,18060,CONCORDBIO,0.1,1,EQ,NSE,NSE
2620929,10238,CONFIPET,0.01,1,EQ,NSE,NSE
194163969,758453,CONNPLEX-SM,0.05,800,EQ,NSE,NSE
2691073,10512,CONS,0.01,1,EQ,NSE,NSE
3003393,11732,CONSOFINVT-BE,0.05,1,EQ,NSE,NSE
1467393,5732,CONSUMAXIS,0.01,1,EQ,NSE,NSE
623361,2435,CONSUMBEES,0.01,1,EQ,NSE,NSE
7416065,28969,CONSUMER,0.01,1,EQ,NSE,NSE
1650177,6446,CONSUMIETF,0.01,1,EQ,NSE,NSE
7416833,28972,CONSUMINAV,0.01,1,EQ,NSE,NSE
647937,2531,CONTI-SM,0.05,3333,EQ,NSE,NSE
4474113,17477,CONTROLPR,0.05,1,EQ,NSE,NSE
2193153,8567,COOLCAPS-ST,0.05,1250,EQ,NSE,NSE
1025793,4007,CORALFINAC,0.01,1,EQ,NSE,NSE
195113729,762163,CORDELIA,0.05,1,EQ,NSE,NSE
3909377,15271,CORDSCABLE,0.01,1,EQ,NSE,NSE
189185,739,COROMANDEL,0.1,1,EQ,NSE,NSE
194625025,760254,CORONA,0.1,1,EQ,NSE,NSE
189953,742,COSMOFIRST,0.05,1,EQ,NSE,NSE
4349185,16989,COUNCODOS-BE,0.01,1,EQ,NSE,NSE
5142017,20086,CPCAP,0.01,1,EQ,NSE,NSE
194288897,758941,CPEDU,0.01,1,EQ,NSE,NSE
195635969,764203,CPL,0.01,1,EQ,NSE,NSE
194267649,758858,CPPLUS,0.1,1,EQ,NSE,NSE
4703233,18372,CPS-SM,0.05,150,EQ,NSE,NSE
595969,2328,CPSEETF,0.01,1,EQ,NSE,NSE
730625,2854,CRAFTSMAN,0.5,1,EQ,NSE,NSE
194383617,759311,CRAMC,0.05,1,EQ,NSE,NSE
195751169,764653,CRAVATEX,0.05,1,EQ,NSE,NSE
4203265,16419,CRAYONS-SM,0.05,1000,EQ,NSE,NSE
2402305,9384,CREATIVEYE,0.01,1,EQ,NSE,NSE
195918337,765306,CREDENT-ST,0.05,600,EQ,NSE,NSE
1131777,4421,CREDITACC,0.1,1,EQ,NSE,NSE
3558401,13900,CREST,0.05,1,EQ,NSE,NSE
193793,757,CRISIL,0.1,1,EQ,NSE,NSE
194009601,757850,CRIZAC,0.01,1,EQ,NSE,NSE
4376065,17094,CROMPTON,0.05,1,EQ,NSE,NSE
2069249,8083,CROWN,0.01,1,EQ,NSE,NSE
195853569,765053,CRSL-BE,0.01,1,EQ,NSE,NSE
3831297,14966,CSBBANK,0.05,1,EQ,NSE,NSE
2649601,10350,CSLFINANCE,0.01,1,EQ,NSE,NSE
195520769,763753,CSM,0.01,1,EQ,NSE,NSE
194596609,760143,CSSL-SM,0.05,1000,EQ,NSE,NSE
3640833,14222,CTE-BE,0.01,1,EQ,NSE,NSE
1459457,5701,CUB,0.01,1,EQ,NSE,NSE
3859969,15078,CUBEINVIT-IV,0.01,1,EQ,NSE,NSE
1040385,4064,CUBEXTUB,0.01,1,EQ,NSE,NSE
194081025,758129,CUDML-SM,0.05,1000,EQ,NSE,NSE
486657,1901,CUMMINSIND,0.5,1,EQ,NSE,NSE
4741121,18520,CUPID,0.01,1,EQ,NSE,NSE
7728385,30189,CURAA,0.01,1,EQ,NSE,NSE
194515201,759825,CURIS-SM,0.05,1000,EQ,NSE,NSE
194294785,758964,CURRENT-SM,0.05,1600,EQ,NSE,NSE
3031553,11842,CYBERMEDIA,0.01,1,EQ,NSE,NSE
1549825,6054,CYBERTECH-BE,0.01,1,EQ,NSE,NSE
1471489,5748,CYIENT,0.05,1,EQ,NSE,NSE
4399873,17187,CYIENTDLM,0.05,1,EQ,NSE,NSE
197633,772,DABUR,0.05,1,EQ,NSE,NSE
195234049,762633,DAICHI,0.05,1,EQ,NSE,NSE
2067201,8075,DALBHARAT,0.1,1,EQ,NSE,NSE
199937,781,DALMIASUG,0.05,1,EQ,NSE,NSE
7337473,28662,DAMCAPITAL,0.01,1,EQ,NSE,NSE
4497665,17569,DAMODARIND-BE,0.01,1,EQ,NSE,NSE
284161,1110,DANGEE,0.01,1,EQ,NSE,NSE
6637313,25927,DANISH-SM,0.05,150,EQ,NSE,NSE
2924289,11423,DATAMATICS,0.05,1,EQ,NSE,NSE
1883649,7358,DATAPATTNS,0.1,1,EQ,NSE,NSE
5579265,21794,DAVANGERE,0.01,1,EQ,NSE,NSE
4577537,17881,DBCORP,0.01,1,EQ,NSE,NSE
6628865,25894,DBEIL-BE,0.01,1,EQ,NSE,NSE
4630017,18086,DBL,0.05,1,EQ,NSE,NSE
2788609,10893,DBOL,0.01,1,EQ,NSE,NSE
4639745,18124,DBREALTY,0.01,1,EQ,NSE,NSE
7964417,31111,DBSTOCKBRO-BE,0.01,1,EQ,NSE,NSE
5556225,21704,DCAL,0.01,1,EQ,NSE,NSE
3513601,13725,DCBBANK,0.01,1,EQ,NSE,NSE
193819393,757107,DCCL-SM,0.05,2000,EQ,NSE,NSE
6021121,23520,DCG-SM,0.05,1200,EQ,NSE,NSE
2960897,11566,DCI,0.05,1,EQ,NSE,NSE
1874689,7323,DCM-BE,0.01,1,EQ,NSE,NSE
1222401,4775,DCMFINSERV,0.01,1,EQ,NSE,NSE
2825985,11039,DCMNVL,0.01,1,EQ,NSE,NSE
207617,811,DCMSHRIRAM,0.1,1,EQ,NSE,NSE
194789377,760896,DCMSIL,0.01,1,EQ,NSE,NSE
1875201,7325,DCMSRIND,0.01,1,EQ,NSE,NSE
209153,817,DCW,0.01,1,EQ,NSE,NSE
3045121,11895,DCXINDIA,0.01,1,EQ,NSE,NSE
7449089,29098,DDEVPLSTIK,0.05,1,EQ,NSE,NSE
3798529,14838,DECCANCE,0.05,1,EQ,NSE,NSE
6507777,25421,DECCANTRAN-SM,0.05,1200,EQ,NSE,NSE
195235329,762638,DECNGOLD,0.01,1,EQ,NSE,NSE
6183425,24154,DEEDEV,0.05,1,EQ,NSE,NSE
5837313,22802,DEEM-ST,0.05,1000,EQ,NSE,NSE
195854081,765055,DEEP,0.01,1,EQ,NSE,NSE
211713,827,DEEPAKFERT,0.1,1,EQ,NSE,NSE
5105409,19943,DEEPAKNTR,0.1,1,EQ,NSE,NSE
842753,3292,DEEPINDS,0.05,1,EQ,NSE,NSE
194827777,761046,DEFENCE,0.01,1,EQ,NSE,NSE
7834625,30604,DEFENCINAV,0.01,1,EQ,NSE,NSE
5766913,22527,DELAPLEX-SM,0.05,600,EQ,NSE,NSE
2457345,9599,DELHIVERY,0.05,1,EQ,NSE,NSE
6245121,24395,DELPHIFX-BE,0.01,1,EQ,NSE,NSE
3851265,15044,DELTACORP,0.01,1,EQ,NSE,NSE
310785,1214,DELTAMAGNT,0.01,1,EQ,NSE,NSE
7447553,29092,DELTIC-SM,0.05,1000,EQ,NSE,NSE
4536833,17722,DEN,0.01,1,EQ,NSE,NSE
3954945,15449,DENEERS-SM,0.05,600,EQ,NSE,NSE
1095425,4279,DENORA,0.05,1,EQ,NSE,NSE
7489537,29256,DENTA,0.05,1,EQ,NSE,NSE
4212225,16454,DENTALKART-SM,0.05,250,EQ,NSE,NSE
1558273,6087,DESTINY-SM,0.05,1500,EQ,NSE,NSE
2085377,8146,DEVIT,0.01,1,EQ,NSE,NSE
194324225,759079,DEVX,0.01,1,EQ,NSE,NSE
1375489,5373,DEVYANI,0.01,1,EQ,NSE,NSE
2648577,10346,DGCONTENT,0.01,1,EQ,NSE,NSE
195753217,764661,DHABRIYA-BE,0.05,1,EQ,NSE,NSE
219393,857,DHAMPURSUG,0.01,1,EQ,NSE,NSE
2907905,11359,DHANBANK,0.01,1,EQ,NSE,NSE
7097089,27723,DHANLAXMI-SM,0.05,2000,EQ,NSE,NSE
6250241,24415,DHANSA-SM,0.05,2000,EQ,NSE,NSE
6248705,24409,DHANUKA,0.1,1,EQ,NSE,NSE
194355969,759203,DHARAN-BZ,0.01,1,EQ,NSE,NSE
194685953,760492,DHARARAIL-ST,0.05,1000,EQ,NSE,NSE
6335233,24747,DHARIWAL-SM,0.05,3000,EQ,NSE,NSE
3328257,13001,DHARMAJ,0.05,1,EQ,NSE,NSE
195855361,765060,DHATRE,0.01,1,EQ,NSE,NSE
195725569,764553,DHOOTTRANS,0.05,1,EQ,NSE,NSE
1755649,6858,DHRUV,0.01,1,EQ,NSE,NSE
5768449,22533,DHTL-SM,0.05,800,EQ,NSE,NSE
5691649,22233,DHUNINV,0.05,1,EQ,NSE,NSE
4747521,18545,DIACABS-BE,0.05,1,EQ,NSE,NSE
4772865,18644,DIAMINESQ,0.01,1,EQ,NSE,NSE
5591041,21840,DIAMONDYD,0.1,1,EQ,NSE,NSE
179969,703,DICIND,0.05,1,EQ,NSE,NSE
6572033,25672,DIFFNKG,0.05,1,EQ,NSE,NSE
5439233,21247,DIGIDRIVE,0.01,1,EQ,NSE,NSE
4899329,19138,DIGIKORE-SM,0.05,400,EQ,NSE,NSE
4270849,16683,DIGISPICE,0.01,1,EQ,NSE,NSE
193923841,757515,DIGITIDE,0.01,1,EQ,NSE,NSE
1568513,6127,DIGJAMLMTD,0.01,1,EQ,NSE,NSE
194678273,760462,DIL-BZ,0.01,1,EQ,NSE,NSE
4804865,18769,DIRL-SM,0.05,6000,EQ,NSE,NSE
195236609,762643,DISAQ,1,1,EQ,NSE,NSE
3721473,14537,DISHTV,0.01,1,EQ,NSE,NSE
3706625,14479,DIVGIITTS,0.05,1,EQ,NSE,NSE
7830785,30589,DIVIDEINAV,0.01,1,EQ,NSE,NSE
194665473,760412,DIVIDEND,0.01,1,EQ,NSE,NSE
7747073,30262,DIVINEHIRA-ST,0.05,1200,EQ,NSE,NSE
2800641,10940,DIVISLAB,0.5,1,EQ,NSE,NSE
674817,2636,DIVOPPBEES,0.01,1,EQ,NSE,NSE
6574081,25680,DIVYADHAN-ST,0.05,2000,EQ,NSE,NSE
5552641,21690,DIXON,1,1,EQ,NSE,NSE
3263745,12749,DJML,0.01,1,EQ,NSE,NSE
1599745,6249,DKEGL-SM,0.05,1500,EQ,NSE,NSE
3771393,14732,DLF,0.05,1,EQ,NSE,NSE
4569857,17851,DLINKINDIA,0.05,1,EQ,NSE,NSE
5097729,19913,DMART,0.1,1,EQ,NSE,NSE
1785089,6973,DMCC,0.05,1,EQ,NSE,NSE
164097,641,DNAMEDIA,0.01,1,EQ,NSE,NSE
1234433,4822,DODLA,0.1,1,EQ,NSE,NSE
3103745,12124,DOLATALGO,0.01,1,EQ,NSE,NSE
5263361,20560,DOLLAR,0.05,1,EQ,NSE,NSE
3410689,13323,DOLLEX-SM,0.05,4000,EQ,NSE,NSE
4643585,18139,DOLPHIN,0.05,1,EQ,NSE,NSE
5261057,20551,DOMS,0.1,1,EQ,NSE,NSE
3542785,13839,DONEAR,0.01,1,EQ,NSE,NSE
239617,936,DPABHUSHAN,0.1,1,EQ,NSE,NSE
6217217,24286,DPEL-SM,0.05,500,EQ,NSE,NSE
3948289,15423,DPSCLTD-BE,0.01,1,EQ,NSE,NSE
4326913,16902,DPWIRES-BE,0.01,1,EQ,NSE,NSE
195237889,762648,DRAGARWQ,0.5,1,EQ,NSE,NSE
677121,2645,DRCSYSTEMS,0.01,1,EQ,NSE,NSE
2779905,10859,DREAMFOLKS,0.01,1,EQ,NSE,NSE
2885377,11271,DREDGECORP,0.1,1,EQ,NSE,NSE
4447233,17372,DRONE-SM,0.05,500,EQ,NSE,NSE
225537,881,DRREDDY,0.1,1,EQ,NSE,NSE
6012161,23485,DRSCARGO-SM,0.05,800,EQ,NSE,NSE
1711617,6686,DRSDILIP-SM,0.05,800,EQ,NSE,NSE
194788609,760893,DSFCL-BE,0.01,1,EQ,NSE,NSE
2245633,8772,DSKULKARNI-BE,0.01,1,EQ,NSE,NSE
3495681,13655,DSPBNKINAV,0.01,1,EQ,NSE,NSE
3932929,15363,DSPGOINAV,0.05,1,EQ,NSE,NSE
2561025,10004,DSPN50INAV,0.01,1,EQ,NSE,NSE
2559233,9997,DSPNEWINAV,0.01,1,EQ,NSE,NSE
4407553,17217,DSPNITINAV,0.01,1,EQ,NSE,NSE
4510721,17620,DSPPSBINAV,0.01,1,EQ,NSE,NSE
4510465,17619,DSPPVBINAV,0.01,1,EQ,NSE,NSE
2561281,10005,DSPQ50INAV,0.01,1,EQ,NSE,NSE
4510977,17621,DSPSENINAV,0.01,1,EQ,NSE,NSE
2755585,10764,DSPSILINAV,0.01,1,EQ,NSE,NSE
6576641,25690,DSSL,0.1,1,EQ,NSE,NSE
1594113,6227,DTIL,0.01,1,EQ,NSE,NSE
6224129,24313,DTL-SM,0.05,1200,EQ,NSE,NSE
3524097,13766,DUCOL-SM,0.05,800,EQ,NSE,NSE
7411713,28952,DUCON,0.01,1,EQ,NSE,NSE
1396993,5457,DUGLOBAL-SM,0.05,2500,EQ,NSE,NSE
6185985,24164,DURLAX-SM,0.05,2000,EQ,NSE,NSE
3894785,15214,DVL,0.01,1,EQ,NSE,NSE
2986753,11667,DWARKESH,0.01,1,EQ,NSE,NSE
2666753,10417,DYCL,0.05,1,EQ,NSE,NSE
1158401,4525,DYNAMATECH,1,1,EQ,NSE,NSE
1556993,6082,DYNAMIC-ST,0.05,500,EQ,NSE,NSE
5456385,21314,DYNPRO,0.05,1,EQ,NSE,NSE
2288641,8940,E2E-BE,0.05,1,EQ,NSE,NSE
194695937,760531,E2ERAIL-SM,0.05,800,EQ,NSE,NSE
714753,2792,EASEMYTRIP,0.01,1,EQ,NSE,NSE
2500865,9769,EASTSILK-BE,0.01,1,EQ,NSE,NSE
195856641,765065,EASTWEST,0.01,1,EQ,NSE,NSE
195680769,764378,EBANK10,0.01,1,EQ,NSE,NSE
2562049,10008,EBANKINAV,0.01,1,EQ,NSE,NSE
6466049,25258,EBANKNIFTY,0.01,1,EQ,NSE,NSE
3371009,13168,EBB433INAV,0.01,1,EQ,NSE,NSE
2563073,10012,EBBE23INAV,0.01,1,EQ,NSE,NSE
2564097,10016,EBBE30INAV,0.01,1,EQ,NSE,NSE
2564353,10017,EBBE31INAV,0.01,1,EQ,NSE,NSE
2564865,10019,EBBE32INAV,0.01,1,EQ,NSE,NSE
4160769,16253,EBBETF0430,0.01,1,EQ,NSE,NSE
5693185,22239,EBBETF0431,0.01,1,EQ,NSE,NSE
3363585,13139,EBBETF0433,0.01,1,EQ,NSE,NSE
194012673,757862,EBGNG,0.05,1,EQ,NSE,NSE
195857921,765070,EBIX,0.01,1,EQ,NSE,NSE
195683073,764387,EBNK10INAV,0.01,1,EQ,NSE,NSE
6477057,25301,EBNKNFINAV,0.01,1,EQ,NSE,NSE
7430145,29024,ECAPININAV,0.01,1,EQ,NSE,NSE
7428865,29019,ECAPINSURE,0.01,1,EQ,NSE,NSE
3885825,15179,ECLERX,0.1,1,EQ,NSE,NSE
194550785,759964,ECOLINE-ST,0.05,1000,EQ,NSE,NSE
195753729,764663,ECORECO,0.05,1,EQ,NSE,NSE
6415361,25060,ECOSMOBLTY,0.01,1,EQ,NSE,NSE
3870465,15119,EDELWEISS,0.01,1,EQ,NSE,NSE
5567233,21747,EDUCOMP-BZ,0.01,1,EQ,NSE,NSE
194137345,758349,EEPL-ST,0.05,1000,EQ,NSE,NSE
4932353,19267,EFACTOR-SM,0.05,400,EQ,NSE,NSE
194220801,758675,EFCIL,0.01,1,EQ,NSE,NSE
6256129,24438,EFFWA-ST,0.05,400,EQ,NSE,NSE
5350145,20899,EFORCE-SM,0.05,1200,EQ,NSE,NSE
5102849,19933,EGOLD,0.05,1,EQ,NSE,NSE
5105665,19944,EGOLDINAV,0.05,1,EQ,NSE,NSE
232961,910,EICHERMOT,0.5,1,EQ,NSE,NSE
234497,916,EIDPARRY,0.05,1,EQ,NSE,NSE
6966529,27213,EIEL,0.01,1,EQ,NSE,NSE
1546753,6042,EIFFL-BE,0.05,1,EQ,NSE,NSE
3942145,15399,EIHAHOTELS,0.05,1,EQ,NSE,NSE
235265,919,EIHOTEL,0.05,1,EQ,NSE,NSE
1034241,4040,EIMCOELECO,0.1,1,EQ,NSE,NSE
3351297,13091,EKC,0.01,1,EQ,NSE,NSE
195755009,764668,EKI,0.01,1,EQ,NSE,NSE
195239169,762653,ELANTAS,0.5,1,EQ,NSE,NSE
195240449,762658,ELCIDIN,5,1,EQ,NSE,NSE
2291969,8953,ELDEHSG,0.05,1,EQ,NSE,NSE
3492609,13643,ELECON,0.05,1,EQ,NSE,NSE
237569,928,ELECTCAST,0.01,1,EQ,NSE,NSE
4637697,18116,ELECTCAST-W1,0.05,33340,EQ,NSE,NSE
1144065,4469,ELECTHERM,0.1,1,EQ,NSE,NSE
239873,937,ELGIEQUIP,0.05,1,EQ,NSE,NSE
6380545,24924,ELGIRUBCO,0.01,1,EQ,NSE,NSE
7576321,29595,ELGNZ-SM,0.05,1000,EQ,NSE,NSE
3436289,13423,ELIN,0.01,1,EQ,NSE,NSE
194423297,759466,ELIQUID,0.01,1,EQ,NSE,NSE
7820033,30547,ELIQUIINAV,0.01,1,EQ,NSE,NSE
195241729,762663,ELITECON,0.01,1,EQ,NSE,NSE
194192129,758563,ELLEN,0.05,1,EQ,NSE,NSE
194291713,758952,ELM250,0.01,1,EQ,NSE,NSE
7818753,30542,ELM250INAV,0.01,1,EQ,NSE,NSE
195677953,764367,ELMDIV,0.01,1,EQ,NSE,NSE
195682817,764386,ELMDIVINAV,0.01,1,EQ,NSE,NSE
1144577,4471,ELPROINTL,0.01,1,EQ,NSE,NSE
3460353,13517,EMAMILTD,0.05,1,EQ,NSE,NSE
2581505,10084,EMAMIPAP-BE,0.01,1,EQ,NSE,NSE
4934913,19277,EMAMIREAL,0.01,1,EQ,NSE,NSE
7482625,29229,EMAPARTNER-SM,0.05,1000,EQ,NSE,NSE
2402049,9383,EMBASSY-RR,0.01,1,EQ,NSE,NSE
3699201,14450,EMBDL,0.01,1,EQ,NSE,NSE
6245889,24398,EMCURE,0.1,1,EQ,NSE,NSE
195657729,764288,EMETAL,0.01,1,EQ,NSE,NSE
195658497,764291,EMETALINAV,0.01,1,EQ,NSE,NSE
2951681,11530,EMIL,0.01,1,EQ,NSE,NSE
3435777,13421,EMKAY,0.01,1,EQ,NSE,NSE
2624769,10253,EMKAYTOOLS-SM,0.05,150,EQ,NSE,NSE
6655745,25999,EMLTMQINAV,0.01,1,EQ,NSE,NSE
4645377,18146,EMMBI-BE,0.01,1,EQ,NSE,NSE
6078721,23745,EMMIL-SM,0.05,250,EQ,NSE,NSE
194490369,759728,EMMVEE,0.05,1,EQ,NSE,NSE
195756289,764673,EMPIND,0.1,1,EQ,NSE,NSE
195243521,762670,EMPOWER,0.01,1,EQ,NSE,NSE
4759809,18593,EMSLIMITED,0.05,1,EQ,NSE,NSE
2497537,9756,EMUDHRA,0.05,1,EQ,NSE,NSE
6654977,25996,EMULTIMQ,0.01,1,EQ,NSE,NSE
194642177,760321,ENCOMPAS-SM,0.05,400,EQ,NSE,NSE
4818433,18822,ENDURANCE,0.1,1,EQ,NSE,NSE
194503681,759780,ENERGY,0.01,1,EQ,NSE,NSE
3852545,15049,ENERGYDEV,0.01,1,EQ,NSE,NSE
7826433,30572,ENERGYINAV,0.01,1,EQ,NSE,NSE
195466241,763540,ENEXT50,0.01,1,EQ,NSE,NSE
195468545,763549,ENEXTINAV,0.01,1,EQ,NSE,NSE
5945345,23224,ENFUSE-SM,0.05,600,EQ,NSE,NSE
1256193,4907,ENGINERSIN,0.01,1,EQ,NSE,NSE
194559489,759998,ENIFTY,0.01,1,EQ,NSE,NSE
7828225,30579,ENIFTYINAV,0.01,1,EQ,NSE,NSE
3377153,13192,ENIL,0.01,1,EQ,NSE,NSE
195757569,764678,ENKEIWHEL,0.05,1,EQ,NSE,NSE
193758977,756871,ENRIN,0.1,1,EQ,NSE,NSE
5946881,23230,ENSER-SM,0.05,5000,EQ,NSE,NSE
5815553,22717,ENTERO,0.1,1,EQ,NSE,NSE
6505473,25412,ENVIRO-SM,0.05,1000,EQ,NSE,NSE
5750529,22463,EPACK,0.01,1,EQ,NSE,NSE
194368257,759251,EPACKPEB,0.05,1,EQ,NSE,NSE
1377793,5382,EPIGRAL,0.1,1,EQ,NSE,NSE
251137,981,EPL,0.01,1,EQ,NSE,NSE
194871553,761217,EPWINDIA-ST,0.05,1200,EQ,NSE,NSE
7711745,30124,EQU200INAV,0.01,1,EQ,NSE,NSE
7808769,30503,EQUA50INAV,0.01,1,EQ,NSE,NSE
7710977,30121,EQUAL200,0.01,1,EQ,NSE,NSE
193828353,757142,EQUAL50,0.01,1,EQ,NSE,NSE
1691137,6606,EQUAL50ADD,0.01,1,EQ,NSE,NSE
909569,3553,EQUIPPP-BE,0.01,1,EQ,NSE,NSE
233729,913,EQUITASBNK,0.01,1,EQ,NSE,NSE
5415425,21154,ERIS,0.1,1,EQ,NSE,NSE
244481,955,ESABINDIA,0.5,1,EQ,NSE,NSE
5090305,19884,ESAFSFB-BE,0.01,1,EQ,NSE,NSE
5827585,22764,ESCONET-SM,0.05,400,EQ,NSE,NSE
245249,958,ESCORTS,0.1,1,EQ,NSE,NSE
7827969,30578,ESENSEINAV,0.01,1,EQ,NSE,NSE
194558721,759995,ESENSEX,0.01,1,EQ,NSE,NSE
4373505,17084,ESFL-SM,0.05,360,EQ,NSE,NSE
307201,1200,ESG,0.01,1,EQ,NSE,NSE
5186561,20260,ESILINAV,0.01,1,EQ,NSE,NSE
5185793,20257,ESILVER,0.01,1,EQ,NSE,NSE
6317569,24678,ESPRIT-SM,0.05,1600,EQ,NSE,NSE
6562305,25634,ESSARSHPNG,0.01,1,EQ,NSE,NSE
7762689,30323,ESSENTIA,0.01,1,EQ,NSE,NSE
6211841,24265,ESTER,0.01,1,EQ,NSE,NSE
1304833,5097,ETERNAL,0.05,1,EQ,NSE,NSE
2496001,9750,ETHOSLTD,0.1,1,EQ,NSE,NSE
194199297,758591,ETL-SM,0.05,150,EQ,NSE,NSE
7073025,27629,ETML-SM,0.05,1200,EQ,NSE,NSE
6441473,25162,EUREKAFORB,0.05,1,EQ,NSE,NSE
194035969,757953,EUROBOND,0.01,1,EQ,NSE,NSE
194508033,759797,EUROPRATIK,0.05,1,EQ,NSE,NSE
2274817,8886,EUROTEXIND-BE,0.01,1,EQ,NSE,NSE
3016193,11782,EVEREADY,0.05,1,EQ,NSE,NSE
1540353,6017,EVERESTIND-BE,0.05,1,EQ,NSE,NSE
193505537,755881,EVIETF,0.01,1,EQ,NSE,NSE
7807745,30499,EVIETFINAV,0.01,1,EQ,NSE,NSE
6262017,24461,EVINDIA,0.01,1,EQ,NSE,NSE
6263809,24468,EVINDINAV,0.01,1,EQ,NSE,NSE
2936577,11471,EXCELINDUS,0.05,1,EQ,NSE,NSE
6483713,25327,EXCELLENT-ST,0.05,1600,EQ,NSE,NSE
194561793,760007,EXCELSOFT,0.01,1,EQ,NSE,NSE
5874433,22947,EXICOM,0.01,1,EQ,NSE,NSE
173057,676,EXIDEIND,0.05,1,EQ,NSE,NSE
194668033,760422,EXIMROUTES-SM,0.05,800,EQ,NSE,NSE
4476417,17486,EXPLEOSOL,0.05,1,EQ,NSE,NSE
1370113,5352,EXXARO,0.01,1,EQ,NSE,NSE
194592001,760125,FABTECH,0.01,1,EQ,NSE,NSE
258049,1008,FACT,0.05,1,EQ,NSE,NSE
414465,1619,FAIRCHEMOR-BE,0.05,1,EQ,NSE,NSE
6182401,24150,FALCONTECH-SM,0.05,1200,EQ,NSE,NSE
195934977,765371,FASCINATE-ST,0.05,800,EQ,NSE,NSE
3072001,12000,FAZE3Q,0.05,1,EQ,NSE,NSE
1586689,6198,FCL,0.01,1,EQ,NSE,NSE
194688001,760500,FCONSUMER-BZ,0.01,1,EQ,NSE,NSE
3071745,11999,FCSSOFT,0.01,1,EQ,NSE,NSE
1253889,4898,FDC,0.05,1,EQ,NSE,NSE
195244801,762675,FEDDERSHOL,0.01,1,EQ,NSE,NSE
261889,1023,FEDERALBNK,0.05,1,EQ,NSE,NSE
5202433,20322,FEDFINA,0.01,1,EQ,NSE,NSE
3535873,13812,FEL-BZ,0.01,1,EQ,NSE,NSE
7805697,30491,FELDVR-BZ,0.01,1,EQ,NSE,NSE
146689,573,FELIX-SM,0.05,500,EQ,NSE,NSE
195246081,762680,FERMENTA,0.05,1,EQ,NSE,NSE
2088705,8159,FIBERWEB,0.01,1,EQ,NSE,NSE
2523649,9858,FIDEL-SM,0.05,1000,EQ,NSE,NSE
3509761,13710,FIEMIND,0.1,1,EQ,NSE,NSE
6280193,24532,FILATEX,0.01,1,EQ,NSE,NSE
6053633,23647,FILATFASH,0.01,1,EQ,NSE,NSE
194502657,759776,FINBUD-SM,0.05,1000,EQ,NSE,NSE
265729,1038,FINCABLES,0.05,1,EQ,NSE,NSE
958465,3744,FINEORG,0.1,1,EQ,NSE,NSE
3219969,12578,FINIETF,0.01,1,EQ,NSE,NSE
194365185,759239,FINKURVE,0.01,1,EQ,NSE,NSE
1684225,6579,FINOPB,0.01,1,EQ,NSE,NSE
266497,1041,FINPIPE,0.01,1,EQ,NSE,NSE
6352385,24814,FIRSTCRY,0.01,1,EQ,NSE,NSE
193960449,757658,FISCHER,0.01,1,EQ,NSE,NSE
3080193,12032,FIVESTAR,0.05,1,EQ,NSE,NSE
5215233,20372,FLAIR,0.05,1,EQ,NSE,NSE
194398209,759368,FLEXIADD,0.01,1,EQ,NSE,NSE
7820289,30548,FLEXIAINAV,0.01,1,EQ,NSE,NSE
6532097,25516,FLEXITUFF-BE,0.01,1,EQ,NSE,NSE
3806209,14868,FLFL-BZ,0.01,1,EQ,NSE,NSE
3520001,13750,FLUOROCHEM,0.1,1,EQ,NSE,NSE
194101249,758208,FLYSBS-SM,0.05,200,EQ,NSE,NSE
195463681,763530,FMCGADD,0.01,1,EQ,NSE,NSE
195464449,763533,FMCGADINAV,0.01,1,EQ,NSE,NSE
1358337,5306,FMCGIETF,0.01,1,EQ,NSE,NSE
304641,1190,FMGOETZE,0.05,1,EQ,NSE,NSE
5380353,21017,FMNL,0.01,1,EQ,NSE,NSE
1890561,7385,FOCE-SM,0.05,240,EQ,NSE,NSE
1750785,6839,FOCUS-BE,0.01,1,EQ,NSE,NSE
5764353,22517,FONEBOX-SM,0.05,1000,EQ,NSE,NSE
1708289,6673,FOODSIN,0.01,1,EQ,NSE,NSE
6378753,24917,FORCAS-ST,0.05,1600,EQ,NSE,NSE
2962689,11573,FORCEMOT,1,1,EQ,NSE,NSE
6569985,25664,FORGEAUTO-SM,0.05,1200,EQ,NSE,NSE
3735553,14592,FORTIS,0.05,1,EQ,NSE,NSE
274689,1073,FOSECOIND,0.5,1,EQ,NSE,NSE
194806017,760961,FRACTAL,0.05,1,EQ,NSE,NSE
195758849,764683,FREDUN,0.1,1,EQ,NSE,NSE
6622977,25871,FRESHARA-ST,0.05,600,EQ,NSE,NSE
2945025,11504,FROG-ST,0.05,400,EQ,NSE,NSE
195247361,762685,FRONTSP,0.1,1,EQ,NSE,NSE
3661825,14304,FSL,0.05,1,EQ,NSE,NSE
3054593,11932,FUSION,0.01,1,EQ,NSE,NSE
194644737,760331,FWSTC-SM,0.05,600,EQ,NSE,NSE
277761,1085,GABRIEL,0.1,1,EQ,NSE,NSE
2259969,8828,GAEL,0.01,1,EQ,NSE,NSE
1207553,4717,GAIL,0.01,1,EQ,NSE,NSE
195941377,765396,GAJA,0.01,1,EQ,NSE,NSE
6462465,25244,GAJANAND-SM,0.05,3000,EQ,NSE,NSE
6434305,25134,GALAPREC,0.1,1,EQ,NSE,NSE
336641,1315,GALAXYSURF,0.1,1,EQ,NSE,NSE
3414273,13337,GALLANTT,0.05,1,EQ,NSE,NSE
5197569,20303,GANDHAR,0.01,1,EQ,NSE,NSE
3613697,14116,GANDHITUBE,0.05,1,EQ,NSE,NSE
1777665,6944,GANECOS,0.1,1,EQ,NSE,NSE
1437953,5617,GANESHBE-BE,0.01,1,EQ,NSE,NSE
194307073,759012,GANESHCP,0.01,1,EQ,NSE,NSE
3670785,14339,GANESHHOU,0.05,1,EQ,NSE,NSE
7001857,27351,GANESHIN-ST,0.05,800,EQ,NSE,NSE
193926401,757525,GANGABATH-SM,0.05,3000,EQ,NSE,NSE
1268993,4957,GANGAFORGE,0.01,1,EQ,NSE,NSE
5478145,21399,GANGESSECU,0.01,1,EQ,NSE,NSE
281601,1100,GARFIBRES,0.05,1,EQ,NSE,NSE
6604801,25800,GARUDA,0.01,1,EQ,NSE,NSE
4612609,18018,GATECH-BE,0.01,1,EQ,NSE,NSE
6913,27,GATECHDVR-BE,0.01,1,EQ,NSE,NSE
2178561,8510,GATEWAY,0.01,1,EQ,NSE,NSE
194605825,760179,GAUDIUMIVF-BE,0.01,1,EQ,NSE,NSE
945409,3693,GAYAHWS,0.01,1,EQ,NSE,NSE
6405889,25023,GAYAPROJ,0.01,1,EQ,NSE,NSE
7753985,30289,GCHOTELS-ST,0.05,600,EQ,NSE,NSE
194300417,758986,GCSL,0.05,1,EQ,NSE,NSE
3497473,13662,GEECEE-BE,0.05,1,EQ,NSE,NSE
4588033,17922,GEEKAYWIRE,0.01,1,EQ,NSE,NSE
194422017,759461,GEMAROMA,0.01,1,EQ,NSE,NSE
560129,2188,GENCON,0.01,1,EQ,NSE,NSE
2791681,10905,GENESYS,0.05,1,EQ,NSE,NSE
194263553,758842,GENSOL-BZ,0.01,1,EQ,NSE,NSE
1689601,6600,GENUSPAPER,0.01,1,EQ,NSE,NSE
3047681,11905,GENUSPOWER,0.05,1,EQ,NSE,NSE
8177153,31942,GENXAI-SM,0.05,1200,EQ,NSE,NSE
3045377,11896,GEOJITFSL,0.01,1,EQ,NSE,NSE
3526657,13776,GESHIP,0.1,1,EQ,NSE,NSE
6559745,25624,GFL26-N0,0.01,1,EQ,NSE,NSE
5926657,23151,GFL27-N1,0.01,1,EQ,NSE,NSE
329985,1289,GFLLIMITED,0.01,1,EQ,NSE,NSE
2836225,11079,GFSTEELS-BE,0.01,1,EQ,NSE,NSE
6256385,24439,GGBL-SM,0.05,300,EQ,NSE,NSE
288513,1127,GHCL,0.05,1,EQ,NSE,NSE
4274177,16696,GHCLTEXTIL,0.01,1,EQ,NSE,NSE
7835649,30608,GHOSPIINAV,0.01,1,EQ,NSE,NSE
291585,1139,GICHSGFIN,0.01,1,EQ,NSE,NSE
194822401,761025,GICL,0.01,1,EQ,NSE,NSE
70913,277,GICRE,0.05,1,EQ,NSE,NSE
4566785,17839,GILLANDERS,0.01,1,EQ,NSE,NSE
403457,1576,GILLETTE,0.5,1,EQ,NSE,NSE
5766145,22524,GILT10BETA,0.01,1,EQ,NSE,NSE
5765377,22521,GILT5BETA,0.01,1,EQ,NSE,NSE
812033,3172,GILT5YBEES,0.01,1,EQ,NSE,NSE
2597889,10148,GILT5YINAV,0.01,1,EQ,NSE,NSE
2379265,9294,GINNIFILA-BE,0.01,1,EQ,NSE,NSE
293121,1145,GIPCL,0.01,1,EQ,NSE,NSE
605441,2365,GIRIRAJ-SM,0.05,250,EQ,NSE,NSE
194808577,760971,GJL-ST,0.05,800,EQ,NSE,NSE
195760129,764688,GKB,0.01,1,EQ,NSE,NSE
194316289,759048,GKENERGY,0.01,1,EQ,NSE,NSE
194866433,761197,GKSL,0.01,1,EQ,NSE,NSE
4443393,17357,GKWLIMITED,0.1,1,EQ,NSE,NSE
303617,1186,GLAND,0.1,1,EQ,NSE,NSE
295169,1153,GLAXO,0.1,1,EQ,NSE,NSE
7712257,30126,GLD360INAV,0.05,1,EQ,NSE,NSE
5863425,22904,GLDCASINAV,0.05,1,EQ,NSE,NSE
1895937,7406,GLENMARK,0.1,1,EQ,NSE,NSE
295937,1156,GLFL,0.01,1,EQ,NSE,NSE
362241,1415,GLOBAL,0.01,1,EQ,NSE,NSE
6382593,24932,GLOBALE,0.01,1,EQ,NSE,NSE
4395521,17170,GLOBALPET-ST,0.05,750,EQ,NSE,NSE
3516161,13735,GLOBALVECT,0.01,1,EQ,NSE,NSE
100609,393,GLOBE,0.01,1,EQ,NSE,NSE
194194433,758572,GLOBECIVIL,0.01,1,EQ,NSE,NSE
4460545,17424,GLOBUSSPR,0.05,1,EQ,NSE,NSE
6039041,23590,GLOSTERLTD,0.05,1,EQ,NSE,NSE
194589697,760116,GLOTTIS,0.01,1,EQ,NSE,NSE
299009,1168,GMBREW,0.05,1,EQ,NSE,NSE
1332225,5204,GMDCLTD,0.05,1,EQ,NSE,NSE
194326785,759089,GML-SM,0.05,2000,EQ,NSE,NSE
401921,1570,GMMPFAUDLR,0.05,1,EQ,NSE,NSE
3463169,13528,GMRAIRPORT,0.01,1,EQ,NSE,NSE
2183425,8529,GMRP&UI,0.01,1,EQ,NSE,NSE
4754177,18571,GNA,0.05,1,EQ,NSE,NSE
300545,1174,GNFC,0.05,1,EQ,NSE,NSE
195248641,762690,GNRL,0.01,1,EQ,NSE,NSE
3759873,14687,GOACARBON,0.05,1,EQ,NSE,NSE
1014529,3963,GOCLCORP,0.05,1,EQ,NSE,NSE
1782785,6964,GOCOLORS,0.05,1,EQ,NSE,NSE
6640897,25941,GODAVARIB,0.05,1,EQ,NSE,NSE
302337,1181,GODFRYPHLP,0.1,1,EQ,NSE,NSE
6092545,23799,GODIGIT,0.05,1,EQ,NSE,NSE
36865,144,GODREJAGRO,0.05,1,EQ,NSE,NSE
2585345,10099,GODREJCP,0.1,1,EQ,NSE,NSE
2796801,10925,GODREJIND,0.1,1,EQ,NSE,NSE
4576001,17875,GODREJPROP,0.1,1,EQ,NSE,NSE
3015169,11778,GOKEX,0.05,1,EQ,NSE,NSE
4276481,16705,GOKUL,0.01,1,EQ,NSE,NSE
3706881,14480,GOKULAGRO,0.01,1,EQ,NSE,NSE
3803649,14858,GOLD1,0.01,1,EQ,NSE,NSE
7706881,30105,GOLD360,0.05,1,EQ,NSE,NSE
3931137,15356,GOLDADD,0.01,1,EQ,NSE,NSE
5256193,20532,GOLDAXIS,0.01,1,EQ,NSE,NSE
7829761,30585,GOLDBDINAV,0.01,1,EQ,NSE,NSE
3693569,14428,GOLDBEES,0.01,1,EQ,NSE,NSE
2106113,8227,GOLDBEINAV,0.01,1,EQ,NSE,NSE
3720961,14535,GOLDBETA,0.05,1,EQ,NSE,NSE
194643201,760325,GOLDBND,0.01,1,EQ,NSE,NSE
5862657,22901,GOLDCASE,0.01,1,EQ,NSE,NSE
2974465,11619,GOLDENTOBC-BZ,0.01,1,EQ,NSE,NSE
3657217,14286,GOLDETF,0.01,1,EQ,NSE,NSE
3064577,11971,GOLDIAM,0.05,1,EQ,NSE,NSE
5037825,19679,GOLDIETF,0.01,1,EQ,NSE,NSE
3485697,13616,GOLDKART-SM,0.05,625,EQ,NSE,NSE
2106881,8230,GOLDSHINAV,0.01,1,EQ,NSE,NSE
257,1,GOLDSTAR-SM,0.05,11250,EQ,NSE,NSE
2528769,9878,GOLDTECH-BE,0.01,1,EQ,NSE,NSE
1568001,6125,GOODLUCK,0.1,1,EQ,NSE,NSE
308481,1205,GOODYEAR,0.05,1,EQ,NSE,NSE
5904897,23066,GOPAL,0.05,1,EQ,NSE,NSE
3017473,11787,GOYALALUM,0.01,1,EQ,NSE,NSE
4955137,19356,GOYALSALT-SM,0.05,600,EQ,NSE,NSE
6172929,24113,GPECO-ST,0.05,200,EQ,NSE,NSE
3432705,13409,GPIL,0.01,1,EQ,NSE,NSE
5051137,19731,GPPL,0.01,1,EQ,NSE,NSE
5848577,22846,GPTHEALTH,0.01,1,EQ,NSE,NSE
4527361,17685,GPTINFRA,0.01,1,EQ,NSE,NSE
195404545,763299,GRADIENTE,0.01,1,EQ,NSE,NSE
195249921,762695,GRANDOAK,0.01,1,EQ,NSE,NSE
3039233,11872,GRANULES,0.05,1,EQ,NSE,NSE
5236225,20454,GRAPHISAD-SM,0.05,1200,EQ,NSE,NSE
151553,592,GRAPHITE,0.05,1,EQ,NSE,NSE
315393,1232,GRASIM,0.1,1,EQ,NSE,NSE
1331201,5200,GRAUWEIL,0.01,1,EQ,NSE,NSE
195251201,762700,GRAVISSHO,0.01,1,EQ,NSE,NSE
5256705,20534,GRAVITA,0.1,1,EQ,NSE,NSE
7829249,30583,GRCAPMINAV,0.01,1,EQ,NSE,NSE
3597313,14052,GRCL-SM,0.05,250,EQ,NSE,NSE
316161,1235,GREAVESCOT,0.01,1,EQ,NSE,NSE
4375553,17092,GREENCHEF-SM,0.05,800,EQ,NSE,NSE
1753089,6848,GREENLAM,0.05,1,EQ,NSE,NSE
194413313,759427,GREENLEAF-ST,0.05,1000,EQ,NSE,NSE
3535361,13810,GREENPANEL,0.01,1,EQ,NSE,NSE
1020673,3987,GREENPLY,0.05,1,EQ,NSE,NSE
5148161,20110,GREENPOWER,0.01,1,EQ,NSE,NSE
4797697,18741,GRETEX-SM,0.05,750,EQ,NSE,NSE
3471361,13560,GRINDWELL,0.1,1,EQ,NSE,NSE
1293825,5054,GRINFRA,0.05,1,EQ,NSE,NSE
2782977,10871,GRMOVER,0.01,1,EQ,NSE,NSE
7656193,29907,GRN200INAV,0.01,1,EQ,NSE,NSE
7825921,30570,GRO250INAV,0.01,1,EQ,NSE,NSE
4549121,17770,GROBTEA,0.05,1,EQ,NSE,NSE
6520065,25469,GROLIQINAV,0.01,1,EQ,NSE,NSE
7815937,30531,GRONIFINAV,0.01,1,EQ,NSE,NSE
6349057,24801,GROWEVINAV,0.01,1,EQ,NSE,NSE
7813121,30520,GROWLOINAV,0.01,1,EQ,NSE,NSE
7808001,30500,GROWMOINAV,0.01,1,EQ,NSE,NSE
7809281,30505,GROWSLINAV,0.01,1,EQ,NSE,NSE
194510337,759806,GROWW,0.01,1,EQ,NSE,NSE
194573057,760051,GROWWCAPM,0.01,1,EQ,NSE,NSE
194732289,760673,GROWWCHEM,0.01,1,EQ,NSE,NSE
6594049,25758,GROWWDEFNC,0.01,1,EQ,NSE,NSE
7833857,30601,GROWWEINAV,0.01,1,EQ,NSE,NSE
6348289,24798,GROWWEV,0.01,1,EQ,NSE,NSE
6624001,25875,GROWWGINAV,0.05,1,EQ,NSE,NSE
6623233,25872,GROWWGOLD,0.01,1,EQ,NSE,NSE
194783745,760874,GROWWHOSPI,0.01,1,EQ,NSE,NSE
6514433,25447,GROWWLIQID,0.01,1,EQ,NSE,NSE
194124801,758300,GROWWLOVOL,0.01,1,EQ,NSE,NSE
194488065,759719,GROWWMC150,0.01,1,EQ,NSE,NSE
194672129,760438,GROWWMETAL,0.01,1,EQ,NSE,NSE
193558017,756086,GROWWMOM50,0.01,1,EQ,NSE,NSE
7647233,29872,GROWWN200,0.01,1,EQ,NSE,NSE
194000385,757814,GROWWNET,0.01,1,EQ,NSE,NSE
194226433,758697,GROWWNIFTY,0.01,1,EQ,NSE,NSE
7814913,30527,GROWWNINAV,0.01,1,EQ,NSE,NSE
194421249,759458,GROWWNXT50,0.01,1,EQ,NSE,NSE
7816961,30535,GROWWPINAV,0.01,1,EQ,NSE,NSE
194090241,758165,GROWWPOWER,0.01,1,EQ,NSE,NSE
194809857,760976,GROWWPSE,0.01,1,EQ,NSE,NSE
194947585,761514,GROWWPSUBK,0.01,1,EQ,NSE,NSE
7558913,29527,GROWWRAIL,0.01,1,EQ,NSE,NSE
7819777,30546,GROWWRINAV,0.01,1,EQ,NSE,NSE
194413569,759428,GROWWRLTY,0.01,1,EQ,NSE,NSE
194437633,759522,GROWWSC250,0.01,1,EQ,NSE,NSE
193747713,756827,GROWWSLVR,0.01,1,EQ,NSE,NSE
1675009,6543,GRPLTD,0.1,1,EQ,NSE,NSE
7559681,29530,GRRAILINAV,0.01,1,EQ,NSE,NSE
1401601,5475,GRSE,0.1,1,EQ,NSE,NSE
7826945,30574,GRW150INAV,0.01,1,EQ,NSE,NSE
7833345,30599,GRWCHEINAV,0.01,1,EQ,NSE,NSE
7831297,30591,GRWMTLINAV,0.01,1,EQ,NSE,NSE
7818241,30540,GRWN50INAV,0.01,1,EQ,NSE,NSE
7836673,30612,GRWPSUINAV,0.01,1,EQ,NSE,NSE
2043393,7982,GRWRHITECH,0.5,1,EQ,NSE,NSE
6599937,25781,GRWWDFINAV,0.01,1,EQ,NSE,NSE
1128705,4409,GS151226C-GS,0.01,100,EQ,NSE,NSE
1132289,4423,GS220230C-GS,0.01,100,EQ,NSE,NSE
1133825,4429,GS220231C-GS,0.01,100,EQ,NSE,NSE
1134593,4432,GS220236C-GS,0.01,100,EQ,NSE,NSE
1157121,4520,GS220240C-GS,0.01,100,EQ,NSE,NSE
1165313,4552,GS220250C-GS,0.01,100,EQ,NSE,NSE
1166081,4555,GS220261C-GS,0.01,100,EQ,NSE,NSE
1125121,4395,GS220261P-GS,0.01,100,EQ,NSE,NSE
1133313,4427,GS220830C-GS,0.01,100,EQ,NSE,NSE
1134337,4431,GS220831C-GS,0.01,100,EQ,NSE,NSE
1150465,4494,GS220836C-GS,0.01,100,EQ,NSE,NSE
1163777,4546,GS220840C-GS,0.01,100,EQ,NSE,NSE
1165569,4553,GS220850C-GS,0.01,100,EQ,NSE,NSE
6360833,24847,GSEC10ABSL,0.01,1,EQ,NSE,NSE
195919361,765310,GSEC10ADD,0.01,1,EQ,NSE,NSE
3364609,13143,GSEC10IETF,0.01,1,EQ,NSE,NSE
6361601,24850,GSEC10INAV,0.01,1,EQ,NSE,NSE
3824129,14938,GSEC10YEAR,0.01,1,EQ,NSE,NSE
2135553,8342,GSEC5IETF,0.01,1,EQ,NSE,NSE
195921409,765318,GSECADINAV,0.01,1,EQ,NSE,NSE
319233,1247,GSFC,0.01,1,EQ,NSE,NSE
3737345,14599,GSLSU,0.01,1,EQ,NSE,NSE
6115329,23888,GSMFOILS-SM,0.05,500,EQ,NSE,NSE
195133185,762239,GSPCROP,0.05,1,EQ,NSE,NSE
3928833,15347,GSS,0.01,1,EQ,NSE,NSE
2499585,9764,GSTL-SM,0.05,1000,EQ,NSE,NSE
290561,1135,GTECJAINX-BE,0.01,1,EQ,NSE,NSE
297473,1162,GTL,0.01,1,EQ,NSE,NSE
3518721,13745,GTLINFRA,0.01,1,EQ,NSE,NSE
5425921,21195,GTPL,0.01,1,EQ,NSE,NSE
2971137,11606,GUFICBIO,0.05,1,EQ,NSE,NSE
324353,1267,GUJALKALI,0.05,1,EQ,NSE,NSE
3757313,14677,GUJAPOLLO,0.05,1,EQ,NSE,NSE
2713345,10599,GUJENERGY,0.05,1,EQ,NSE,NSE
1164289,4548,GUJRAFFIA,0.01,1,EQ,NSE,NSE
7611137,29731,GUJTHEM,0.05,1,EQ,NSE,NSE
1124097,4391,GULFOILLUB,0.1,1,EQ,NSE,NSE
2965505,11584,GULFPETRO-BE,0.01,1,EQ,NSE,NSE
1609217,6286,GULPOLY,0.01,1,EQ,NSE,NSE
194370817,759261,GURUNANAK-SM,0.05,1600,EQ,NSE,NSE
3386625,13229,GVKPIL-BE,0.01,1,EQ,NSE,NSE
2012673,7862,GVPIL,0.05,1,EQ,NSE,NSE
2781441,10865,GVPTECH,0.01,1,EQ,NSE,NSE
4296449,16783,GVT&D,0.1,1,EQ,NSE,NSE
195596801,764050,GYFTR,0.01,1,EQ,NSE,NSE
589569,2303,HAL,0.1,1,EQ,NSE,NSE
194743041,760715,HALDER,0.01,1,EQ,NSE,NSE
195253249,762708,HALDYNGL-BE,0.01,1,EQ,NSE,NSE
5517057,21551,HALEOSLABS,0.1,1,EQ,NSE,NSE
195859201,765075,HAMPTON,0.01,1,EQ,NSE,NSE
12289,48,HAPPSTMNDS,0.05,1,EQ,NSE,NSE
195617537,764131,HAPPY-SM,0.05,2000,EQ,NSE,NSE
5338625,20854,HAPPYFORGE,0.1,1,EQ,NSE,NSE
2294273,8962,HARDWYN,0.01,1,EQ,NSE,NSE
2295809,8968,HARIOMPIPE,0.05,1,EQ,NSE,NSE
336129,1313,HARRMALAYA,0.01,1,EQ,NSE,NSE
2857473,11162,HARSHA,0.05,1,EQ,NSE,NSE
4647425,18154,HATHWAY,0.01,1,EQ,NSE,NSE
996353,3892,HATSUN,0.05,1,EQ,NSE,NSE
2513665,9819,HAVELLS,0.1,1,EQ,NSE,NSE
1908993,7457,HAVISHA,0.01,1,EQ,NSE,NSE
1137665,4444,HAWKINCOOK,0.5,1,EQ,NSE,NSE
195761409,764693,HAZOOR,0.01,1,EQ,NSE,NSE
2565633,10022,HBANKEINAV,0.01,1,EQ,NSE,NSE
195254273,762712,HBESD,0.01,1,EQ,NSE,NSE
3575297,13966,HBLENGINE,0.05,1,EQ,NSE,NSE
195860481,765080,HBPOR,0.01,1,EQ,NSE,NSE
3645185,14239,HBS500INAV,0.01,1,EQ,NSE,NSE
3645441,14240,HBS500INAV-RL,0.01,1,EQ,NSE,NSE
1053697,4116,HBSL,0.01,1,EQ,NSE,NSE
352001,1375,HCC,0.01,1,EQ,NSE,NSE
3982081,15555,HCG,0.05,1,EQ,NSE,NSE
339713,1327,HCL-INSYS,0.01,1,EQ,NSE,NSE
1850625,7229,HCLTECH,0.1,1,EQ,NSE,NSE
193989633,757772,HDBFS,0.05,1,EQ,NSE,NSE
2709249,10583,HDF100INAV,0.01,1,EQ,NSE,NSE
2709505,10584,HDFC50INAV,0.01,1,EQ,NSE,NSE
1086465,4244,HDFCAMC,0.1,1,EQ,NSE,NSE
341249,1333,HDFCBANK,0.05,1,EQ,NSE,NSE
3642881,14230,HDFCBSE500,0.01,1,EQ,NSE,NSE
5003009,19543,HDFCGOLD,0.01,1,EQ,NSE,NSE
2884097,11266,HDFCGRINAV,0.01,1,EQ,NSE,NSE
2877697,11241,HDFCGROWTH,0.01,1,EQ,NSE,NSE
119553,467,HDFCLIFE,0.05,1,EQ,NSE,NSE
4679425,18279,HDFCLIQUID,0.01,1,EQ,NSE,NSE
2956033,11547,HDFCLOWVOL,0.01,1,EQ,NSE,NSE
2957569,11553,HDFCLVINAV,0.01,1,EQ,NSE,NSE
2109697,8241,HDFCMFINAV,0.01,1,EQ,NSE,NSE
195670785,764339,HDFCMGINAV,0.01,1,EQ,NSE,NSE
3644417,14236,HDFCMID150,0.01,1,EQ,NSE,NSE
2957057,11551,HDFCMOINAV,0.01,1,EQ,NSE,NSE
2953729,11538,HDFCMOMENT,0.01,1,EQ,NSE,NSE
2718465,10619,HDFCNEXT50,0.01,1,EQ,NSE,NSE
2565889,10023,HDFCNFINAV,0.01,1,EQ,NSE,NSE
2722049,10633,HDFCNIF100,0.01,1,EQ,NSE,NSE
5742849,22433,HDFCNIFBAN,0.01,1,EQ,NSE,NSE
3097857,12101,HDFCNIFIT,0.01,1,EQ,NSE,NSE
2967297,11591,HDFCNIFTY,0.01,1,EQ,NSE,NSE
4332033,16922,HDFCNIINAV,0.01,1,EQ,NSE,NSE
195670017,764336,HDFCNIMEG,0.01,1,EQ,NSE,NSE
3102465,12119,HDFCPBINAV,0.01,1,EQ,NSE,NSE
5784321,22595,HDFCPSUBK,0.01,1,EQ,NSE,NSE
3099649,12108,HDFCPVTBAN,0.01,1,EQ,NSE,NSE
2881281,11255,HDFCQUAL,0.01,1,EQ,NSE,NSE
2884353,11267,HDFCQUINAV,0.01,1,EQ,NSE,NSE
2566145,10024,HDFCSEINAV,0.01,1,EQ,NSE,NSE
2967809,11593,HDFCSENSEX,0.01,1,EQ,NSE,NSE
2786049,10883,HDFCSIINAV,0.01,1,EQ,NSE,NSE
2786305,10884,HDFCSIINAV-RL,0.01,1,EQ,NSE,NSE
2784257,10876,HDFCSILVER,0.01,1,EQ,NSE,NSE
3643649,14233,HDFCSML250,0.01,1,EQ,NSE,NSE
2882561,11260,HDFCVALUE,0.01,1,EQ,NSE,NSE
2885633,11272,HDFCVLINAV,0.01,1,EQ,NSE,NSE
4680193,18282,HDFLIQINAV,0.01,1,EQ,NSE,NSE
5785345,22599,HDFPBKINAV,0.01,1,EQ,NSE,NSE
4587521,17920,HDIL-BZ,0.01,1,EQ,NSE,NSE
4916481,19205,HEADSUP,0.01,1,EQ,NSE,NSE
5785089,22598,HEALADINAV,0.01,1,EQ,NSE,NSE
5783553,22592,HEALTHADD,0.01,1,EQ,NSE,NSE
923649,3608,HEALTHAXIS,0.01,1,EQ,NSE,NSE
194812417,760986,HEALTHCARE,0.01,1,EQ,NSE,NSE
928257,3626,HEALTHIETF,0.01,1,EQ,NSE,NSE
2550529,9963,HEALTHINAV,0.01,1,EQ,NSE,NSE
5136129,20063,HEALTHX,0.05,1,EQ,NSE,NSE
1612033,6297,HEALTHY,0.01,1,EQ,NSE,NSE
1900801,7425,HECPROJECT,0.01,1,EQ,NSE,NSE
342017,1336,HEG,0.05,1,EQ,NSE,NSE
592897,2316,HEIDELBERG,0.01,1,EQ,NSE,NSE
179457,701,HEMIPROP,0.01,1,EQ,NSE,NSE
669185,2614,HERANBA,0.01,1,EQ,NSE,NSE
1177089,4598,HERITGFOOD,0.05,1,EQ,NSE,NSE
345089,1348,HEROMOTOCO,0.5,1,EQ,NSE,NSE
1804289,7048,HESTERBIO,0.1,1,EQ,NSE,NSE
192029697,750116,HEXAGON-BE,0.01,1,EQ,NSE,NSE
6914049,27008,HEXATRADEX,0.01,1,EQ,NSE,NSE
7594497,29666,HEXT,0.05,1,EQ,NSE,NSE
5619457,21951,HFCL,0.01,1,EQ,NSE,NSE
428033,1672,HGINFRA,0.05,1,EQ,NSE,NSE
3479553,13592,HGM,0.01,1,EQ,NSE,NSE
3766273,14712,HGS,0.05,1,EQ,NSE,NSE
4811265,18794,HIGREEN-SM,0.05,800,EQ,NSE,NSE
2475009,9668,HIKAL,0.01,1,EQ,NSE,NSE
194330369,759103,HILINFRA,0.01,1,EQ,NSE,NSE
3744513,14627,HILTON,0.01,1,EQ,NSE,NSE
348161,1360,HIMATSEIDE,0.01,1,EQ,NSE,NSE
195762689,764698,HINDADH,0.05,1,EQ,NSE,NSE
348929,1363,HINDALCO,0.05,1,EQ,NSE,NSE
195861761,765085,HINDALUMI,0.01,1,EQ,NSE,NSE
351233,1372,HINDCOMPOS,0.05,1,EQ,NSE,NSE
1259521,4920,HINDCON,0.01,1,EQ,NSE,NSE
4592385,17939,HINDCOPPER,0.05,1,EQ,NSE,NSE
359169,1403,HINDOILEXP,0.01,1,EQ,NSE,NSE
359937,1406,HINDPETRO,0.05,1,EQ,NSE,NSE
356865,1394,HINDUNILVR,0.1,1,EQ,NSE,NSE
4066049,15883,HINDWAREAP,0.01,1,EQ,NSE,NSE
364545,1424,HINDZINC,0.05,1,EQ,NSE,NSE
3555841,13890,HIRECT,0.1,1,EQ,NSE,NSE
4946433,19322,HISARMETAL,0.01,1,EQ,NSE,NSE
734209,2868,HITECH,0.01,1,EQ,NSE,NSE
3882241,15165,HITECHCORP-BE,0.05,1,EQ,NSE,NSE
2193409,8568,HITECHGEAR-BE,0.05,1,EQ,NSE,NSE
585985,2289,HLEGLAS,0.05,1,EQ,NSE,NSE
7834113,30602,HLTCREINAV,0.01,1,EQ,NSE,NSE
370689,1448,HLVLTD,0.01,1,EQ,NSE,NSE
4365569,17053,HMAAGRO,0.01,1,EQ,NSE,NSE
3645697,14241,HMI150INAV,0.01,1,EQ,NSE,NSE
3645953,14242,HMI150INAV-RL,0.01,1,EQ,NSE,NSE
5042689,19698,HMT-BZ,0.01,1,EQ,NSE,NSE
4919041,19215,HMVL-BE,0.01,1,EQ,NSE,NSE
3116289,12173,HNDFDS,0.05,1,EQ,NSE,NSE
4680705,18284,HNGSNGBEES,0.01,1,EQ,NSE,NSE
6099457,23826,HOACFOODS-ST,0.05,375,EQ,NSE,NSE
4774145,18649,HOLMARC-SM,0.05,750,EQ,NSE,NSE
526337,2056,HOMEFIRST,0.1,1,EQ,NSE,NSE
3462657,13526,HOMESFY-SM,0.05,300,EQ,NSE,NSE
5072129,19813,HONASA,0.05,1,EQ,NSE,NSE
874753,3417,HONAUT,5,1,EQ,NSE,NSE
803329,3138,HONDAPOWER,0.1,1,EQ,NSE,NSE
195931137,765356,HORIZONIND,0.01,1,EQ,NSE,NSE
1888257,7376,HPAL,0.01,1,EQ,NSE,NSE
3019777,11796,HPIL,0.01,1,EQ,NSE,NSE
4781825,18679,HPL,0.05,1,EQ,NSE,NSE
7648001,29875,HPTL-SM,0.05,600,EQ,NSE,NSE
5403393,21107,HRHNEXT-SM,0.05,1500,EQ,NSE,NSE
195763969,764703,HRYNSHP,0.01,1,EQ,NSE,NSE
7836417,30611,HSBCGDINAV,0.01,1,EQ,NSE,NSE
194945537,761506,HSBCGOLD,0.01,1,EQ,NSE,NSE
3669505,14334,HSCL,0.05,1,EQ,NSE,NSE
3646209,14243,HSM250INAV,0.01,1,EQ,NSE,NSE
3646465,14244,HSM250INAV-RL,0.01,1,EQ,NSE,NSE
3066625,11979,HTMEDIA,0.01,1,EQ,NSE,NSE
3635969,14203,HUBTOWN,0.01,1,EQ,NSE,NSE
5331201,20825,HUDCO,0.01,1,EQ,NSE,NSE
655873,2562,HUHTAMAKI,0.05,1,EQ,NSE,NSE
6581249,25708,HVAX-SM,0.05,150,EQ,NSE,NSE
195669249,764333,HYBRIDETF,0.01,1,EQ,NSE,NSE
3280385,12814,HYBRIDFIN-BE,0.01,1,EQ,NSE,NSE
195671041,764340,HYBRIDINAV,0.01,1,EQ,NSE,NSE
6616065,25844,HYUNDAI,0.1,1,EQ,NSE,NSE
5465089,21348,IBLFL-SM,0.05,2000,EQ,NSE,NSE
2576897,10066,IBMFNIINAV,0.01,1,EQ,NSE,NSE
6399745,24999,IBULLSLTD,0.01,1,EQ,NSE,NSE
3371265,13169,IC10GSINAV,0.01,1,EQ,NSE,NSE
1786113,6977,ICDSLTD,0.01,1,EQ,NSE,NSE
195600385,764064,ICELCO-SM,0.05,1200,EQ,NSE,NSE
125185,489,ICEMAKE,0.05,1,EQ,NSE,NSE
2572801,10050,ICICI1INAV,0.01,1,EQ,NSE,NSE
2567169,10028,ICICI2INAV,0.01,1,EQ,NSE,NSE
2572289,10048,ICICI5INAV,0.01,1,EQ,NSE,NSE
2572545,10049,ICICIAINAV,0.01,1,EQ,NSE,NSE
194664193,760407,ICICIAMC,0.1,1,EQ,NSE,NSE
133633,522,ICICIB22,0.01,1,EQ,NSE,NSE
1270529,4963,ICICIBANK,0.1,1,EQ,NSE,NSE
2575105,10059,ICICIBINAV,0.01,1,EQ,NSE,NSE
2567937,10031,ICICICINAV,0.01,1,EQ,NSE,NSE
2568449,10033,ICICIFINAV,0.01,1,EQ,NSE,NSE
5573121,21770,ICICIGI,0.1,1,EQ,NSE,NSE
2110721,8245,ICICIGINAV,0.01,1,EQ,NSE,NSE
2566401,10025,ICICIKINAV,0.01,1,EQ,NSE,NSE
2574593,10057,ICICILINAV,0.01,1,EQ,NSE,NSE
2571521,10045,ICICIMINAV,0.01,1,EQ,NSE,NSE
2574849,10058,ICICININAV,0.01,1,EQ,NSE,NSE
2567681,10030,ICICIOINAV,0.01,1,EQ,NSE,NSE
2566657,10026,ICICIPINAV,0.01,1,EQ,NSE,NSE
4774913,18652,ICICIPRULI,0.05,1,EQ,NSE,NSE
2571265,10044,ICICIQINAV,0.01,1,EQ,NSE,NSE
2570753,10042,ICICIRINAV,0.01,1,EQ,NSE,NSE
2107649,8233,ICICISINAV,0.01,1,EQ,NSE,NSE
2571009,10043,ICICITINAV,0.01,1,EQ,NSE,NSE
2572033,10047,ICICIXINAV,0.01,1,EQ,NSE,NSE
2573825,10054,ICICIYINAV,0.01,1,EQ,NSE,NSE
2710785,10589,ICICMOINAV,0.01,1,EQ,NSE,NSE
3382785,13214,ICICOMINAV,0.01,1,EQ,NSE,NSE
3223809,12593,ICIFININAV,0.01,1,EQ,NSE,NSE
3068673,11987,ICIL,0.05,1,EQ,NSE,NSE
2753537,10756,ICINFRINAV,0.01,1,EQ,NSE,NSE
4562433,17822,ICIQ30INAV,0.01,1,EQ,NSE,NSE
2606849,10183,ICISECINAV,0.01,1,EQ,NSE,NSE
2608385,10189,ICISENINAV,0.01,1,EQ,NSE,NSE
3717889,14523,ICRA,0.1,1,EQ,NSE,NSE
377857,1476,IDBI,0.01,1,EQ,NSE,NSE
2108161,8235,IDBIGOINAV,0.01,1,EQ,NSE,NSE
3677697,14366,IDEA,0.01,1,EQ,NSE,NSE
4387841,17140,IDEAFORGE,0.05,1,EQ,NSE,NSE
6387201,24950,IDEALTECHO-SM,0.05,500,EQ,NSE,NSE
7314945,28574,IDENTICAL-SM,0.05,2000,EQ,NSE,NSE
2863105,11184,IDFCFIRSTB,0.01,1,EQ,NSE,NSE
2575873,10062,IDFNIFINAV,0.01,1,EQ,NSE,NSE
4808449,18783,IDFNIFTYET,0.01,1,EQ,NSE,NSE
6089985,23789,IEML-SM,0.05,500,EQ,NSE,NSE
56321,220,IEX,0.01,1,EQ,NSE,NSE
379393,1482,IFBAGRO,0.05,1,EQ,NSE,NSE
380161,1485,IFBIND,0.1,1,EQ,NSE,NSE
381697,1491,IFCI,0.01,1,EQ,NSE,NSE
111617,436,IFGLEXPOR,0.01,1,EQ,NSE,NSE
162305,634,IGARASHI,0.05,1,EQ,NSE,NSE
193997057,757801,IGCL,0.01,1,EQ,NSE,NSE
7264769,28378,IGIL,0.05,1,EQ,NSE,NSE
2883073,11262,IGL,0.01,1,EQ,NSE,NSE
3606017,14086,IGPL,0.05,1,EQ,NSE,NSE
7388417,28861,IHF261224-N1,0.01,1,EQ,NSE,NSE
7391745,28874,IHF261224A-N1,0.01,1,EQ,NSE,NSE
7386625,28854,IHFL261224-N1,0.01,1,EQ,NSE,NSE
3023105,11809,IIFL,0.05,1,EQ,NSE,NSE
194847233,761122,IIFL060326-YA,0.01,1,EQ,NSE,NSE
194847745,761124,IIFL06326-YC,0.01,1,EQ,NSE,NSE
193572353,756142,IIFL21425-NY,0.01,1,EQ,NSE,NSE
193573121,756145,IIFL21425A-Y1,0.01,1,EQ,NSE,NSE
194847489,761123,IIFL60326-YB,0.01,1,EQ,NSE,NSE
3346433,13072,IIFLCAPS,0.05,1,EQ,NSE,NSE
1964545,7674,IIFLHF29-NE,0.01,1,EQ,NSE,NSE
1962497,7666,IIFLHFZC27-NB,0.01,1,EQ,NSE,NSE
1588993,6207,IIFLZC26-NN,0.01,1,EQ,NSE,NSE
738049,2883,IIFLZC28-NG,0.01,1,EQ,NSE,NSE
3547649,13858,IIFLZC28A-NU,0.01,1,EQ,NSE,NSE
4363009,17043,IIFLZC28B-Y1,0.01,1,EQ,NSE,NSE
1335553,5217,IIFLZC28C-N6,0.01,1,EQ,NSE,NSE
4998401,19525,IITL,0.01,1,EQ,NSE,NSE
4306433,16822,IKIO,0.01,1,EQ,NSE,NSE
7200001,28125,IKS,0.1,1,EQ,NSE,NSE
2401281,9380,IL&FSENGG-BZ,0.01,1,EQ,NSE,NSE
2401537,9381,IL&FSTRANS-BZ,0.01,1,EQ,NSE,NSE
1964033,7672,IMAGICAA,0.01,1,EQ,NSE,NSE
3640065,14219,IMC1-N1,0.01,1,EQ,NSE,NSE
3641345,14224,IMC1-N2,0.01,1,EQ,NSE,NSE
3642369,14228,IMC1-N3,0.01,1,EQ,NSE,NSE
4924161,19235,IMFA,0.1,1,EQ,NSE,NSE
3074305,12009,IMPAL,0.1,1,EQ,NSE,NSE
6625537,25881,IMPEXFERRO-BZ,0.01,1,EQ,NSE,NSE
194841345,761099,INA,0.01,1,EQ,NSE,NSE
4481793,17507,INCREDIBLE,0.01,1,EQ,NSE,NSE
4334849,16933,INDBANK,0.01,1,EQ,NSE,NSE
6065409,23693,INDGN,0.05,1,EQ,NSE,NSE
387073,1512,INDHOTEL,0.05,1,EQ,NSE,NSE
387841,1515,INDIACEM,0.05,1,EQ,NSE,NSE
389377,1521,INDIAGLYCO,0.1,1,EQ,NSE,NSE
2745857,10726,INDIAMART,0.1,1,EQ,NSE,NSE
3663105,14309,INDIANB,0.05,1,EQ,NSE,NSE
1132033,4422,INDIANCARD,0.01,1,EQ,NSE,NSE
391681,1530,INDIANHUME,0.05,1,EQ,NSE,NSE
5262337,20556,INDIASHLTR,0.05,1,EQ,NSE,NSE
5390849,21058,INDIFRA-SM,0.05,2000,EQ,NSE,NSE
2865921,11195,INDIGO,0.5,1,EQ,NSE,NSE
524289,2048,INDIGOPNTS,0.1,1,EQ,NSE,NSE
5372929,20988,INDIGRID-IV,0.01,1,EQ,NSE,NSE
194008321,757845,INDIQUBE,0.01,1,EQ,NSE,NSE
1215233,4747,INDNIPPON,0.1,1,EQ,NSE,NSE
2334721,9120,INDOAMIN-BE,0.01,1,EQ,NSE,NSE
2205185,8614,INDOBORAX,0.05,1,EQ,NSE,NSE
2989313,11677,INDOCO,0.01,1,EQ,NSE,NSE
7430401,29025,INDOFARM,0.01,1,EQ,NSE,NSE
195765249,764708,INDOKEM,0.05,1,EQ,NSE,NSE
195661057,764301,INDOMIM,0.05,1,EQ,NSE,NSE
2814209,10993,INDORAMA,0.01,1,EQ,NSE,NSE
790529,3088,INDOSTAR,0.05,1,EQ,NSE,NSE
3398401,13275,INDOTECH,0.1,1,EQ,NSE,NSE
6555649,25608,INDOTHAI,0.01,1,EQ,NSE,NSE
6528769,25503,INDOUS,0.01,1,EQ,NSE,NSE
3827713,14952,INDOWIND,0.01,1,EQ,NSE,NSE
195255553,762717,INDPRUD,0.5,1,EQ,NSE,NSE
1216257,4751,INDRAMEDCO,0.05,1,EQ,NSE,NSE
1246721,4870,INDSWFTLAB,0.01,1,EQ,NSE,NSE
5620993,21957,INDTERRAIN,0.01,1,EQ,NSE,NSE
1346049,5258,INDUSINDBK,0.1,1,EQ,NSE,NSE
5897217,23036,INDUSINVIT-IV,0.01,1,EQ,NSE,NSE
7458561,29135,INDUSTOWER,0.05,1,EQ,NSE,NSE
3849217,15036,INFINIUM-SM,0.05,500,EQ,NSE,NSE
193946113,757602,INFLUX-SM,0.05,600,EQ,NSE,NSE
2822913,11027,INFOBEAN,0.01,1,EQ,NSE,NSE
4246529,16588,INFOLLION-SM,0.05,400,EQ,NSE,NSE
3505409,13693,INFOMEDIA,0.01,1,EQ,NSE,NSE
194823681,761030,INFRA,0.01,1,EQ,NSE,NSE
5138433,20072,INFRABEES,0.01,1,EQ,NSE,NSE
2745089,10723,INFRAIETF,0.01,1,EQ,NSE,NSE
7834369,30603,INFRAINAV,0.01,1,EQ,NSE,NSE
408065,1594,INFY,0.1,1,EQ,NSE,NSE
408833,1597,INGERRAND,0.1,1,EQ,NSE,NSE
5829121,22770,INM-SM,0.05,600,EQ,NSE,NSE
6482689,25323,INNOMET-ST,0.05,600,EQ,NSE,NSE
5391873,21062,INNOVACAP,0.05,1,EQ,NSE,NSE
7105025,27754,INNOVANA,0.05,1,EQ,NSE,NSE
194951169,761528,INNOVISION,0.05,1,EQ,NSE,NSE
3120129,12188,INOXGREEN,0.01,1,EQ,NSE,NSE
5275393,20607,INOXINDIA,0.1,1,EQ,NSE,NSE
2010113,7852,INOXWIND,0.01,1,EQ,NSE,NSE
3752193,14657,INSECTICID,0.05,1,EQ,NSE,NSE
195682561,764385,INSETFINAV,0.01,1,EQ,NSE,NSE
195546369,763853,INSIFHLSDG-SF,0.01,1,EQ,NSE,NSE
195546881,763855,INSIFHLSDR-SF,0.01,1,EQ,NSE,NSE
195547393,763857,INSIFHLSRD-SF,0.01,1,EQ,NSE,NSE
195547905,763859,INSIFHLSRG-SF,0.01,1,EQ,NSE,NSE
195548417,763861,INSIFHLSRR-SF,0.01,1,EQ,NSE,NSE
4903425,19154,INSPIRE-SM,0.05,2000,EQ,NSE,NSE
3514881,13730,INSPIRISYS,0.01,1,EQ,NSE,NSE
195677185,764364,INSUREIETF,0.01,1,EQ,NSE,NSE
194023681,757905,INTEGRITY-ST,0.05,1200,EQ,NSE,NSE
1517057,5926,INTELLECT,0.05,1,EQ,NSE,NSE
5138177,20071,INTENTECH,0.01,1,EQ,NSE,NSE
6376705,24909,INTERARCH,0.1,1,EQ,NSE,NSE
740353,2892,INTERISE-IV,0.01,25000,EQ,NSE,NSE
194200321,758595,INTERNET,0.01,1,EQ,NSE,NSE
7815169,30528,INTERNINAV,0.01,1,EQ,NSE,NSE
1435137,5606,INTLCONV,0.01,1,EQ,NSE,NSE
6366721,24870,INVENTURE,0.01,1,EQ,NSE,NSE
194595585,760139,INVICTA-SM,0.05,1600,EQ,NSE,NSE
195257601,762725,INVPRECQ-BE,0.1,1,EQ,NSE,NSE
2393089,9348,IOB,0.01,1,EQ,NSE,NSE
415745,1624,IOC,0.01,1,EQ,NSE,NSE
5225729,20413,IOLCP,0.01,1,EQ,NSE,NSE
417281,1630,IONEXCHANG,0.05,1,EQ,NSE,NSE
418049,1633,IPCALAB,0.1,1,EQ,NSE,NSE
6408449,25033,IPHL-SM,0.05,1200,EQ,NSE,NSE
1263105,4934,IPL,0.01,1,EQ,NSE,NSE
195766529,764713,IPRINGLTD,0.01,1,EQ,NSE,NSE
3047169,11903,IPSL-SM,0.05,500,EQ,NSE,NSE
3920129,15313,IRB,0.01,1,EQ,NSE,NSE
5329153,20817,IRBINVIT-IV,0.01,1,EQ,NSE,NSE
3790337,14806,IRBIT-IV,0.01,25000,EQ,NSE,NSE
1276417,4986,IRCON,0.01,1,EQ,NSE,NSE
3484417,13611,IRCTC,0.05,1,EQ,NSE,NSE
5186817,20261,IREDA,0.01,1,EQ,NSE,NSE
519425,2029,IRFC,0.01,1,EQ,NSE,NSE
1661185,6489,IRIS,0.01,1,EQ,NSE,NSE
582401,2275,IRISDOREME,0.01,1,EQ,NSE,NSE
5016833,19597,IRMENERGY,0.05,1,EQ,NSE,NSE
4730625,18479,ISFT,0.01,1,EQ,NSE,NSE
852225,3329,ISGEC,0.05,1,EQ,NSE,NSE
2814721,10995,ISHAN-SM,0.05,48000,EQ,NSE,NSE
7743745,30249,ISHANCH,0.01,1,EQ,NSE,NSE
7947009,31043,ISIFAAFDG-SF,0.01,1,EQ,NSE,NSE
7956481,31080,ISIFAAFG-SF,0.01,1,EQ,NSE,NSE
194983169,761653,ISIFHLSDG-SF,0.01,1,EQ,NSE,NSE
194983681,761655,ISIFHLSG-SF,0.01,1,EQ,NSE,NSE
195767809,764718,ISTLTD,0.05,1,EQ,NSE,NSE
672513,2627,IT,0.01,1,EQ,NSE,NSE
4404993,17207,ITADD,0.01,1,EQ,NSE,NSE
5797121,22645,ITALIANE-SM,0.05,2000,EQ,NSE,NSE
770561,3010,ITAXIS,0.01,1,EQ,NSE,NSE
4885505,19084,ITBEES,0.01,1,EQ,NSE,NSE
2596097,10141,ITBEESINAV,0.01,1,EQ,NSE,NSE
5756929,22488,ITBETA,0.01,1,EQ,NSE,NSE
424961,1660,ITC,0.05,1,EQ,NSE,NSE
7488257,29251,ITCHOTELS,0.01,1,EQ,NSE,NSE
4940545,19299,ITDC,0.05,1,EQ,NSE,NSE
5026049,19633,ITETF,0.01,1,EQ,NSE,NSE
5028865,19644,ITETFINAV,0.01,1,EQ,NSE,NSE
428801,1675,ITI,0.05,1,EQ,NSE,NSE
5725441,22365,ITIETF,0.01,1,EQ,NSE,NSE
195769089,764723,ITL,0.05,1,EQ,NSE,NSE
6980097,27266,ITTL-ST,0.05,105,EQ,NSE,NSE
194314497,759041,IVALUE,0.05,1,EQ,NSE,NSE
1718017,6711,IVC,0.01,1,EQ,NSE,NSE
2267393,8857,IVP-BE,0.01,1,EQ,NSE,NSE
195926785,765339,IVZBANINAV,0.01,1,EQ,NSE,NSE
195924481,765330,IVZBANKNF,0.01,1,EQ,NSE,NSE
2108417,8236,IVZINGINAV,0.01,1,EQ,NSE,NSE
4682753,18292,IVZINGOLD,0.05,1,EQ,NSE,NSE
6199553,24217,IVZINNIFTY,0.01,1,EQ,NSE,NSE
2578177,10071,IVZINNINAV,0.01,1,EQ,NSE,NSE
195923713,765327,IVZSENSEX,0.01,1,EQ,NSE,NSE
195927041,765340,IVZSEXINAV,0.01,1,EQ,NSE,NSE
193956865,757644,IWARE-ST,0.05,600,EQ,NSE,NSE
195258113,762727,IWP,0.01,1,EQ,NSE,NSE
6161153,24067,IXIGO,0.01,1,EQ,NSE,NSE
3628545,14174,IZMO,0.05,1,EQ,NSE,NSE
1442049,5633,J&KBANK,0.01,1,EQ,NSE,NSE
3382017,13211,JAGRAN,0.01,1,EQ,NSE,NSE
1128961,4410,JAGSNPHARM,0.01,1,EQ,NSE,NSE
2881537,11256,JAIBALAJI,0.01,1,EQ,NSE,NSE
1316609,5143,JAICORPLTD,0.01,1,EQ,NSE,NSE
1539073,6012,JAINAM-SM,0.05,500,EQ,NSE,NSE
194125569,758303,JAINIK-SM,0.05,1200,EQ,NSE,NSE
194366465,759244,JAINREC,0.05,1,EQ,NSE,NSE
1412097,5516,JAIPURKURT,0.01,1,EQ,NSE,NSE
1011201,3950,JAKHARIA-ST,0.05,2400,EQ,NSE,NSE
5358081,20930,JALAN-ST,0.05,3000,EQ,NSE,NSE
5319169,20778,JAMNAAUTO,0.01,1,EQ,NSE,NSE
194547457,759951,JARO,0.05,1,EQ,NSE,NSE
3579393,13982,JASH,0.05,1,EQ,NSE,NSE
1034497,4041,JAYAGROGN,0.01,1,EQ,NSE,NSE
437249,1708,JAYBARMARU,0.01,1,EQ,NSE,NSE
6409473,25037,JAYBEE-SM,0.05,500,EQ,NSE,NSE
194344705,759159,JAYESH-SM,0.05,1000,EQ,NSE,NSE
194578689,760073,JAYKAY,0.01,1,EQ,NSE,NSE
596737,2331,JAYNECOIND,0.01,1,EQ,NSE,NSE
440321,1720,JAYSREETEA,0.01,1,EQ,NSE,NSE
2983681,11655,JBMA,0.05,1,EQ,NSE,NSE
195770369,764728,JENBURPH,0.1,1,EQ,NSE,NSE
1846017,7211,JETFREIGHT,0.01,1,EQ,NSE,NSE
4787201,18700,JETKNIT-ST,0.05,750,EQ,NSE,NSE
6438401,25150,JEYYAM-ST,0.05,2000,EQ,NSE,NSE
2786561,10885,JFLLIFE-SM,0.05,6000,EQ,NSE,NSE
5902337,23056,JGCHEM,0.05,1,EQ,NSE,NSE
3512321,13720,JHS,0.01,1,EQ,NSE,NSE
3006209,11743,JINDALPHOT,0.1,1,EQ,NSE,NSE
449537,1756,JINDALPOLY,0.05,1,EQ,NSE,NSE
774145,3024,JINDALSAW,0.05,1,EQ,NSE,NSE
1723649,6733,JINDALSTEL,0.1,1,EQ,NSE,NSE
3552001,13875,JINDRILL,0.05,1,EQ,NSE,NSE
5284353,20642,JINDWORLD,0.01,1,EQ,NSE,NSE
4644609,18143,JIOFIN,0.05,1,EQ,NSE,NSE
6575105,25684,JISLDVREQS,0.01,1,EQ,NSE,NSE
2661633,10397,JISLJALEQS,0.01,1,EQ,NSE,NSE
5040897,19691,JITFINFRA,0.05,1,EQ,NSE,NSE
4750849,18558,JIWANRAM-SM,0.05,6000,EQ,NSE,NSE
3397121,13270,JKCEMENT,0.5,1,EQ,NSE,NSE
3908097,15266,JKIL,0.05,1,EQ,NSE,NSE
194356481,759205,JKIPL,0.01,1,EQ,NSE,NSE
3453697,13491,JKLAKSHMI,0.05,1,EQ,NSE,NSE
3036161,11860,JKPAPER,0.05,1,EQ,NSE,NSE
3695361,14435,JKTYRE,0.05,1,EQ,NSE,NSE
4749569,18553,JLHL,0.05,1,EQ,NSE,NSE
1819905,7109,JMA,0.01,1,EQ,NSE,NSE
3491073,13637,JMFINANCIL,0.01,1,EQ,NSE,NSE
6046977,23621,JNKINDIA,0.05,1,EQ,NSE,NSE
195688449,764408,JNPR,0.01,1,EQ,NSE,NSE
4334337,16931,JOCIL-BE,0.01,1,EQ,NSE,NSE
8065793,31507,JPOLYINVST,0.1,1,EQ,NSE,NSE
3011329,11763,JPPOWER,0.01,1,EQ,NSE,NSE
5801729,22663,JSFB,0.05,1,EQ,NSE,NSE
2876417,11236,JSL,0.05,1,EQ,NSE,NSE
194077441,758115,JSLL,0.05,1,EQ,NSE,NSE
194165761,758460,JSWCEMENT,0.01,1,EQ,NSE,NSE
375553,1467,JSWDULUX,0.1,1,EQ,NSE,NSE
4574465,17869,JSWENERGY,0.05,1,EQ,NSE,NSE
3041281,11880,JSWHL,1,1,EQ,NSE,NSE
4869121,19020,JSWINFRA,0.05,1,EQ,NSE,NSE
3001089,11723,JSWSTEEL,0.1,1,EQ,NSE,NSE
828673,3237,JTEKTINDIA,0.01,1,EQ,NSE,NSE
1865473,7287,JTLIND,0.01,1,EQ,NSE,NSE
7575041,29590,JUBLCPL,0.1,1,EQ,NSE,NSE
4632577,18096,JUBLFOOD,0.05,1,EQ,NSE,NSE
712449,2783,JUBLINGREA,0.05,1,EQ,NSE,NSE
931073,3637,JUBLPHARMA,0.05,1,EQ,NSE,NSE
2800385,10939,JUNIORBEES,0.01,1,EQ,NSE,NSE
5842945,22824,JUNIPER,0.01,1,EQ,NSE,NSE
7670273,29962,JUSTDIAL,0.05,1,EQ,NSE,NSE
5177345,20224,JWL,0.05,1,EQ,NSE,NSE
3877377,15146,JYOTHYLAB,0.01,1,EQ,NSE,NSE
5461505,21334,JYOTICNC,0.05,1,EQ,NSE,NSE
194104577,758221,JYOTIGLOBL-SM,0.05,2000,EQ,NSE,NSE
195771649,764733,JYOTIRES,0.05,1,EQ,NSE,NSE
461313,1802,JYOTISTRUC,0.01,1,EQ,NSE,NSE
6006273,23462,K2INFRA-ST,0.05,600,EQ,NSE,NSE
462081,1805,KABRAEXTRU,0.05,1,EQ,NSE,NSE
462849,1808,KAJARIACER,0.1,1,EQ,NSE,NSE
463617,1811,KAKATCEM,0.01,1,EQ,NSE,NSE
4801281,18755,KALAMANDIR,0.01,1,EQ,NSE,NSE
6513409,25443,KALANA-SM,0.05,2000,EQ,NSE,NSE
194190849,758558,KALPATARU,0.05,1,EQ,NSE,NSE
5031169,19653,KALYANI-BE,0.01,1,EQ,NSE,NSE
3879937,15156,KALYANIFRG,0.05,1,EQ,NSE,NSE
756481,2955,KALYANKJIL,0.05,1,EQ,NSE,NSE
195259393,762732,KAMAHOLD,0.1,1,EQ,NSE,NSE
195772929,764738,KAMANWALA,0.01,1,EQ,NSE,NSE
467457,1826,KAMATHOTEL,0.01,1,EQ,NSE,NSE
3446017,13461,KAMDHENU-BE,0.01,1,EQ,NSE,NSE
3536385,13814,KAMOPAINTS,0.01,1,EQ,NSE,NSE
6601217,25786,KANANIIND,0.01,1,EQ,NSE,NSE
195260673,762737,KANCHI,0.05,1,EQ,NSE,NSE
195863041,765090,KANCOTEA,0.01,1,EQ,NSE,NSE
2869249,11208,KANDARP-SM,0.05,1000,EQ,NSE,NSE
2510081,9805,KANORICHEM-BE,0.01,1,EQ,NSE,NSE
456193,1782,KANPRPLA,0.01,1,EQ,NSE,NSE
306177,1196,KANSAINER,0.01,1,EQ,NSE,NSE
4855553,18967,KAPSTON,0.05,1,EQ,NSE,NSE
6242561,24385,KARMAENG,0.01,1,EQ,NSE,NSE
4983041,19465,KARNIKA-SM,0.05,1000,EQ,NSE,NSE
470529,1838,KARURVYSYA,0.05,1,EQ,NSE,NSE
6279169,24528,KATARIA-SM,0.05,600,EQ,NSE,NSE
3875841,15140,KAUSHALYA-BE,0.05,1,EQ,NSE,NSE
3902465,15244,KAVDEFENCE,0.01,1,EQ,NSE,NSE
2632193,10282,KAYA-BE,0.05,1,EQ,NSE,NSE
3095553,12092,KAYNES,0.1,1,EQ,NSE,NSE
194270209,758868,KAYTEX-SM,0.05,800,EQ,NSE,NSE
5420289,21173,KCEIL-SM,0.05,500,EQ,NSE,NSE
2635777,10296,KCK-ST,0.05,2500,EQ,NSE,NSE
471297,1841,KCP,0.01,1,EQ,NSE,NSE
2265345,8849,KCPSUGIND-BE,0.01,1,EQ,NSE,NSE
3816449,14908,KDDL,0.1,1,EQ,NSE,NSE
4290049,16758,KDL-SM,0.05,150,EQ,NSE,NSE
3394561,13260,KEC,0.05,1,EQ,NSE,NSE
4664321,18220,KECL,0.01,1,EQ,NSE,NSE
199169,778,KEEPLEARN,0.01,1,EQ,NSE,NSE
3407361,13310,KEI,0.1,1,EQ,NSE,NSE
3438081,13430,KELLTONTEC,0.01,1,EQ,NSE,NSE
7564033,29547,KEN-SM,0.05,1200,EQ,NSE,NSE
3031297,11841,KENNAMET,0.1,1,EQ,NSE,NSE
3358977,13121,KERNEX,0.1,1,EQ,NSE,NSE
1275137,4981,KESORAMIND-BE,0.01,1,EQ,NSE,NSE
1064193,4157,KEYFINSERV,0.05,1,EQ,NSE,NSE
3419905,13359,KFINTECH,0.05,1,EQ,NSE,NSE
110849,433,KHADIM-BE,0.01,1,EQ,NSE,NSE
229377,896,KHAICHEM,0.01,1,EQ,NSE,NSE
1001473,3912,KHAITANLTD,0.01,1,EQ,NSE,NSE
2468097,9641,KHANDSE,0.01,1,EQ,NSE,NSE
2449921,9570,KHFM-SM,0.05,1550,EQ,NSE,NSE
5406465,21119,KICL,0.5,1,EQ,NSE,NSE
5104897,19941,KILITCH-BE,0.01,1,EQ,NSE,NSE
1240833,4847,KIMS,0.05,1,EQ,NSE,NSE
4849665,18944,KINGFA,0.5,1,EQ,NSE,NSE
4896257,19126,KIOCL,0.05,1,EQ,NSE,NSE
195261953,762742,KIRANVYPAR,0.01,1,EQ,NSE,NSE
4259585,16639,KIRIINDUS,0.05,1,EQ,NSE,NSE
3703297,14466,KIRLFER,0.05,1,EQ,NSE,NSE
4756737,18581,KIRLOSBROS,0.1,1,EQ,NSE,NSE
5359617,20936,KIRLOSENG,0.1,1,EQ,NSE,NSE
4870401,19025,KIRLOSIND,0.1,1,EQ,NSE,NSE
3886081,15180,KIRLPNU,0.1,1,EQ,NSE,NSE
195403265,763294,KISSHT,0.05,1,EQ,NSE,NSE
7398145,28899,KITEX,0.01,1,EQ,NSE,NSE
195774209,764743,KJMCFIN,0.01,1,EQ,NSE,NSE
3425537,13381,KKCL,0.05,1,EQ,NSE,NSE
7473153,29192,KKJEWELS-SM,0.05,1000,EQ,NSE,NSE
4551937,17781,KKVAPOW-SM,0.05,171,EQ,NSE,NSE
195263233,762747,KLBRENG-B,0.05,1,EQ,NSE,NSE
5423617,21186,KLL-SM,0.05,800,EQ,NSE,NSE
195775489,764748,KMCSHIL,0.01,1,EQ,NSE,NSE
6933505,27084,KMEW,0.1,1,EQ,NSE,NSE
3754753,14667,KMSUGAR,0.01,1,EQ,NSE,NSE
195542785,763839,KNACK,0.01,1,EQ,NSE,NSE
194796289,760923,KNAGRI,0.01,1,EQ,NSE,NSE
3912449,15283,KNRCON,0.01,1,EQ,NSE,NSE
2693889,10523,KOCONSINAV,0.01,1,EQ,NSE,NSE
4801025,18754,KODYTECH-ST,0.05,100,EQ,NSE,NSE
770305,3009,KOHINOOR,0.01,1,EQ,NSE,NSE
2734081,10680,KOKMNCINAV,0.01,1,EQ,NSE,NSE
4307713,16827,KOKUYOCMLN,0.01,1,EQ,NSE,NSE
3871745,15124,KOLTEPATIL,0.05,1,EQ,NSE,NSE
5753601,22475,KONSTELEC-ST,0.05,1000,EQ,NSE,NSE
4937473,19287,KONTOR-SM,0.05,600,EQ,NSE,NSE
491265,1919,KOPRAN,0.01,1,EQ,NSE,NSE
2787585,10889,KORE-SM,0.05,250,EQ,NSE,NSE
2580481,10080,KOTAKAINAV,0.01,1,EQ,NSE,NSE
492033,1922,KOTAKBANK,0.05,1,EQ,NSE,NSE
2579201,10075,KOTAKBINAV,0.01,1,EQ,NSE,NSE
2112513,8252,KOTAKGINAV,0.01,1,EQ,NSE,NSE
2579969,10078,KOTAKIINAV,0.01,1,EQ,NSE,NSE
2580993,10082,KOTAKLINAV,0.01,1,EQ,NSE,NSE
2580225,10079,KOTAKMINAV,0.01,1,EQ,NSE,NSE
2580737,10081,KOTAKNINAV,0.01,1,EQ,NSE,NSE
2579713,10077,KOTAKPINAV,0.01,1,EQ,NSE,NSE
3350785,13089,KOTAKSINAV,0.01,1,EQ,NSE,NSE
2579457,10076,KOTAKVINAV,0.01,1,EQ,NSE,NSE
2981889,11648,KOTARISUG-BE,0.01,1,EQ,NSE,NSE
1176065,4594,KOTHARIPET,0.01,1,EQ,NSE,NSE
1415169,5528,KOTHARIPRO,0.01,1,EQ,NSE,NSE
195264513,762752,KOTIC,0.01,1,EQ,NSE,NSE
3572737,13956,KOTLIQINAV,0.01,1,EQ,NSE,NSE
194902273,761337,KOTYARK-BE,0.01,1,EQ,NSE,NSE
1329153,5192,KOVAI,0.5,1,EQ,NSE,NSE
6932225,27079,KPEL,0.05,1,EQ,NSE,NSE
1307649,5108,KPIGREEN,0.05,1,EQ,NSE,NSE
464385,1814,KPIL,0.1,1,EQ,NSE,NSE
2478849,9683,KPITTECH,0.05,1,EQ,NSE,NSE
195265793,762757,KPL,0.1,1,EQ,NSE,NSE
3817473,14912,KPRMILL,0.1,1,EQ,NSE,NSE
2707713,10577,KRBL,0.05,1,EQ,NSE,NSE
495873,1937,KREBSBIO,0.01,1,EQ,NSE,NSE
2940929,11488,KRIDHANINF-BE,0.01,1,EQ,NSE,NSE
3288833,12847,KRISHANA,0.01,1,EQ,NSE,NSE
4130049,16133,KRISHCA-SM,0.05,500,EQ,NSE,NSE
193736193,756782,KRISHIVAL,0.05,1,EQ,NSE,NSE
194865153,761192,KRISHNADEF,0.1,1,EQ,NSE,NSE
1642753,6417,KRITI,0.01,1,EQ,NSE,NSE
2377729,9288,KRITIKA,0.01,1,EQ,NSE,NSE
2926593,11432,KRITINUT,0.01,1,EQ,NSE,NSE
194719745,760624,KRMAYURVED-SM,0.05,1000,EQ,NSE,NSE
6564609,25643,KRN,0.1,1,EQ,NSE,NSE
6150657,24026,KRONOX-BE,0.01,1,EQ,NSE,NSE
6464513,25252,KROSS,0.01,1,EQ,NSE,NSE
1371905,5359,KRSNAA,0.05,1,EQ,NSE,NSE
194158337,758431,KRT-RR,0.01,1,EQ,NSE,NSE
5932801,23175,KRYSTAL,0.05,1,EQ,NSE,NSE
498945,1949,KSB,0.05,1,EQ,NSE,NSE
3832833,14972,KSCL,0.05,1,EQ,NSE,NSE
195776769,764753,KSE,0.01,1,EQ,NSE,NSE
194670849,760433,KSHINTL,0.05,1,EQ,NSE,NSE
195944705,765409,KSHITIJ-RE-BE,0.01,1,EQ,NSE,NSE
2664193,10407,KSHITIJPOL,0.01,1,EQ,NSE,NSE
4835585,18889,KSL,0.05,1,EQ,NSE,NSE
2831361,11060,KSOLVES,0.05,1,EQ,NSE,NSE
194556673,759987,KSR,0.01,1,EQ,NSE,NSE
2061825,8054,KTKBANK,0.05,1,EQ,NSE,NSE
3550721,13870,KUANTUM,0.01,1,EQ,NSE,NSE
195613697,764116,KUSUMGAR,0.05,1,EQ,NSE,NSE
194802177,760946,KWIL,0.01,1,EQ,NSE,NSE
195778049,764758,LADDERUP,0.01,1,EQ,NSE,NSE
1501441,5865,LAGNAM,0.01,1,EQ,NSE,NSE
195267073,762762,LAHOTIOV,0.01,1,EQ,NSE,NSE
1222145,4774,LAKPRE-BZ,0.01,1,EQ,NSE,NSE
195779329,764763,LAKSHMIMIL,0.5,1,EQ,NSE,NSE
6620161,25860,LAKSHYA-SM,0.05,800,EQ,NSE,NSE
3820545,14924,LAL,0.01,1,EQ,NSE,NSE
195932417,765361,LALITHAA,0.01,1,EQ,NSE,NSE
2983425,11654,LALPATHLAB,0.1,1,EQ,NSE,NSE
1640193,6407,LAMBODHARA,0.01,1,EQ,NSE,NSE
6969601,27225,LAMOSAIC-ST,0.05,600,EQ,NSE,NSE
2404353,9392,LANCER,0.01,1,EQ,NSE,NSE
5894913,23027,LANCORHOL,0.01,1,EQ,NSE,NSE
3398657,13276,LANDMARK,0.05,1,EQ,NSE,NSE
4448257,17376,LANDSMILL,0.01,1,EQ,NSE,NSE
3692289,14423,LAOPALA,0.01,1,EQ,NSE,NSE
195920129,765313,LARGEMID50,0.01,1,EQ,NSE,NSE
5558529,21713,LASA,0.01,1,EQ,NSE,NSE
195616257,764126,LASERPOWER,0.05,1,EQ,NSE,NSE
1745409,6818,LATENTVIEW,0.05,1,EQ,NSE,NSE
4055041,15840,LATTEYS,0.01,1,EQ,NSE,NSE
4923905,19234,LAURUSLABS,0.1,1,EQ,NSE,NSE
1681409,6568,LAXMICOT,0.01,1,EQ,NSE,NSE
7467777,29171,LAXMIDENTL,0.01,1,EQ,NSE,NSE
194268929,758863,LAXMIINDIA,0.01,1,EQ,NSE,NSE
1927425,7529,LCCINFOTEC,0.01,1,EQ,NSE,NSE
195659777,764296,LCL,0.05,1,EQ,NSE,NSE
195530497,763791,LDL30-N0,0.01,1,EQ,NSE,NSE
195717889,764523,LEAPIND,0.01,1,EQ,NSE,NSE
195864321,765095,LEENEE,0.01,1,EQ,NSE,NSE
194636801,760300,LEMERITE,0.01,1,EQ,NSE,NSE
667137,2606,LEMONTREE,0.01,1,EQ,NSE,NSE
194458881,759605,LENSKART,0.05,1,EQ,NSE,NSE
3701505,14459,LEXUS,0.01,1,EQ,NSE,NSE
2022913,7902,LFIC,0.01,1,EQ,NSE,NSE
4690177,18321,LGBBROSLTD,0.1,1,EQ,NSE,NSE
194614529,760213,LGEINDIA,0.1,1,EQ,NSE,NSE
5088257,19876,LGHL,0.01,1,EQ,NSE,NSE
2836993,11082,LIBAS,0.01,1,EQ,NSE,NSE
510465,1994,LIBERTSHOE,0.05,1,EQ,NSE,NSE
511233,1997,LICHSGFIN,0.05,1,EQ,NSE,NSE
2426881,9480,LICI,0.05,1,EQ,NSE,NSE
6563841,25640,LICMFGOLD,0.05,1,EQ,NSE,NSE
2585089,10098,LICN50INAV,0.01,1,EQ,NSE,NSE
1551873,6062,LICNETFGSC,0.01,1,EQ,NSE,NSE
2897665,11319,LICNETFN50,0.01,1,EQ,NSE,NSE
2928897,11441,LICNETFSEN,0.01,1,EQ,NSE,NSE
2586625,10104,LICNETINAV,0.01,1,EQ,NSE,NSE
3898625,15229,LICNFNHGP,0.01,1,EQ,NSE,NSE
2581761,10085,LICNFNINAV,0.01,1,EQ,NSE,NSE
2585857,10101,LICNGSINAV,0.01,1,EQ,NSE,NSE
5818625,22729,LICNMDINAV,0.01,1,EQ,NSE,NSE
5816833,22722,LICNMID100,0.01,1,EQ,NSE,NSE
147969,578,LIKHITHA,0.01,1,EQ,NSE,NSE
1779457,6951,LINC,0.01,1,EQ,NSE,NSE
2968577,11596,LINCOLN,0.05,1,EQ,NSE,NSE
416513,1627,LINDEINDIA,0.5,1,EQ,NSE,NSE
5994497,23416,LIQADDINAV,0.01,1,EQ,NSE,NSE
195633153,764192,LIQBTAINAV,0.01,1,EQ,NSE,NSE
5573633,21772,LIQCASINAV,0.01,1,EQ,NSE,NSE
6123009,23918,LIQETFINAV,0.01,1,EQ,NSE,NSE
7816193,30532,LIQGRBINAV,0.01,1,EQ,NSE,NSE
193977601,757725,LIQGRWBEES,0.01,1,EQ,NSE,NSE
4499201,17575,LIQIDINAV,0.01,1,EQ,NSE,NSE
6931969,27078,LIQPLSINAV,0.01,1,EQ,NSE,NSE
5047041,19715,LIQSBIINAV,0.01,1,EQ,NSE,NSE
6240513,24377,LIQSHRINAV,0.01,1,EQ,NSE,NSE
4498433,17572,LIQUID,0.01,1,EQ,NSE,NSE
3571201,13950,LIQUID1,0.01,1,EQ,NSE,NSE
5992193,23407,LIQUIDADD,0.01,1,EQ,NSE,NSE
2817537,11006,LIQUIDBEES,0.01,1,EQ,NSE,NSE
195630081,764180,LIQUIDBETA,0.01,1,EQ,NSE,NSE
6122241,23915,LIQUIDBETF,0.01,1,EQ,NSE,NSE
5568001,21750,LIQUIDCASE,0.01,1,EQ,NSE,NSE
493313,1927,LIQUIDETF,0.01,1,EQ,NSE,NSE
1238529,4838,LIQUIDIETF,0.01,1,EQ,NSE,NSE
2593793,10132,LIQUIDINAV,0.01,1,EQ,NSE,NSE
6931201,27075,LIQUIDPLUS,0.01,1,EQ,NSE,NSE
5044481,19705,LIQUIDSBI,0.01,1,EQ,NSE,NSE
6239745,24374,LIQUIDSHRI,0.01,1,EQ,NSE,NSE
2561793,10007,LIQUIEINAV,0.01,1,EQ,NSE,NSE
195865601,765100,LKPSEC,0.01,1,EQ,NSE,NSE
2936833,11472,LLOYDS-SM,0.05,1000,EQ,NSE,NSE
4557057,17801,LLOYDSENGG,0.01,1,EQ,NSE,NSE
6606593,25807,LLOYDSENT,0.01,1,EQ,NSE,NSE
4432129,17313,LLOYDSME,0.1,1,EQ,NSE,NSE
506625,1979,LMW,1,1,EQ,NSE,NSE
824321,3220,LODHA,0.1,1,EQ,NSE,NSE
3439617,13436,LOKESHMACH,0.05,1,EQ,NSE,NSE
4667393,18232,LORDSCHLO,0.01,1,EQ,NSE,NSE
195780609,764768,LOTUSCHO,0.05,1,EQ,NSE,NSE
194085633,758147,LOTUSDEV-BE,0.01,1,EQ,NSE,NSE
4302593,16807,LOTUSEYE,0.01,1,EQ,NSE,NSE
5738241,22415,LOVABLE,0.01,1,EQ,NSE,NSE
3785217,14786,LOWVOL,0.01,1,EQ,NSE,NSE
2209793,8632,LOWVOL1,0.01,1,EQ,NSE,NSE
5441025,21254,LOWVOLIETF,0.01,1,EQ,NSE,NSE
2711041,10590,LOYALTEX,0.01,1,EQ,NSE,NSE
4316929,16863,LPDC,0.01,1,EQ,NSE,NSE
195921665,765319,LRMD50INAV,0.01,1,EQ,NSE,NSE
3636225,14204,LRRPL-SM,0.05,1500,EQ,NSE,NSE
2939649,11483,LT,0.1,1,EQ,NSE,NSE
7817985,30539,LTCASEINAV,0.01,1,EQ,NSE,NSE
6386689,24948,LTF,0.05,1,EQ,NSE,NSE
194190337,758556,LTFL28-N0,0.01,1,EQ,NSE,NSE
3536897,13816,LTFOODS,0.05,1,EQ,NSE,NSE
4531201,17700,LTGILTBEES,0.01,1,EQ,NSE,NSE
194228481,758705,LTGILTCASE,0.01,1,EQ,NSE,NSE
2594049,10133,LTGILTINAV,0.01,1,EQ,NSE,NSE
4561409,17818,LTM,0.1,1,EQ,NSE,NSE
4752385,18564,LTTS,0.1,1,EQ,NSE,NSE
516609,2018,LUMAXIND,0.5,1,EQ,NSE,NSE
3587585,14014,LUMAXTECH,0.1,1,EQ,NSE,NSE
2672641,10440,LUPIN,0.1,1,EQ,NSE,NSE
2893057,11301,LUXIND,0.1,1,EQ,NSE,NSE
727297,2841,LXCHEM,0.01,1,EQ,NSE,NSE
1855489,7248,LYKALABS-BE,0.01,1,EQ,NSE,NSE
519937,2031,M&M,0.1,1,EQ,NSE,NSE
3400961,13285,M&MFIN,0.05,1,EQ,NSE,NSE
3844353,15017,MAANALU,0.01,1,EQ,NSE,NSE
6283521,24545,MACOBSTECH-SM,0.05,800,EQ,NSE,NSE
5720833,22347,MACPOWER,0.1,1,EQ,NSE,NSE
3878657,15151,MADHAV,0.01,1,EQ,NSE,NSE
2115073,8262,MADHAVBAUG-ST,0.05,400,EQ,NSE,NSE
195268353,762767,MADHAVIPL,0.01,1,EQ,NSE,NSE
3499009,13668,MADHUCON-BE,0.01,1,EQ,NSE,NSE
4796929,18738,MADHUSUDAN-ST,0.05,1000,EQ,NSE,NSE
1257217,4911,MADRASFERT,0.01,1,EQ,NSE,NSE
2590721,10120,MAESGEINAV,0.01,1,EQ,NSE,NSE
897793,3507,MAFANG,0.01,1,EQ,NSE,NSE
2590209,10118,MAFANGINAV,0.01,1,EQ,NSE,NSE
195269633,762772,MAFATIND,0.01,1,EQ,NSE,NSE
2587649,10108,MAFSETINAV,0.01,1,EQ,NSE,NSE
3827969,14953,MAG813INAV,0.01,1,EQ,NSE,NSE
5476353,21392,MAGADSUGAR,0.05,1,EQ,NSE,NSE
3828993,14957,MAGNUM,0.01,1,EQ,NSE,NSE
3657985,14289,MAGOLDINAV,0.05,1,EQ,NSE,NSE
3658241,14290,MAGOLDINAV-RL,0.05,1,EQ,NSE,NSE
4374529,17088,MAGSON-SM,0.05,1000,EQ,NSE,NSE
2912513,11377,MAHABANK,0.01,1,EQ,NSE,NSE
1341185,5239,MAHAPEXLTD,0.01,1,EQ,NSE,NSE
4487937,17531,MAHASTEEL-BE,0.1,1,EQ,NSE,NSE
4506369,17603,MAHEPC,0.01,1,EQ,NSE,NSE
2451713,9577,MAHESHWARI-BE,0.01,1,EQ,NSE,NSE
726785,2839,MAHICKRA-SM,0.05,750,EQ,NSE,NSE
1810945,7074,MAHKTECH,0.01,1,EQ,NSE,NSE
2586881,10105,MAHKTEINAV,0.01,1,EQ,NSE,NSE
2060801,8050,MAHLIFE,0.05,1,EQ,NSE,NSE
98561,385,MAHLOG,0.05,1,EQ,NSE,NSE
533761,2085,MAHSCOOTER,1,1,EQ,NSE,NSE
534529,2088,MAHSEAMLES,0.05,1,EQ,NSE,NSE
6281729,24538,MAITHANALL,0.05,1,EQ,NSE,NSE
5071105,19809,MAITREYA-SM,0.05,400,EQ,NSE,NSE
195271681,762780,MAJESAUT-BE,0.05,1,EQ,NSE,NSE
2042625,7979,MAKEINDIA,0.01,1,EQ,NSE,NSE
195781889,764773,MAKERSL,0.01,1,EQ,NSE,NSE
2871809,11218,MAKS-SM,0.05,1500,EQ,NSE,NSE
4898305,19134,MAL-SM,0.05,1600,EQ,NSE,NSE
2039041,7965,MALLCOM,0.05,1,EQ,NSE,NSE
3418113,13352,MALUPAPER,0.01,1,EQ,NSE,NSE
2588161,10110,MAM150INAV,0.01,1,EQ,NSE,NSE
7343873,28687,MAMATA,0.05,1,EQ,NSE,NSE
2587905,10109,MAMFGEINAV,0.01,1,EQ,NSE,NSE
2587137,10106,MAN50EINAV,0.01,1,EQ,NSE,NSE
1899521,7420,MANAKALUCO,0.01,1,EQ,NSE,NSE
1897729,7413,MANAKCOAT,0.01,1,EQ,NSE,NSE
3890945,15199,MANAKSIA,0.01,1,EQ,NSE,NSE
1910529,7463,MANAKSTEEL,0.01,1,EQ,NSE,NSE
3531777,13796,MANALIPETC,0.01,1,EQ,NSE,NSE
4879617,19061,MANAPPURAM,0.05,1,EQ,NSE,NSE
5554433,21697,MANAV-SM,0.05,4000,EQ,NSE,NSE
6552833,25597,MANBA,0.01,1,EQ,NSE,NSE
195866881,765105,MANBRO,0.01,1,EQ,NSE,NSE
6354689,24823,MANCREDIT,0.01,1,EQ,NSE,NSE
6087425,23779,MANDEEP-SM,0.05,2000,EQ,NSE,NSE
3025153,11817,MANGALAM,0.01,1,EQ,NSE,NSE
539137,2106,MANGLMCEM,0.05,1,EQ,NSE,NSE
194604545,760174,MANILAM-SM,0.05,2000,EQ,NSE,NSE
3042305,11884,MANINDS,0.05,1,EQ,NSE,NSE
4665857,18226,MANINFRA,0.01,1,EQ,NSE,NSE
195675393,764357,MANIPALHOS,0.05,1,EQ,NSE,NSE
3937281,15380,MANKIND,0.1,1,EQ,NSE,NSE
3520769,13753,MANOMAY,0.01,1,EQ,NSE,NSE
2618113,10227,MANORAMA,0.1,1,EQ,NSE,NSE
1644033,6422,MANORG,0.05,1,EQ,NSE,NSE
194218753,758667,MANUFGBEES,0.01,1,EQ,NSE,NSE
3475201,13575,MANUGRAPH-BE,0.01,1,EQ,NSE,NSE
2589953,10117,MANXT5INAV,0.01,1,EQ,NSE,NSE
2090753,8167,MANYAVAR,0.05,1,EQ,NSE,NSE
1850113,7227,MAPMYINDIA,0.1,1,EQ,NSE,NSE
540673,2112,MARALOVER,0.01,1,EQ,NSE,NSE
4776705,18659,MARATHON,0.05,1,EQ,NSE,NSE
194675969,760453,MARC-SM,0.05,1200,EQ,NSE,NSE
4805889,18773,MARCO-SM,0.05,1500,EQ,NSE,NSE
1041153,4067,MARICO,0.05,1,EQ,NSE,NSE
339969,1328,MARINE,0.05,1,EQ,NSE,NSE
5225985,20414,MARINETRAN-ST,0.05,4000,EQ,NSE,NSE
194612225,760204,MARKOLINES,0.01,1,EQ,NSE,NSE
2708225,10579,MARKSANS,0.05,1,EQ,NSE,NSE
194914817,761386,MARSONS,0.01,1,EQ,NSE,NSE
194826753,761042,MARUSHIKA-SM,0.05,1200,EQ,NSE,NSE
2815745,10999,MARUTI,1,1,EQ,NSE,NSE
50945,199,MASFIN,0.05,1,EQ,NSE,NSE
4295681,16780,MASILINAV,0.01,1,EQ,NSE,NSE
4794113,18727,MASKINVEST,0.01,1,EQ,NSE,NSE
6215169,24278,MASON-SM,0.05,500,EQ,NSE,NSE
2590465,10119,MASPTOINAV,0.01,1,EQ,NSE,NSE
1480193,5782,MASPTOP50,0.01,1,EQ,NSE,NSE
543745,2124,MASTEK,0.1,1,EQ,NSE,NSE
4866817,19011,MASTER-SM,0.05,500,EQ,NSE,NSE
6924033,27047,MASTERTR,0.01,1,EQ,NSE,NSE
5561857,21726,MATRIMONY,0.05,1,EQ,NSE,NSE
4357633,17022,MAWANASUG,0.01,1,EQ,NSE,NSE
5029377,19646,MAXESTATES,0.05,1,EQ,NSE,NSE
5728513,22377,MAXHEALTH,0.1,1,EQ,NSE,NSE
5741569,22428,MAXIND,0.01,1,EQ,NSE,NSE
5552897,21691,MAXPOSURE-SM,0.05,1000,EQ,NSE,NSE
7589121,29645,MAXVOLT-SM,0.05,400,EQ,NSE,NSE
193942273,757587,MAYASHEEL-SM,0.05,3000,EQ,NSE,NSE
7399937,28906,MAYURUNIQ,0.05,1,EQ,NSE,NSE
4830721,18870,MAZDA-BE,0.01,1,EQ,NSE,NSE
130305,509,MAZDOCK,0.1,1,EQ,NSE,NSE
3247617,12686,MBAPL,0.01,1,EQ,NSE,NSE
194086401,758150,MBEL,0.05,1,EQ,NSE,NSE
4615425,18029,MBLINFRA,0.01,1,EQ,NSE,NSE
195272193,762782,MCCHRLS-B,0.05,1,EQ,NSE,NSE
5724161,22360,MCL,0.01,1,EQ,NSE,NSE
3057409,11943,MCLEODRUSS,0.01,1,EQ,NSE,NSE
7547393,29482,MCLOUD,0.01,1,EQ,NSE,NSE
3730945,14574,MCON-SM,0.05,1000,EQ,NSE,NSE
7982337,31181,MCX,0.1,1,EQ,NSE,NSE
6166273,24087,MD150CINAV,0.01,1,EQ,NSE,NSE
546049,2133,MDL-ST,0.05,1000,EQ,NSE,NSE
3060737,11956,MEDANTA,0.1,1,EQ,NSE,NSE
5556481,21705,MEDIASSIST,0.05,1,EQ,NSE,NSE
1607169,6278,MEDICAMEQ,0.01,1,EQ,NSE,NSE
195868161,765110,MEDICAPQ,0.01,1,EQ,NSE,NSE
2474753,9667,MEDICO,0.01,1,EQ,NSE,NSE
6205185,24239,MEDIORG-SM,0.05,2000,EQ,NSE,NSE
194156289,758423,MEDISTEP-SM,0.05,3000,EQ,NSE,NSE
1857025,7254,MEDPLUS,0.05,1,EQ,NSE,NSE
194618625,760229,MEESHO,0.01,1,EQ,NSE,NSE
2808577,10971,MEGAFLEX-SM,0.05,1000,EQ,NSE,NSE
2087169,8153,MEGASTAR,0.05,1,EQ,NSE,NSE
5775361,22560,MEGATHERM-SM,0.05,400,EQ,NSE,NSE
194239489,758748,MEIL,0.05,1,EQ,NSE,NSE
195273473,762787,MENNPIS,0.01,1,EQ,NSE,NSE
1784577,6971,MENONBE-BE,0.01,1,EQ,NSE,NSE
6625793,25882,MEP-BZ,0.01,1,EQ,NSE,NSE
195274753,762792,MERCANTILE,0.01,1,EQ,NSE,NSE
195497729,763663,MERCURYEV,0.01,1,EQ,NSE,NSE
6590465,25744,METAL,0.01,1,EQ,NSE,NSE
195655169,764278,METALIC-ST,0.05,1600,EQ,NSE,NSE
6364417,24861,METALIETF,0.01,1,EQ,NSE,NSE
6368257,24876,METALIINAV,0.01,1,EQ,NSE,NSE
6591233,25747,METALINAV,0.01,1,EQ,NSE,NSE
1853953,7242,METROBRAND,0.1,1,EQ,NSE,NSE
195276033,762797,METROGLOBL,0.01,1,EQ,NSE,NSE
2452737,9581,METROPOLIS,0.05,1,EQ,NSE,NSE
195490305,763634,MFL29-N0,0.01,1,EQ,NSE,NSE
195674369,764353,MFL29A-N0,0.01,1,EQ,NSE,NSE
6383873,24937,MFML,0.01,1,EQ,NSE,NSE
548353,2142,MFSL,0.1,1,EQ,NSE,NSE
7818497,30541,MGBEESINAV,0.01,1,EQ,NSE,NSE
409089,1598,MGEL-BE,0.01,1,EQ,NSE,NSE
4488705,17534,MGL,0.1,1,EQ,NSE,NSE
194545921,759945,MGSL-SM,0.05,1200,EQ,NSE,NSE
365057,1426,MHHL-SM,0.05,1500,EQ,NSE,NSE
7824897,30566,MHLSDD-SF,0.01,1,EQ,NSE,NSE
7825409,30568,MHLSDDR-SF,0.01,1,EQ,NSE,NSE
7824385,30564,MHLSDG-SF,0.01,1,EQ,NSE,NSE
7823361,30560,MHLSRD-SF,0.01,1,EQ,NSE,NSE
7823873,30562,MHLSRDR-SF,0.01,1,EQ,NSE,NSE
7822849,30558,MHLSRG-SF,0.01,1,EQ,NSE,NSE
2019585,7889,MHLXMIRU-BE,0.01,1,EQ,NSE,NSE
4437249,17333,MHRIL,0.01,1,EQ,NSE,NSE
1834241,7165,MICEL-BE,0.01,1,EQ,NSE,NSE
5091073,19887,MICROPRO-SM,0.05,1600,EQ,NSE,NSE
7800065,30469,MID150,0.01,1,EQ,NSE,NSE
2177537,8506,MID150BEES,0.01,1,EQ,NSE,NSE
6163713,24077,MID150CASE,0.01,1,EQ,NSE,NSE
2594305,10134,MID150INAV,0.01,1,EQ,NSE,NSE
7801601,30475,MID15INAV,0.01,1,EQ,NSE,NSE
7830273,30587,MIDADDINAV,0.01,1,EQ,NSE,NSE
195693569,764428,MIDBANKADD,0.01,1,EQ,NSE,NSE
195694849,764433,MIDBKDINAV,0.01,1,EQ,NSE,NSE
2067713,8077,MIDCAP,0.01,1,EQ,NSE,NSE
194651137,760356,MIDCAPADD,0.01,1,EQ,NSE,NSE
4696833,18347,MIDCAPBETA,0.01,1,EQ,NSE,NSE
2153729,8413,MIDCAPETF,0.01,1,EQ,NSE,NSE
4390913,17152,MIDCAPIETF,0.01,1,EQ,NSE,NSE
630529,2463,MIDHANI,0.05,1,EQ,NSE,NSE
1908737,7456,MIDQ50ADD,0.01,1,EQ,NSE,NSE
4531713,17702,MIDSELIETF,0.01,1,EQ,NSE,NSE
6107649,23858,MIDSMAINAV,0.01,1,EQ,NSE,NSE
6106881,23855,MIDSMALL,0.01,1,EQ,NSE,NSE
194436353,759517,MIDWESTLTD,0.1,1,EQ,NSE,NSE
6305025,24629,MIEL-SM,0.05,2000,EQ,NSE,NSE
195783169,764778,MIIL,0.05,1,EQ,NSE,NSE
195909633,765272,MILKYMIST,0.01,1,EQ,NSE,NSE
40705,159,MILTON-SM,0.05,2200,EQ,NSE,NSE
195870209,765118,MINALIND-BE,0.01,1,EQ,NSE,NSE
6629633,25897,MINDACORP,0.05,1,EQ,NSE,NSE
2278401,8900,MINDPOOL-SM,0.05,1000,EQ,NSE,NSE
5710849,22308,MINDSPACE-RR,0.01,1,EQ,NSE,NSE
4620545,18049,MINDTECK,0.01,1,EQ,NSE,NSE
7809025,30504,MINFRAINAV,0.01,1,EQ,NSE,NSE
1124865,4394,MIRZAINT,0.01,1,EQ,NSE,NSE
2169601,8475,MITCON-BE,0.01,1,EQ,NSE,NSE
4751873,18562,MITTAL,0.01,1,EQ,NSE,NSE
195870721,765120,MKEXIM,0.01,1,EQ,NSE,NSE
4284417,16736,MKPL,0.01,1,EQ,NSE,NSE
195872001,765125,MLKFOOD,0.01,1,EQ,NSE,NSE
193999361,757810,MMEL-SM,0.05,2000,EQ,NSE,NSE
3544065,13844,MMFL,0.05,1,EQ,NSE,NSE
4197121,16395,MMP,0.05,1,EQ,NSE,NSE
4596993,17957,MMTC,0.01,1,EQ,NSE,NSE
195277313,762802,MMWL,0.01,1,EQ,NSE,NSE
2733057,10676,MNC,0.01,1,EQ,NSE,NSE
3791617,14811,MNV30FINAV,0.01,1,EQ,NSE,NSE
193963265,757669,MOALPHA50,0.01,1,EQ,NSE,NSE
7815425,30529,MOALPHINAV,0.01,1,EQ,NSE,NSE
194993409,761693,MOBANK10,0.01,1,EQ,NSE,NSE
7179777,28046,MOBIKWIK,0.01,1,EQ,NSE,NSE
194610177,760196,MOBILISE-SM,0.05,1600,EQ,NSE,NSE
7838721,30620,MOBK10INAV,0.01,1,EQ,NSE,NSE
7697409,30068,MOCAPIINAV,0.01,1,EQ,NSE,NSE
7696641,30065,MOCAPITAL,0.01,1,EQ,NSE,NSE
6385665,24944,MODEFENCE,0.01,1,EQ,NSE,NSE
6386433,24947,MODEFINAV,0.01,1,EQ,NSE,NSE
194630913,760277,MODINATUR,0.05,1,EQ,NSE,NSE
570625,2229,MODIRUBBER,0.01,1,EQ,NSE,NSE
194496513,759752,MODIS,0.05,1,EQ,NSE,NSE
848897,3316,MODISONLTD,0.05,1,EQ,NSE,NSE
573697,2241,MODTHREAD,0.01,1,EQ,NSE,NSE
194399745,759374,MOENERGY,0.01,1,EQ,NSE,NSE
7821057,30551,MOENERINAV,0.01,1,EQ,NSE,NSE
193994497,757791,MOGOLD,0.05,1,EQ,NSE,NSE
7816449,30533,MOGOLDINAV,0.05,1,EQ,NSE,NSE
385793,1507,MOGSEC,0.01,1,EQ,NSE,NSE
2590977,10121,MOGSECINAV,0.01,1,EQ,NSE,NSE
2690049,10508,MOHEALTH,0.01,1,EQ,NSE,NSE
195873281,765130,MOHITE,0.01,1,EQ,NSE,NSE
7532289,29423,MOHITIND,0.01,1,EQ,NSE,NSE
2708993,10582,MOHLTHINAV,0.01,1,EQ,NSE,NSE
5332481,20830,MOIL,0.05,1,EQ,NSE,NSE
193799937,757031,MOINFRA,0.01,1,EQ,NSE,NSE
194532097,759891,MOIPO,0.01,1,EQ,NSE,NSE
7827457,30576,MOIPOINAV,0.01,1,EQ,NSE,NSE
918017,3586,MOKSH,0.01,1,EQ,NSE,NSE
1380865,5394,MOL,0.01,1,EQ,NSE,NSE
195724289,764548,MOLBIO,0.05,1,EQ,NSE,NSE
4513025,17629,MOLDTECH-BE,0.01,1,EQ,NSE,NSE
1718529,6713,MOLDTKPAC,0.05,1,EQ,NSE,NSE
2593537,10131,MOLOWVINAV,0.01,1,EQ,NSE,NSE
2215425,8654,MOLOWVOL,0.01,1,EQ,NSE,NSE
5484289,21423,MOM100,0.01,1,EQ,NSE,NSE
2591233,10122,MOM100INAV,0.01,1,EQ,NSE,NSE
2709761,10585,MOM30IETF,0.01,1,EQ,NSE,NSE
4937985,19289,MOM50,0.01,1,EQ,NSE,NSE
2592513,10127,MOM50INAV,0.01,1,EQ,NSE,NSE
195635713,764202,MOMCAPINAV,0.01,1,EQ,NSE,NSE
7821313,30552,MOME30INAV,0.01,1,EQ,NSE,NSE
6558977,25621,MOME50INAV,0.01,1,EQ,NSE,NSE
2737409,10693,MOMENTUM,0.01,1,EQ,NSE,NSE
194428929,759488,MOMENTUM30,0.01,1,EQ,NSE,NSE
6555137,25606,MOMENTUM50,0.01,1,EQ,NSE,NSE
195686913,764402,MOMETAL,0.01,1,EQ,NSE,NSE
193817345,757099,MOMGF,0.01,1,EQ,NSE,NSE
7809793,30507,MOMGFINAV,0.01,1,EQ,NSE,NSE
7814657,30526,MOMIDMINAV,0.01,1,EQ,NSE,NSE
194001153,757817,MOMIDMTM,0.01,1,EQ,NSE,NSE
195634689,764198,MOMMIDCAP,0.01,1,EQ,NSE,NSE
194573825,760054,MOMNC,0.01,1,EQ,NSE,NSE
7828993,30582,MOMNCINAV,0.01,1,EQ,NSE,NSE
2743041,10715,MOMNTMINAV,0.01,1,EQ,NSE,NSE
2593025,10129,MOMOMEINAV,0.01,1,EQ,NSE,NSE
2094593,8182,MOMOMENTUM,0.01,1,EQ,NSE,NSE
195689729,764413,MOMTALINAV,0.01,1,EQ,NSE,NSE
5821185,22739,MON100,0.01,1,EQ,NSE,NSE
2593281,10130,MON100INAV,0.01,1,EQ,NSE,NSE
4927489,19248,MON500INAV,0.01,1,EQ,NSE,NSE
7808257,30501,MON50EINAV,0.01,1,EQ,NSE,NSE
193766401,756900,MON50EQUAL,0.01,1,EQ,NSE,NSE
1965825,7679,MONARCH,0.05,1,EQ,NSE,NSE
193834753,757167,MONEXT50,0.01,1,EQ,NSE,NSE
194401537,759381,MONEYBOXX,0.01,1,EQ,NSE,NSE
194398977,759371,MONIFTY100,0.01,1,EQ,NSE,NSE
4924673,19237,MONIFTY500,0.01,1,EQ,NSE,NSE
193781249,756958,MONOLITH-SM,0.05,250,EQ,NSE,NSE
4708353,18392,MONOPHARMA-SM,0.05,2000,EQ,NSE,NSE
1900033,7422,MONQ50,0.01,1,EQ,NSE,NSE
2592769,10128,MONQ50INAV,0.01,1,EQ,NSE,NSE
7808513,30502,MONT50INAV,0.01,1,EQ,NSE,NSE
1520129,5938,MONTECARLO,0.05,1,EQ,NSE,NSE
195687681,764405,MOOILGAS,0.01,1,EQ,NSE,NSE
195689985,764414,MOOILGINAV,0.01,1,EQ,NSE,NSE
193902337,757431,MOPSE,0.01,1,EQ,NSE,NSE
7812353,30517,MOPSEINAV,0.01,1,EQ,NSE,NSE
2772481,10830,MOQLTYINAV,0.01,1,EQ,NSE,NSE
2770433,10822,MOQUALITY,0.01,1,EQ,NSE,NSE
6624257,25876,MORARJEE-BZ,0.01,1,EQ,NSE,NSE
5935873,23187,MOREALINAV,0.01,1,EQ,NSE,NSE
5935105,23184,MOREALTY,0.01,1,EQ,NSE,NSE
578305,2259,MOREPENLAB,0.01,1,EQ,NSE,NSE
3854593,15057,MOS-ST,0.05,4000,EQ,NSE,NSE
5936129,23188,MOS250INAV,0.01,1,EQ,NSE,NSE
7541505,29459,MOSCHIP,0.01,1,EQ,NSE,NSE
194560257,760001,MOSERVICE,0.01,1,EQ,NSE,NSE
7828481,30580,MOSERVINAV,0.01,1,EQ,NSE,NSE
194164993,758457,MOSILVER,0.01,1,EQ,NSE,NSE
7817729,30538,MOSILVINAV,0.01,1,EQ,NSE,NSE
5934337,23181,MOSMALL250,0.01,1,EQ,NSE,NSE
1076225,4204,MOTHERSON,0.01,1,EQ,NSE,NSE
6530561,25510,MOTHERSON-D1,0.05,1,EQ,NSE,NSE
3826433,14947,MOTILALOFS,0.05,1,EQ,NSE,NSE
5321729,20788,MOTISONS,0.01,1,EQ,NSE,NSE
2251009,8793,MOTOGENFIN-BE,0.01,1,EQ,NSE,NSE
193905409,757443,MOTOUR,0.01,1,EQ,NSE,NSE
7812609,30518,MOTOURINAV,0.01,1,EQ,NSE,NSE
2771201,10825,MOVALUE,0.01,1,EQ,NSE,NSE
2772737,10831,MOVALUINAV,0.01,1,EQ,NSE,NSE
3456513,13502,MOXSH-SM,0.05,1600,EQ,NSE,NSE
7820545,30549,MOY100INAV,0.01,1,EQ,NSE,NSE
195875329,765138,MPDL-BE,0.01,1,EQ,NSE,NSE
194394625,759354,MPEL-ST,0.05,1600,EQ,NSE,NSE
1152769,4503,MPHASIS,0.1,1,EQ,NSE,NSE
2707969,10578,MPSLTD,0.1,1,EQ,NSE,NSE
5578753,21792,MPTODAY-SM,0.05,2000,EQ,NSE,NSE
582913,2277,MRF,5,1,EQ,NSE,NSE
194224129,758688,MRIL-ST,0.05,1600,EQ,NSE,NSE
584449,2283,MRPL,0.01,1,EQ,NSE,NSE
195482881,763605,MSC360INAV,0.01,1,EQ,NSE,NSE
195482113,763602,MSCI360,0.01,1,EQ,NSE,NSE
194554369,759978,MSCIADD,0.01,1,EQ,NSE,NSE
7828737,30581,MSCIADINAV,0.01,1,EQ,NSE,NSE
7618049,29758,MSCIINDIA,0.01,1,EQ,NSE,NSE
7618817,29761,MSCIININAV,0.01,1,EQ,NSE,NSE
195784449,764783,MSL,0.01,1,EQ,NSE,NSE
3051265,11919,MSPL,0.01,1,EQ,NSE,NSE
2395137,9356,MSTCLTD,0.05,1,EQ,NSE,NSE
2200577,8596,MSUMI,0.01,1,EQ,NSE,NSE
695041,2715,MTARTECH-BE,0.5,1,EQ,NSE,NSE
8041729,31413,MTEDUCARE-BE,0.01,1,EQ,NSE,NSE
587265,2294,MTNL,0.01,1,EQ,NSE,NSE
5064449,19783,MUFIN,0.01,1,EQ,NSE,NSE
5344769,20878,MUFTI,0.01,1,EQ,NSE,NSE
2899201,11325,MUKANDLTD,0.01,1,EQ,NSE,NSE
195785729,764788,MUKESHB,0.01,1,EQ,NSE,NSE
5882881,22980,MUKKA,0.01,1,EQ,NSE,NSE
2224897,8691,MUKTAARTS-BE,0.01,1,EQ,NSE,NSE
6421505,25084,MULCAPINAV,0.01,1,EQ,NSE,NSE
6420481,25080,MULTICAP,0.01,1,EQ,NSE,NSE
194410497,759416,MUNISH-SM,0.05,1200,EQ,NSE,NSE
3458817,13511,MUNJALAU,0.01,1,EQ,NSE,NSE
590593,2307,MUNJALSHOW,0.01,1,EQ,NSE,NSE
592129,2313,MURUDCERA,0.01,1,EQ,NSE,NSE
5980929,23363,MUTF27-NL,0.01,1,EQ,NSE,NSE
2666241,10415,MUTHOOTCAP,0.01,1,EQ,NSE,NSE
6054401,23650,MUTHOOTFIN,0.1,1,EQ,NSE,NSE
5332737,20831,MUTHOOTMF,0.01,1,EQ,NSE,NSE
195685633,764397,MVELECTRO,0.05,1,EQ,NSE,NSE
4867841,19015,MVGJL,0.01,1,EQ,NSE,NSE
5881857,22976,MVKAGRO-SM,0.05,300,EQ,NSE,NSE
194347265,759169,MWL,0.01,1,EQ,NSE,NSE
6453249,25208,MYMUDRA-SM,0.05,1200,EQ,NSE,NSE
2104321,8220,MYSORPETRO-BE,0.01,1,EQ,NSE,NSE
5228801,20425,NACLIND,0.01,1,EQ,NSE,NSE
3343361,13060,NAGAFERT-BZ,0.01,1,EQ,NSE,NSE
3825153,14942,NAGREEKCAP,0.01,1,EQ,NSE,NSE
3763713,14702,NAGREEKEXP,0.01,1,EQ,NSE,NSE
3932161,15360,NAHARCAP,0.01,1,EQ,NSE,NSE
3355137,13106,NAHARINDUS,0.01,1,EQ,NSE,NSE
3697921,14445,NAHARPOLY,0.05,1,EQ,NSE,NSE
3696641,14440,NAHARSPING,0.05,1,EQ,NSE,NSE
91393,357,NAM-INDIA,0.1,1,EQ,NSE,NSE
5985025,23379,NAMAN-SM,0.05,800,EQ,NSE,NSE
6443521,25170,NAMOEWASTE-ST,0.05,800,EQ,NSE,NSE
2976513,11627,NARMADA,0.01,1,EQ,NSE,NSE
7573249,29583,NATCAPSUQ,0.01,1,EQ,NSE,NSE
1003009,3918,NATCOPHARM,0.05,1,EQ,NSE,NSE
2832641,11065,NATHBIOGEN,0.01,1,EQ,NSE,NSE
1629185,6364,NATIONALUM,0.05,1,EQ,NSE,NSE
195278593,762807,NATIONSTD,0.01,1,EQ,NSE,NSE
3520257,13751,NAUKRI,0.1,1,EQ,NSE,NSE
1027585,4014,NAVA,0.05,1,EQ,NSE,NSE
3756033,14672,NAVINFLUOR,0.5,1,EQ,NSE,NSE
2702593,10557,NAVKARCORP,0.01,1,EQ,NSE,NSE
7462145,29149,NAVKARURB-BE,0.01,1,EQ,NSE,NSE
610561,2385,NAVNETEDUL,0.01,1,EQ,NSE,NSE
4779777,18671,NAVNIFINAV,0.01,1,EQ,NSE,NSE
764673,2987,NAZARA,0.05,1,EQ,NSE,NSE
8042241,31415,NBCC,0.01,1,EQ,NSE,NSE
4892417,19111,NBIFIN,0.1,1,EQ,NSE,NSE
593665,2319,NCC,0.01,1,EQ,NSE,NSE
3709441,14490,NCLIND,0.01,1,EQ,NSE,NSE
4702977,18371,NDGL,0.1,1,EQ,NSE,NSE
8002049,31258,NDL,0.01,1,EQ,NSE,NSE
3724033,14547,NDLVENTURE,0.01,1,EQ,NSE,NSE
195005185,761739,NDR31-N0,0.01,1,EQ,NSE,NSE
5697281,22255,NDRAUTO,0.05,1,EQ,NSE,NSE
5806081,22680,NDRINVIT-IV,0.01,25000,EQ,NSE,NSE
2925313,11427,NDTV,0.01,1,EQ,NSE,NSE
195279873,762812,NEAGI,0.1,1,EQ,NSE,NSE
3464449,13533,NECCLTD-BE,0.01,1,EQ,NSE,NSE
3053313,11927,NECLIFE,0.01,1,EQ,NSE,NSE
6943489,27123,NEELAM-SM,0.05,6000,EQ,NSE,NSE
3778817,14761,NELCAST,0.01,1,EQ,NSE,NSE
611329,2388,NELCO,0.1,1,EQ,NSE,NSE
194797569,760928,NEOCHEM-SM,0.05,1200,EQ,NSE,NSE
2538753,9917,NEOGEN,0.1,1,EQ,NSE,NSE
6233601,24350,NEPHROCARE-SM,0.05,400,EQ,NSE,NSE
194648577,760346,NEPHROPLUS,0.05,1,EQ,NSE,NSE
193918209,757493,NEPTUNE-SM,0.05,500,EQ,NSE,NSE
3944705,15409,NESCO,0.1,1,EQ,NSE,NSE
4598529,17963,NESTLEIND,0.1,1,EQ,NSE,NSE
2006529,7838,NETF,0.01,1,EQ,NSE,NSE
2603009,10168,NETFINAV,0.01,1,EQ,NSE,NSE
2108673,8237,NETFSIINAV,0.01,1,EQ,NSE,NSE
4462849,17433,NETWEB,0.1,1,EQ,NSE,NSE
3612417,14111,NETWORK18,0.01,1,EQ,NSE,NSE
7821825,30554,NEUEON-BE,0.01,1,EQ,NSE,NSE
615937,2406,NEULANDLAB,1,1,EQ,NSE,NSE
297985,1164,NEWGEN,0.05,1,EQ,NSE,NSE
4905217,19161,NEWJAISA-ST,0.05,1500,EQ,NSE,NSE
7542785,29464,NEXT30ADD,0.01,1,EQ,NSE,NSE
4398337,17181,NEXT50,0.01,1,EQ,NSE,NSE
194713345,760599,NEXT50ADD,0.01,1,EQ,NSE,NSE
5498369,21478,NEXT50BETA,0.01,1,EQ,NSE,NSE
194741505,760709,NEXT50ETF,0.01,1,EQ,NSE,NSE
1159425,4529,NEXT50IETF,0.01,1,EQ,NSE,NSE
7832833,30597,NEXT50INAV,0.01,1,EQ,NSE,NSE
7833089,30598,NEXT5EINAV,0.01,1,EQ,NSE,NSE
2525953,9867,NEXTMEDIA,0.01,1,EQ,NSE,NSE
3564801,13925,NFL,0.01,1,EQ,NSE,NSE
195465217,763536,NFPSAMPOOR-SM,0.05,2000,EQ,NSE,NSE
2742785,10714,NFQLTYINAV,0.01,1,EQ,NSE,NSE
195921921,765320,NFYJBKINAV,0.01,1,EQ,NSE,NSE
1382657,5401,NGIL,0.01,1,EQ,NSE,NSE
2630913,10277,NGLFINE,0.1,1,EQ,NSE,NSE
3031041,11840,NH,0.1,1,EQ,NSE,NSE
1671937,6531,NHIT-IV,0.01,25000,EQ,NSE,NSE
4454401,17400,NHPC,0.01,1,EQ,NSE,NSE
102145,399,NIACL,0.01,1,EQ,NSE,NSE
7548673,29487,NIBE,0.1,1,EQ,NSE,NSE
7611649,29733,NIBL,0.01,1,EQ,NSE,NSE
195787009,764793,NICCOPAR,0.01,1,EQ,NSE,NSE
1687553,6592,NIDAN-SM,0.05,1000,EQ,NSE,NSE
7571713,29577,NIF100BEES,0.01,1,EQ,NSE,NSE
7780353,30392,NIF100IETF,0.01,1,EQ,NSE,NSE
7668737,29956,NIF100INAV,0.01,1,EQ,NSE,NSE
5770241,22540,NIF10GINAV,0.01,1,EQ,NSE,NSE
195950337,765431,NIF500BETA,0.01,1,EQ,NSE,NSE
195951105,765434,NIF500INAV,0.01,1,EQ,NSE,NSE
5769985,22539,NIF5GINAV,0.01,1,EQ,NSE,NSE
5757697,22491,NIFITEINAV,0.01,1,EQ,NSE,NSE
4634113,18102,NIFTY1,0.01,1,EQ,NSE,NSE
7665665,29944,NIFTY100EW,0.01,1,EQ,NSE,NSE
1907457,7451,NIFTYADD,0.01,1,EQ,NSE,NSE
5440513,21252,NIFTYAXIS,0.01,1,EQ,NSE,NSE
2707457,10576,NIFTYBEES,0.01,1,EQ,NSE,NSE
2690817,10511,NIFTYBETA,0.01,1,EQ,NSE,NSE
5621505,21959,NIFTYBETF,0.01,1,EQ,NSE,NSE
5641473,22037,NIFTYBINAV,0.01,1,EQ,NSE,NSE
194381313,759302,NIFTYCASE,0.01,1,EQ,NSE,NSE
7822593,30557,NIFTYCINAV,0.01,1,EQ,NSE,NSE
1626369,6353,NIFTYETF,0.01,1,EQ,NSE,NSE
7565569,29553,NIFTYIETF,0.01,1,EQ,NSE,NSE
195918593,765307,NIFTYJBLK,0.01,1,EQ,NSE,NSE
2736641,10690,NIFTYQLITY,0.01,1,EQ,NSE,NSE
2949633,11522,NIITLTD,0.01,1,EQ,NSE,NSE
4543233,17747,NIITMTS,0.01,1,EQ,NSE,NSE
194093569,758178,NIKITA-SM,0.05,1200,EQ,NSE,NSE
2368769,9253,NILAINFRA,0.01,1,EQ,NSE,NSE
1897217,7411,NILASPACES,0.01,1,EQ,NSE,NSE
195281153,762817,NILE,0.1,1,EQ,NSE,NSE
619777,2421,NILKAMAL,0.1,1,EQ,NSE,NSE
4698369,18353,NIM150INAV,0.01,1,EQ,NSE,NSE
195000321,761720,NIMBSPROJ,0.01,1,EQ,NSE,NSE
3633665,14194,NINSYS,0.05,1,EQ,NSE,NSE
1736193,6782,NIPPOBATRY,0.05,1,EQ,NSE,NSE
65281,255,NIRAJ,0.01,1,EQ,NSE,NSE
4823041,18840,NIRAJISPAT,0.01,1,EQ,NSE,NSE
622849,2433,NIRLON,0.05,1,EQ,NSE,NSE
3768833,14722,NIRMAN-SM,0.05,300,EQ,NSE,NSE
3404801,13300,NITCO,0.01,1,EQ,NSE,NSE
3372801,13175,NITINSPIN,0.05,1,EQ,NSE,NSE
831233,3247,NITIRAJ,0.01,1,EQ,NSE,NSE
195282945,762824,NITTAGELA,0.1,1,EQ,NSE,NSE
6936833,27097,NIVABUPA,0.01,1,EQ,NSE,NSE
624385,2439,NKIND,0.01,1,EQ,NSE,NSE
2197761,8585,NLCINDIA,0.05,1,EQ,NSE,NSE
3924993,15332,NMDC,0.01,1,EQ,NSE,NSE
7373057,28801,NMSTEEL-SM,0.05,1600,EQ,NSE,NSE
625153,2442,NOCIL,0.01,1,EQ,NSE,NSE
2761217,10786,NOIDATOLL,0.01,1,EQ,NSE,NSE
1064961,4160,NORBTEAEXP,0.01,1,EQ,NSE,NSE
6509057,25426,NORTHARC,0.05,1,EQ,NSE,NSE
5754369,22478,NOVAAGRI-BE,0.01,1,EQ,NSE,NSE
2305793,9007,NOVARTIND,0.1,1,EQ,NSE,NSE
3322369,12978,NPBET,0.01,1,EQ,NSE,NSE
2603521,10170,NPBETINAV,0.01,1,EQ,NSE,NSE
193618945,756324,NPST,0.1,1,EQ,NSE,NSE
5200385,20314,NRAIL,0.05,1,EQ,NSE,NSE
1933569,7553,NRBBEARING,0.05,1,EQ,NSE,NSE
3502081,13680,NRL-BE,0.01,1,EQ,NSE,NSE
193917185,757489,NRVANDANA-SM,0.05,3000,EQ,NSE,NSE
2877185,11239,NSIL,0.5,1,EQ,NSE,NSE
3630081,14180,NSLNISP,0.01,1,EQ,NSE,NSE
195788289,764798,NTCIND,0.01,1,EQ,NSE,NSE
2977281,11630,NTPC,0.05,1,EQ,NSE,NSE
6957057,27176,NTPCGREEN,0.01,1,EQ,NSE,NSE
2762497,10791,NUCLEUS,0.05,1,EQ,NSE,NSE
602369,2353,NURECA-BE,0.05,1,EQ,NSE,NSE
4792577,18721,NUVAMA,0.1,1,EQ,NSE,NSE
1389057,5426,NUVOCO,0.05,1,EQ,NSE,NSE
2932993,11457,NV20,0.01,1,EQ,NSE,NSE
2520833,9847,NV20BEES,0.01,1,EQ,NSE,NSE
4473601,17475,NV20IETF,0.01,1,EQ,NSE,NSE
7544577,29471,NX30ADINAV,0.01,1,EQ,NSE,NSE
4048641,15815,NXST-RR,0.01,1,EQ,NSE,NSE
6220289,24298,NXT-INFRA-IV,0.01,25000,EQ,NSE,NSE
1675521,6545,NYKAA,0.05,1,EQ,NSE,NSE
2756609,10768,OAL,0.05,1,EQ,NSE,NSE
2252033,8797,OBCL,0.01,1,EQ,NSE,NSE
5181953,20242,OBEROIRLTY,0.1,1,EQ,NSE,NSE
6636289,25923,OBSCP-SM,0.05,400,EQ,NSE,NSE
6635521,25920,OCCLLTD-BE,0.01,1,EQ,NSE,NSE
7058177,27571,ODIGMA,0.01,1,EQ,NSE,NSE
195789569,764803,ODYCORP,0.01,1,EQ,NSE,NSE
2748929,10738,OFSS,1,1,EQ,NSE,NSE
4464129,17438,OIL,0.05,1,EQ,NSE,NSE
2075905,8109,OILCOUNTUB-BE,0.01,1,EQ,NSE,NSE
6285057,24551,OILETFINAV,0.01,1,EQ,NSE,NSE
6280449,24533,OILIETF,0.01,1,EQ,NSE,NSE
6342913,24777,OLAELEC,0.01,1,EQ,NSE,NSE
2723073,10637,OLECTRA,0.1,1,EQ,NSE,NSE
4962817,19386,OLIL-SM,0.05,400,EQ,NSE,NSE
2796033,10922,OMAXAUTO,0.01,1,EQ,NSE,NSE
3802369,14853,OMAXE,0.01,1,EQ,NSE,NSE
194409473,759412,OMFREIGHT-BE,0.01,1,EQ,NSE,NSE
29953,117,OMFURN-SM,0.05,1200,EQ,NSE,NSE
6203137,24231,OMINFRAL,0.01,1,EQ,NSE,NSE
194781441,760865,OMNI,0.05,1,EQ,NSE,NSE
195182593,762432,OMPOWER,0.01,1,EQ,NSE,NSE
5041153,19692,ONDOOR-SM,0.05,300,EQ,NSE,NSE
195901953,765242,ONEGLOBAL,0.05,1,EQ,NSE,NSE
6526977,25496,ONELIFECAP-BE,0.01,1,EQ,NSE,NSE
2544385,9939,ONEPOINT,0.01,1,EQ,NSE,NSE
7481345,29224,ONESOURCE,0.1,1,EQ,NSE,NSE
633601,2475,ONGC,0.01,1,EQ,NSE,NSE
563713,2202,ONIDA,0.01,1,EQ,NSE,NSE
195790849,764808,ONIXSOLAR,0.05,1,EQ,NSE,NSE
3912193,15282,ONMOBILE-BE,0.01,1,EQ,NSE,NSE
635137,2481,ONWARDTEC,0.05,1,EQ,NSE,NSE
6948609,27143,ONYX-ST,0.05,2000,EQ,NSE,NSE
5496065,21469,OPTIEMUS,0.05,1,EQ,NSE,NSE
195792129,764813,OPTIFIN,0.01,1,EQ,NSE,NSE
195719169,764528,OPTIMYSTIX-SM,0.05,800,EQ,NSE,NSE
194279169,758903,OPTIVALUE-ST,0.05,1600,EQ,NSE,NSE
8058625,31479,ORBTEXP-BE,0.01,1,EQ,NSE,NSE
7549953,29492,ORCHASP,0.01,1,EQ,NSE,NSE
237057,926,ORCHPHARMA,0.05,1,EQ,NSE,NSE
4577793,17882,ORIANA-SM,0.05,75,EQ,NSE,NSE
2600705,10159,ORICONENT,0.01,1,EQ,NSE,NSE
3672577,14346,ORIENTALTL,0.01,1,EQ,NSE,NSE
3655169,14278,ORIENTBELL,0.05,1,EQ,NSE,NSE
7702785,30089,ORIENTCEM,0.01,1,EQ,NSE,NSE
3356417,13111,ORIENTCER,0.01,1,EQ,NSE,NSE
760833,2972,ORIENTELEC,0.01,1,EQ,NSE,NSE
638209,2493,ORIENTHOT,0.01,1,EQ,NSE,NSE
4662017,18211,ORIENTLTD-BE,0.01,1,EQ,NSE,NSE
638977,2496,ORIENTPPR,0.01,1,EQ,NSE,NSE
6390017,24961,ORIENTTECH,0.05,1,EQ,NSE,NSE
195793409,764818,ORIRAIL,0.01,1,EQ,NSE,NSE
5102337,19931,ORISSAMINE,0.1,1,EQ,NSE,NSE
194449665,759569,ORKLAINDIA,0.05,1,EQ,NSE,NSE
3410177,13321,ORTEL-BZ,0.01,1,EQ,NSE,NSE
762625,2979,ORTINGLOBE,0.01,1,EQ,NSE,NSE
2671361,10435,OSEINTRUST-IV,0.01,25000,EQ,NSE,NSE
6498817,25386,OSELDEVICE-SM,0.05,200,EQ,NSE,NSE
3236609,12643,OSIAHYPER-BE,0.01,1,EQ,NSE,NSE
643585,2514,OSWALAGRO,0.01,1,EQ,NSE,NSE
120577,471,OSWALGREEN,0.01,1,EQ,NSE,NSE
193741313,756802,OSWALPUMPS,0.05,1,EQ,NSE,NSE
3662081,14305,OSWALSEEDS,0.01,1,EQ,NSE,NSE
5865985,22914,OWAIS-ST,0.05,100,EQ,NSE,NSE
194391553,759342,PACEDIGITK,0.01,1,EQ,NSE,NSE
195794689,764823,PACIFICI,0.01,1,EQ,NSE,NSE
3689729,14413,PAGEIND,5,1,EQ,NSE,NSE
6519809,25468,PAISALO,0.01,1,EQ,NSE,NSE
4402433,17197,PAKKA,0.01,1,EQ,NSE,NSE
5474049,21383,PALASHSECU,0.01,1,EQ,NSE,NSE
4367105,17059,PALREDTEC-BE,0.01,1,EQ,NSE,NSE
1038081,4055,PANACEABIO,0.05,1,EQ,NSE,NSE
4186881,16355,PANACHE-BE,0.05,1,EQ,NSE,NSE
6500353,25392,PANAMAPET,0.05,1,EQ,NSE,NSE
195795969,764828,PANCHMAHQ,0.05,1,EQ,NSE,NSE
195875841,765140,PANORAMA,0.01,1,EQ,NSE,NSE
1572097,6141,PANSARI,0.05,1,EQ,NSE,NSE
1441537,5631,PAR,0.01,1,EQ,NSE,NSE
3571457,13951,PARACABLES,0.01,1,EQ,NSE,NSE
2493697,9741,PARADEEP,0.01,1,EQ,NSE,NSE
4385281,17130,PARAGMILK,0.01,1,EQ,NSE,NSE
5063425,19779,PARAGON-SM,0.05,1200,EQ,NSE,NSE
6417665,25069,PARAMATRIX-SM,0.05,1200,EQ,NSE,NSE
6583297,25716,PARAMOUNT-SM,0.05,1200,EQ,NSE,NSE
346369,1353,PARAMPARA-SM,0.05,8000,EQ,NSE,NSE
1513217,5911,PARAS,0.1,1,EQ,NSE,NSE
1016833,3972,PARASPETRO,0.01,1,EQ,NSE,NSE
1397761,5460,PARIN-SM,0.05,250,EQ,NSE,NSE
194649857,760351,PARKHOSPS,0.05,1,EQ,NSE,NSE
5798145,22649,PARKHOTELS,0.01,1,EQ,NSE,NSE
195797249,764833,PARNAXLAB,0.01,1,EQ,NSE,NSE
3531521,13795,PARSVNATH-BE,0.01,1,EQ,NSE,NSE
194103553,758217,PARTH-SM,0.05,400,EQ,NSE,NSE
665345,2599,PARTYCRUS-SM,0.05,1000,EQ,NSE,NSE
194036481,757955,PASHUPATI,0.01,1,EQ,NSE,NSE
1548289,6048,PASUPTAC-BE,0.01,1,EQ,NSE,NSE
4359425,17029,PATANJALI,0.05,1,EQ,NSE,NSE
2994945,11699,PATELENG,0.01,1,EQ,NSE,NSE
194416385,759439,PATELRMART,0.01,1,EQ,NSE,NSE
193782529,756963,PATILAUTOM-SM,0.05,600,EQ,NSE,NSE
3897089,15223,PATINTLOG-BE,0.01,1,EQ,NSE,NSE
3875073,15137,PATTECH-SM,0.05,1500,EQ,NSE,NSE
194552065,759969,PAUSHAKLTD,0.05,1,EQ,NSE,NSE
4145153,16192,PAVNAIND,0.01,1,EQ,NSE,NSE
1716481,6705,PAYTM,0.1,1,EQ,NSE,NSE
195877121,765145,PBMPOLY,0.01,1,EQ,NSE,NSE
678145,2649,PCBL,0.05,1,EQ,NSE,NSE
6218241,24290,PCCL-SM,0.05,400,EQ,NSE,NSE
7455745,29124,PCJEWELLER,0.01,1,EQ,NSE,NSE
3936513,15377,PDMJEPAPER,0.01,1,EQ,NSE,NSE
1347585,5264,PDSL,0.05,1,EQ,NSE,NSE
668161,2610,PEARLPOLY,0.01,1,EQ,NSE,NSE
6504449,25408,PELATRO-SM,0.05,300,EQ,NSE,NSE
5278977,20621,PENIND,0.01,1,EQ,NSE,NSE
1371649,5358,PENINLAND-BE,0.01,1,EQ,NSE,NSE
4385793,17132,PENTAGON-SM,0.05,1000,EQ,NSE,NSE
194078977,758121,PERFECT-SZ,0.05,3000,EQ,NSE,NSE
195798529,764838,PERMAGN,0.05,1,EQ,NSE,NSE
4701441,18365,PERSISTENT,0.5,1,EQ,NSE,NSE
2905857,11351,PETRONET,0.05,1,EQ,NSE,NSE
3660545,14299,PFC,0.05,1,EQ,NSE,NSE
194766081,760805,PFCL36-N7,0.01,1,EQ,NSE,NSE
194766337,760806,PFCL36A-N8,0.01,1,EQ,NSE,NSE
194766593,760807,PFCL36B-N9,0.01,1,EQ,NSE,NSE
194770689,760823,PFCL41-ND,0.01,1,EQ,NSE,NSE
194770945,760824,PFCL41A-NE,0.01,1,EQ,NSE,NSE
676609,2643,PFIZER,0.1,1,EQ,NSE,NSE
7487233,29247,PFL230125A-N0,0.01,1,EQ,NSE,NSE
3454977,13496,PFOCUS,0.05,1,EQ,NSE,NSE
5786113,22602,PFS,0.01,1,EQ,NSE,NSE
6491649,25358,PGEL,0.05,1,EQ,NSE,NSE
648961,2535,PGHH,0.5,1,EQ,NSE,NSE
240641,940,PGHL,0.5,1,EQ,NSE,NSE
3650561,14260,PGIL,0.1,1,EQ,NSE,NSE
894465,3494,PGINVIT-IV,0.01,1,EQ,NSE,NSE
2972673,11612,PHANTOMFX-SM,0.05,300,EQ,NSE,NSE
1273089,4973,PHARMABEES,0.01,1,EQ,NSE,NSE
2598145,10149,PHARMAINAV,0.01,1,EQ,NSE,NSE
195003649,761733,PHFL29-N0,0.01,1,EQ,NSE,NSE
192387073,751512,PHLSDDI-SF,0.01,1,EQ,NSE,NSE
192403457,751576,PHLSDDP-SF,0.01,1,EQ,NSE,NSE
192383489,751498,PHLSDG-SF,0.01,1,EQ,NSE,NSE
192330241,751290,PHLSRDI-SF,0.01,1,EQ,NSE,NSE
192361217,751411,PHLSRDP-SF,0.01,1,EQ,NSE,NSE
192325633,751272,PHLSRG-SF,0.01,1,EQ,NSE,NSE
3725313,14552,PHOENIXLTD,0.1,1,EQ,NSE,NSE
680449,2658,PHOENXINTL,0.01,1,EQ,NSE,NSE
6531329,25513,PHOGLOBAL-SM,0.05,2000,EQ,NSE,NSE
193985025,757754,PICCADIL,0.05,1,EQ,NSE,NSE
681985,2664,PIDILITIND,0.1,1,EQ,NSE,NSE
4023297,15716,PIGL,0.01,1,EQ,NSE,NSE
6191105,24184,PIIND,0.1,1,EQ,NSE,NSE
2929921,11445,PILANIINVS,0.1,1,EQ,NSE,NSE
7893761,30835,PILITA,0.01,1,EQ,NSE,NSE
194513921,759820,PINELABS,0.01,1,EQ,NSE,NSE
3446529,13463,PIONEEREMB,0.01,1,EQ,NSE,NSE
195284993,762832,PIONRINV-BE,0.01,1,EQ,NSE,NSE
194445057,759551,PIRAMALFIN,0.1,1,EQ,NSE,NSE
3618305,14134,PITTIENG,0.05,1,EQ,NSE,NSE
2326273,9087,PIXTRANS,0.1,1,EQ,NSE,NSE
2642177,10321,PKTEA,0.05,1,EQ,NSE,NSE
4989953,19492,PLADAINFO-SM,0.05,3000,EQ,NSE,NSE
3563521,13920,PLASTIBLEN,0.01,1,EQ,NSE,NSE
5870081,22930,PLATIND,0.01,1,EQ,NSE,NSE
4981249,19458,PLAZACABLE,0.01,1,EQ,NSE,NSE
195285505,762834,PML,0.05,1,EQ,NSE,NSE
2730497,10666,PNB,0.01,1,EQ,NSE,NSE
2236417,8736,PNBGILTS,0.01,1,EQ,NSE,NSE
4840449,18908,PNBHOUSING,0.1,1,EQ,NSE,NSE
2391553,9342,PNC,0.01,1,EQ,NSE,NSE
2402561,9385,PNCINFRA,0.01,1,EQ,NSE,NSE
6479873,25312,PNGJL,0.05,1,EQ,NSE,NSE
194621953,760242,PNGSREVA,0.05,1,EQ,NSE,NSE
3682561,14385,POCL,0.05,1,EQ,NSE,NSE
4873217,19036,PODDARMENT,0.05,1,EQ,NSE,NSE
195800321,764845,POEL,0.01,1,EQ,NSE,NSE
4518657,17651,POKARNA,0.05,1,EQ,NSE,NSE
1703937,6656,POLICYBZR,0.1,1,EQ,NSE,NSE
2455041,9590,POLYCAB,0.5,1,EQ,NSE,NSE
6583809,25718,POLYMED,0.1,1,EQ,NSE,NSE
687873,2687,POLYPLEX,0.1,1,EQ,NSE,NSE
5814017,22711,POLYSIL-SM,0.05,500,EQ,NSE,NSE
195878401,765150,POLYSPIN,0.01,1,EQ,NSE,NSE
2729217,10661,PONNIERODE,0.05,1,EQ,NSE,NSE
2919169,11403,POONAWALLA,0.05,1,EQ,NSE,NSE
6365185,24864,POSITRON-SM,0.05,300,EQ,NSE,NSE
3834113,14977,POWERGRID,0.05,1,EQ,NSE,NSE
194990081,761680,POWERICA,0.05,1,EQ,NSE,NSE
4724993,18457,POWERINDIA,5,1,EQ,NSE,NSE
2681089,10473,POWERMECH,0.1,1,EQ,NSE,NSE
3894529,15213,PPAP-BE,0.05,1,EQ,NSE,NSE
2636545,10299,PPL-BE,0.05,1,EQ,NSE,NSE
2962177,11571,PPLPHARMA,0.01,1,EQ,NSE,NSE
6344961,24785,PPSL-SM,0.05,3000,EQ,NSE,NSE
7714305,30134,PRABHA,0.01,1,EQ,NSE,NSE
195287553,762842,PRADPME-BE,0.05,1,EQ,NSE,NSE
3568897,13941,PRAENG,0.01,1,EQ,NSE,NSE
692481,2705,PRAJIND,0.05,1,EQ,NSE,NSE
693249,2708,PRAKASH,0.01,1,EQ,NSE,NSE
5017345,19599,PRAKASHSTL,0.01,1,EQ,NSE,NSE
4739585,18514,PRAMARA-SM,0.05,500,EQ,NSE,NSE
195914241,765290,PRAMODINI-ST,0.05,1200,EQ,NSE,NSE
6609409,25818,PRANIK-SM,0.05,1600,EQ,NSE,NSE
5916929,23113,PRATHAM-SM,0.05,400,EQ,NSE,NSE
195288065,762844,PRAVEG,0.05,1,EQ,NSE,NSE
308225,1204,PRAXIS,0.01,1,EQ,NSE,NSE
3226369,12603,PRECAM,0.01,1,EQ,NSE,NSE
2038529,7963,PRECISION-ST,0.05,2000,EQ,NSE,NSE
694017,2711,PRECOT,0.05,1,EQ,NSE,NSE
695553,2717,PRECWIRE,0.05,1,EQ,NSE,NSE
195289345,762849,PREMCO,0.05,1,EQ,NSE,NSE
4453633,17397,PREMEXPLN,0.05,1,EQ,NSE,NSE
1599489,6248,PREMIER-BE,0.01,1,EQ,NSE,NSE
6412545,25049,PREMIERENE,0.1,1,EQ,NSE,NSE
1000449,3908,PREMIERPOL,0.01,1,EQ,NSE,NSE
6629889,25898,PREMIUM-SM,0.05,3000,EQ,NSE,NSE
5247489,20498,PRESSTONIC-SM,0.05,800,EQ,NSE,NSE
5197313,20302,PRESTIGE,0.1,1,EQ,NSE,NSE
5025537,19631,PRICOLLTD,0.05,1,EQ,NSE,NSE
194323201,759075,PRIMECAB-ST,0.05,1600,EQ,NSE,NSE
3037185,11864,PRIMESECU,0.05,1,EQ,NSE,NSE
193772801,756925,PRIMO,0.01,1,EQ,NSE,NSE
4107521,16045,PRINCEPIPE,0.05,1,EQ,NSE,NSE
195879681,765155,PRISMX,0.01,1,EQ,NSE,NSE
2127361,8310,PRITI-BE,0.01,1,EQ,NSE,NSE
3320577,12971,PRITIKA-SM,0.05,2000,EQ,NSE,NSE
1355777,5296,PRITIKAUTO-BE,0.01,1,EQ,NSE,NSE
2259201,8825,PRIVISCL,0.1,1,EQ,NSE,NSE
6274817,24511,PRIZOR-ST,0.05,400,EQ,NSE,NSE
6083585,23764,PRLIND-SM,0.05,1000,EQ,NSE,NSE
193998337,757806,PROFX-SM,0.05,1600,EQ,NSE,NSE
4954113,19352,PROLIFE-SM,0.05,500,EQ,NSE,NSE
2236161,8735,PROPEQUITY-SM,0.05,600,EQ,NSE,NSE
195672321,764345,PROPSHOP-SM,0.05,2000,EQ,NSE,NSE
194092289,758173,PROSTARM,0.01,1,EQ,NSE,NSE
7544833,29472,PROTEAN,0.05,1,EQ,NSE,NSE
4219649,16483,PROV-SM,0.05,80,EQ,NSE,NSE
7387905,28859,PROZONER,0.01,1,EQ,NSE,NSE
701185,2739,PRSMJOHNSN,0.01,1,EQ,NSE,NSE
2445569,9553,PRUDENT,0.1,1,EQ,NSE,NSE
5255169,20528,PRUDMOULI-BE,0.01,1,EQ,NSE,NSE
5376257,21001,PSB,0.01,1,EQ,NSE,NSE
3734785,14589,PSBKICINAV,0.01,1,EQ,NSE,NSE
6510337,25431,PSFL-SM,0.05,2000,EQ,NSE,NSE
195637761,764210,PSIFHLSDG-SF,0.01,1,EQ,NSE,NSE
195637249,764208,PSIFHLSRG-SF,0.01,1,EQ,NSE,NSE
5344513,20877,PSPPROJECT,0.05,1,EQ,NSE,NSE
7594241,29665,PSRAJ-ST,0.05,2500,EQ,NSE,NSE
3855617,15061,PSUBANK,0.01,1,EQ,NSE,NSE
4509697,17616,PSUBANKADD,0.01,1,EQ,NSE,NSE
3848193,15032,PSUBNKBEES,0.01,1,EQ,NSE,NSE
3733505,14584,PSUBNKIETF,0.01,1,EQ,NSE,NSE
195475713,763577,PTBKGRINAV,0.01,1,EQ,NSE,NSE
2906881,11355,PTC,0.01,1,EQ,NSE,NSE
4270593,16682,PTCIL,1,1,EQ,NSE,NSE
3609857,14101,PTL,0.01,1,EQ,NSE,NSE
129793,507,PULZ-SM,0.05,2000,EQ,NSE,NSE
1112065,4344,PUNJABCHEM,0.1,1,EQ,NSE,NSE
7179265,28044,PURPLEUTED-ST,0.05,250,EQ,NSE,NSE
3820033,14922,PURVA,0.01,1,EQ,NSE,NSE
5872129,22938,PURVFLEXI-SM,0.05,800,EQ,NSE,NSE
193966849,757683,PUSHPA-SM,0.05,1000,EQ,NSE,NSE
1026561,4010,PVP,0.01,1,EQ,NSE,NSE
3365633,13147,PVRINOX,0.1,1,EQ,NSE,NSE
5924353,23142,PVSL,0.01,1,EQ,NSE,NSE
195635457,764201,PVTBAKINAV,0.01,1,EQ,NSE,NSE
2914817,11386,PVTBANIETF,0.01,1,EQ,NSE,NSE
195633921,764195,PVTBANK,0.01,1,EQ,NSE,NSE
4499457,17576,PVTBANKADD,0.01,1,EQ,NSE,NSE
195474433,763572,PVTBKGROWW,0.01,1,EQ,NSE,NSE
194489089,759723,PWL,0.01,1,EQ,NSE,NSE
4672001,18250,PYRAMID,0.01,1,EQ,NSE,NSE
3740929,14613,QFIL-SM,0.05,1000,EQ,NSE,NSE
3924481,15330,QGOLDHALF,0.01,1,EQ,NSE,NSE
2113793,8257,QGOLDHINAV,0.01,1,EQ,NSE,NSE
195480065,763594,QLINE-SM,0.05,400,EQ,NSE,NSE
192423169,751653,QMSMEDI-BE,0.01,1,EQ,NSE,NSE
4305665,16819,QNIFTY,0.01,1,EQ,NSE,NSE
2598657,10151,QNIFTYINAV,0.01,1,EQ,NSE,NSE
7606017,29711,QPOWER,0.1,1,EQ,NSE,NSE
195348993,763082,QSIFAADG-SF,0.01,1,EQ,NSE,NSE
195349505,763084,QSIFAADP-SF,0.01,1,EQ,NSE,NSE
195350017,763086,QSIFAARG-SF,0.01,1,EQ,NSE,NSE
195350529,763088,QSIFAARR-SF,0.01,1,EQ,NSE,NSE
194376961,759285,QSIFHDG-SF,0.01,1,EQ,NSE,NSE
194380289,759298,QSIFHRG-SF,0.01,1,EQ,NSE,NSE
195519745,763749,QSIFHRP-SF,0.01,1,EQ,NSE,NSE
194451457,759576,QSIFHRR-SF,0.01,1,EQ,NSE,NSE
7446273,29087,QUADFUTURE,0.05,1,EQ,NSE,NSE
1502721,5870,QUADPRO-SM,0.05,12000,EQ,NSE,NSE
4558849,17808,QUAL30IETF,0.01,1,EQ,NSE,NSE
7815681,30530,QUALITINAV,0.01,1,EQ,NSE,NSE
194034177,757946,QUALITY30,0.01,1,EQ,NSE,NSE
4532225,17704,QUESS,0.05,1,EQ,NSE,NSE
6091009,23793,QUESTLAB-SM,0.05,1200,EQ,NSE,NSE
3361537,13131,QUICKHEAL-BE,0.01,1,EQ,NSE,NSE
3912961,15285,QUICKTOUCH-SM,0.05,500,EQ,NSE,NSE
195290625,762854,QUINT,0.01,1,EQ,NSE,NSE
2400257,9376,QUINTEGRA-BE,0.01,1,EQ,NSE,NSE
6388993,24957,QVCEL-SM,0.05,1600,EQ,NSE,NSE
3940097,15391,RACE,0.01,1,EQ,NSE,NSE
6955777,27171,RACLGEAR,0.1,1,EQ,NSE,NSE
2798593,10932,RADAAN,0.01,1,EQ,NSE,NSE
2647809,10343,RADHIKAJWE,0.01,1,EQ,NSE,NSE
3476481,13580,RADIANTCMS,0.01,1,EQ,NSE,NSE
2813441,10990,RADICO,0.1,1,EQ,NSE,NSE
5088513,19877,RADIOCITY,0.01,1,EQ,NSE,NSE
6001921,23445,RADIOWALLA-ST,0.05,1600,EQ,NSE,NSE
622337,2431,RAILTEL,0.05,1,EQ,NSE,NSE
3926273,15337,RAIN,0.01,1,EQ,NSE,NSE
2408449,9408,RAINBOW,0.1,1,EQ,NSE,NSE
194678017,760461,RAJESHEXPO-BZ,0.01,1,EQ,NSE,NSE
6324993,24707,RAJINDLTD-SM,0.05,1500,EQ,NSE,NSE
555009,2168,RAJMET,0.01,1,EQ,NSE,NSE
193805313,757052,RAJOOENG-BE,0.01,1,EQ,NSE,NSE
195291905,762859,RAJPALAYAM,0.05,1,EQ,NSE,NSE
6980865,27269,RAJPUTANA-SM,0.05,500,EQ,NSE,NSE
4854273,18962,RAJRATAN,0.05,1,EQ,NSE,NSE
2157569,8428,RAJRILTD-BE,0.01,1,EQ,NSE,NSE
719105,2809,RAJSREESUG,0.01,1,EQ,NSE,NSE
3687169,14403,RAJTV,0.01,1,EQ,NSE,NSE
1602305,6259,RAJVIR-BZ,0.01,1,EQ,NSE,NSE
720897,2816,RALLIS,0.01,1,EQ,NSE,NSE
3472641,13565,RAMANEWS,0.01,1,EQ,NSE,NSE
2705409,10568,RAMAPHO,0.01,1,EQ,NSE,NSE
2637825,10304,RAMASTEEL-BE,0.01,1,EQ,NSE,NSE
195130113,762227,RAMBHAJO,0.01,1,EQ,NSE,NSE
523009,2043,RAMCOCEM,0.05,1,EQ,NSE,NSE
1174273,4587,RAMCOIND,0.05,1,EQ,NSE,NSE
2009857,7851,RAMCOSYS,0.05,1,EQ,NSE,NSE
5154305,20134,RAMKY,0.05,1,EQ,NSE,NSE
2684161,10485,RAMRAT,0.05,1,EQ,NSE,NSE
726273,2837,RANASUG,0.01,1,EQ,NSE,NSE
728065,2844,RANEHOLDIN,0.1,1,EQ,NSE,NSE
7797761,30460,RAPIDFLEET-SM,0.05,600,EQ,NSE,NSE
6556161,25610,RAPPID-SM,0.05,600,EQ,NSE,NSE
1837313,7177,RATEGAIN,0.05,1,EQ,NSE,NSE
3443457,13451,RATNAMANI,0.1,1,EQ,NSE,NSE
4716289,18423,RATNAVEER,0.01,1,EQ,NSE,NSE
731905,2859,RAYMOND,0.05,1,EQ,NSE,NSE
6418689,25073,RAYMONDLSL,0.05,1,EQ,NSE,NSE
194189057,758551,RAYMONDREL,0.05,1,EQ,NSE,NSE
382465,1494,RBA,0.01,1,EQ,NSE,NSE
4708097,18391,RBLBANK,0.05,1,EQ,NSE,NSE
3473921,13570,RBMINFRA-SM,0.05,200,EQ,NSE,NSE
6032641,23565,RBS-SM,0.05,800,EQ,NSE,NSE
5343745,20874,RBZJEWEL,0.01,1,EQ,NSE,NSE
195953921,765445,RCDL-RE-ST,0.05,3000,EQ,NSE,NSE
5038337,19681,RCDL-SM,0.05,3000,EQ,NSE,NSE
733697,2866,RCF,0.01,1,EQ,NSE,NSE
3376129,13188,RCOM-BE,0.01,1,EQ,NSE,NSE
7567617,29561,READYMIX-SM,0.05,1000,EQ,NSE,NSE
3930881,15355,RECLTD,0.05,1,EQ,NSE,NSE
3649281,14255,REDINGTON,0.05,1,EQ,NSE,NSE
4571905,17859,REDTAPE,0.01,1,EQ,NSE,NSE
4547585,17764,REFEX,0.05,1,EQ,NSE,NSE
6071809,23718,REFRACTORY-SM,0.05,1000,EQ,NSE,NSE
194222081,758680,REGAAL,0.01,1,EQ,NSE,NSE
1057281,4130,REGENCERAM,0.01,1,EQ,NSE,NSE
6201601,24225,RELAXO,0.05,1,EQ,NSE,NSE
2470913,9652,RELCHEMQ,0.01,1,EQ,NSE,NSE
6240769,24378,RELIABLE,0.01,1,EQ,NSE,NSE
738561,2885,RELIANCE,0.1,1,EQ,NSE,NSE
3857409,15068,RELIGARE,0.05,1,EQ,NSE,NSE
1226497,4791,RELINFRA-BE,0.01,1,EQ,NSE,NSE
6296577,24596,RELTD,0.01,1,EQ,NSE,NSE
1015041,3965,REMSONSIND,0.01,1,EQ,NSE,NSE
4135425,16154,REMUS-SM,0.05,100,EQ,NSE,NSE
3078657,12026,RENUKA,0.01,1,EQ,NSE,NSE
7577089,29598,REPCOHOME,0.05,1,EQ,NSE,NSE
380417,1486,REPL-BE,0.01,1,EQ,NSE,NSE
3360257,13126,REPRO,0.05,1,EQ,NSE,NSE
5202689,20323,RESPONIND,0.01,1,EQ,NSE,NSE
6181121,24145,RETAIL,0.01,1,EQ,NSE,NSE
1359105,5309,REXPIPES-SM,0.05,1000,EQ,NSE,NSE
7493121,29270,REXPRO-SM,0.05,1000,EQ,NSE,NSE
195447809,763468,RFBL-ST,0.05,3000,EQ,NSE,NSE
3873025,15129,RGL,0.01,1,EQ,NSE,NSE
194319873,759062,RHETAN,0.01,1,EQ,NSE,NSE
193347329,755263,RHEXHDDG-SF,0.01,1,EQ,NSE,NSE
193350657,755276,RHEXHDDIR-SF,0.01,1,EQ,NSE,NSE
193345793,755257,RHEXHDRG-SF,0.01,1,EQ,NSE,NSE
194356225,759204,RHFL-BZ,0.01,1,EQ,NSE,NSE
7977729,31163,RHIM,0.05,1,EQ,NSE,NSE
3880193,15157,RHL,0.01,1,EQ,NSE,NSE
2102273,8212,RICHA-ST,0.05,1000,EQ,NSE,NSE
744705,2909,RICOAUTO,0.01,1,EQ,NSE,NSE
745473,2912,RIIL,0.05,1,EQ,NSE,NSE
195134465,762244,RIIT-IV,0.01,1,EQ,NSE,NSE
2522625,9854,RILINFRA-SM,0.05,100,EQ,NSE,NSE
195614977,764121,RIR,0.01,1,EQ,NSE,NSE
4714753,18417,RISHABH,0.05,1,EQ,NSE,NSE
2289665,8944,RITCO,0.05,1,EQ,NSE,NSE
962817,3761,RITES,0.01,1,EQ,NSE,NSE
3048961,11910,RITEZONE-SM,0.05,1600,EQ,NSE,NSE
5363201,20950,RKDL,0.01,1,EQ,NSE,NSE
396033,1547,RKEC,0.01,1,EQ,NSE,NSE
2921217,11411,RKFORGE,0.05,1,EQ,NSE,NSE
5899009,23043,RKSWAMY,0.01,1,EQ,NSE,NSE
195160577,762346,RMC,0.05,1,EQ,NSE,NSE
194006017,757836,RMDRIP-BE,0.01,1,EQ,NSE,NSE
3065601,11975,RML,0.1,1,EQ,NSE,NSE
194299137,758981,RNBDENIMS,0.01,1,EQ,NSE,NSE
6294785,24589,RNFI-SM,0.05,600,EQ,NSE,NSE
194088193,758157,RNPL-SM,0.05,1200,EQ,NSE,NSE
7693057,30051,ROADSTAR-IV,0.01,25000,EQ,NSE,NSE
5193985,20289,ROCKINGDCE-SM,0.05,250,EQ,NSE,NSE
194568449,760033,ROCKPP-E1,0.05,1000,EQ,NSE,NSE
3374593,13182,ROHLTD,0.05,1,EQ,NSE,NSE
1351425,5279,ROLEXRINGS,0.01,1,EQ,NSE,NSE
4891649,19108,ROLLT-BE,0.01,1,EQ,NSE,NSE
91905,359,ROML,0.01,1,EQ,NSE,NSE
4968961,19410,ROSSARI,0.05,1,EQ,NSE,NSE
7401729,28913,ROSSELLIND,0.01,1,EQ,NSE,NSE
7002369,27353,ROSSTECH,0.05,1,EQ,NSE,NSE
2316545,9049,ROTO,0.01,1,EQ,NSE,NSE
32769,128,ROUTE,0.05,1,EQ,NSE,NSE
5162753,20167,ROXHITECH-SM,0.05,1600,EQ,NSE,NSE
7610113,29727,ROYALARC-SM,0.05,1200,EQ,NSE,NSE
6332161,24735,RPEL,0.1,1,EQ,NSE,NSE
4281601,16725,RPGLIFE,0.1,1,EQ,NSE,NSE
3906305,15259,RPOWER,0.01,1,EQ,NSE,NSE
5314561,20760,RPPINFRA,0.01,1,EQ,NSE,NSE
1770241,6915,RPPL-BE,0.01,1,EQ,NSE,NSE
2078465,8119,RPSGVENT,0.05,1,EQ,NSE,NSE
5803521,22670,RPTECH,0.05,1,EQ,NSE,NSE
195801601,764850,RRECL,0.01,1,EQ,NSE,NSE
195293185,762864,RRIL,0.01,1,EQ,NSE,NSE
4752897,18566,RRKABEL,0.1,1,EQ,NSE,NSE
195295233,762872,RSDFIN-BE,0.01,1,EQ,NSE,NSE
194928385,761439,RSL,0.01,1,EQ,NSE,NSE
1645825,6429,RSSOFTWARE,0.01,1,EQ,NSE,NSE
1866753,7292,RSWM-BE,0.01,1,EQ,NSE,NSE
3433985,13414,RSYSTEMS,0.05,1,EQ,NSE,NSE
193990913,757777,RTL-SM,0.05,2000,EQ,NSE,NSE
6988033,27297,RTNINDIA,0.01,1,EQ,NSE,NSE
4485121,17520,RTNPOWER,0.01,1,EQ,NSE,NSE
195802881,764855,RTSPOWR,0.01,1,EQ,NSE,NSE
6330881,24730,RUBFILA,0.01,1,EQ,NSE,NSE
194384897,759316,RUBICON,0.1,1,EQ,NSE,NSE
2591489,10123,RUBYMILLS-BE,0.05,1,EQ,NSE,NSE
1168897,4566,RUCHINFRA,0.01,1,EQ,NSE,NSE
3538177,13821,RUCHIRA,0.01,1,EQ,NSE,NSE
194660353,760392,RUDRA,0.01,1,EQ,NSE,NSE
6100481,23830,RULKA-SM,0.05,300,EQ,NSE,NSE
6585345,25724,RUPA,0.01,1,EQ,NSE,NSE
6296321,24595,RUSHIL,0.01,1,EQ,NSE,NSE
3128065,12219,RUSTOMJEE,0.05,1,EQ,NSE,NSE
400641,1565,RVHL,0.01,1,EQ,NSE,NSE
2445313,9552,RVNL,0.01,1,EQ,NSE,NSE
6440193,25157,RVTH,0.05,1,EQ,NSE,NSE
755457,2951,S&SPOWER,0.05,1,EQ,NSE,NSE
4892673,19112,SAAKSHI-ST,0.05,600,EQ,NSE,NSE
194318593,759057,SAATVIKGL,0.05,1,EQ,NSE,NSE
195804161,764860,SAB,0.01,1,EQ,NSE,NSE
2812161,10985,SABAR-ST,0.05,5000,EQ,NSE,NSE
193896705,757409,SACHEEROME-SM,0.05,300,EQ,NSE,NSE
3388417,13236,SADBHAV,0.01,1,EQ,NSE,NSE
2719233,10622,SADBHIN-BE,0.01,1,EQ,NSE,NSE
5861633,22897,SADHAV-SM,0.05,600,EQ,NSE,NSE
3929345,15349,SADHNANIQ-BE,0.01,1,EQ,NSE,NSE
3336961,13035,SAFARI,0.1,1,EQ,NSE,NSE
193941249,757583,SAFEENTP-SM,0.05,500,EQ,NSE,NSE
2092801,8175,SAGARDEEP,0.01,1,EQ,NSE,NSE
3601409,14068,SAGCEM,0.01,1,EQ,NSE,NSE
6925313,27052,SAGILITY,0.01,1,EQ,NSE,NSE
6266369,24478,SAHAJSOLAR-SM,0.05,400,EQ,NSE,NSE
4278017,16711,SAHANA-SM,0.05,150,EQ,NSE,NSE
6571777,25671,SAHASRA-ST,0.05,400,EQ,NSE,NSE
194992129,761688,SAHLIBHFI,0.01,1,EQ,NSE,NSE
3814401,14900,SAHYADRI,0.05,1,EQ,NSE,NSE
195805441,764865,SAICAPI,0.01,1,EQ,NSE,NSE
5400577,21096,SAIFL-SM,0.05,4000,EQ,NSE,NSE
758529,2963,SAIL,0.01,1,EQ,NSE,NSE
7126785,27839,SAILIFE,0.1,1,EQ,NSE,NSE
194988801,761675,SAIPARENT,0.05,1,EQ,NSE,NSE
6583041,25715,SAJHOTELS-ST,0.05,2000,EQ,NSE,NSE
2441985,9539,SAKAR,0.05,1,EQ,NSE,NSE
760065,2969,SAKHTISUG,0.01,1,EQ,NSE,NSE
3019265,11794,SAKSOFT,0.01,1,EQ,NSE,NSE
3392257,13251,SAKUMA,0.01,1,EQ,NSE,NSE
5468673,21362,SALASAR,0.01,1,EQ,NSE,NSE
4441857,17351,SALONA,0.01,1,EQ,NSE,NSE
2978305,11634,SALSTEEL,0.01,1,EQ,NSE,NSE
2918145,11399,SALZERELEC,0.05,1,EQ,NSE,NSE
193753857,756851,SAMAY-ST,0.05,4000,EQ,NSE,NSE
195806721,764870,SAMBANDAM,0.01,1,EQ,NSE,NSE
1056513,4127,SAMBHAAV,0.01,1,EQ,NSE,NSE
193988353,757767,SAMBHV,0.01,1,EQ,NSE,NSE
4765185,18614,SAMHI,0.01,1,EQ,NSE,NSE
7712001,30125,SAMMAANCAP,0.01,1,EQ,NSE,NSE
6989569,27303,SAMPANN,0.01,1,EQ,NSE,NSE
7374081,28805,SANATHAN,0.05,1,EQ,NSE,NSE
764929,2988,SANDESH,0.05,1,EQ,NSE,NSE
613633,2397,SANDHAR,0.05,1,EQ,NSE,NSE
4699905,18359,SANDUMA,0.01,1,EQ,NSE,NSE
1071105,4184,SANGAMIND,0.05,1,EQ,NSE,NSE
4616961,18035,SANGANI-SM,0.05,1500,EQ,NSE,NSE
3598849,14058,SANGHVIMOV,0.05,1,EQ,NSE,NSE
2824449,11033,SANGINITA-BE,0.01,1,EQ,NSE,NSE
369153,1442,SANOFI,0.1,1,EQ,NSE,NSE
6456833,25222,SANOFICONR,0.1,1,EQ,NSE,NSE
1472257,5751,SANSERA,0.1,1,EQ,NSE,NSE
6292993,24582,SANSTAR,0.01,1,EQ,NSE,NSE
11777,46,SANWARIA-BZ,0.01,1,EQ,NSE,NSE
1719809,6718,SAPPHIRE,0.01,1,EQ,NSE,NSE
195295745,762874,SAPPL,0.05,1,EQ,NSE,NSE
4546049,17758,SARDAEN,0.05,1,EQ,NSE,NSE
1252353,4892,SAREGAMA,0.05,1,EQ,NSE,NSE
3595009,14043,SARLAPOLY,0.01,1,EQ,NSE,NSE
4737537,18506,SAROJA-SM,0.05,1600,EQ,NSE,NSE
5084929,19863,SARTELE-SM,0.05,500,EQ,NSE,NSE
3305729,12913,SARVESHWAR,0.01,1,EQ,NSE,NSE
3067649,11983,SASKEN,0.1,1,EQ,NSE,NSE
6316545,24674,SATECH-SM,0.05,1000,EQ,NSE,NSE
2827521,11045,SATIA,0.01,1,EQ,NSE,NSE
2675969,10453,SATIN,0.01,1,EQ,NSE,NSE
6273793,24507,SATIPOLY-ST,0.05,500,EQ,NSE,NSE
7462657,29151,SATKARTAR-SM,0.05,800,EQ,NSE,NSE
194293761,758960,SATTVAENGG-SM,0.05,1600,EQ,NSE,NSE
772609,3018,SAURASHCEM,0.01,1,EQ,NSE,NSE
193972225,757704,SAVY-SM,0.05,1200,EQ,NSE,NSE
194161665,758444,SAWALIYA-SM,0.05,600,EQ,NSE,NSE
195297025,762879,SAYAJIHOTL,0.05,1,EQ,NSE,NSE
195808001,764875,SAYAJIIND,0.01,1,EQ,NSE,NSE
1738753,6792,SBC,0.01,1,EQ,NSE,NSE
1191937,4656,SBCL,0.05,1,EQ,NSE,NSE
4614657,18026,SBFC,0.01,1,EQ,NSE,NSE
3619585,14139,SBGLP,0.01,1,EQ,NSE,NSE
7838465,30619,SBI150INAV,0.01,1,EQ,NSE,NSE
7754241,30290,SBIBPB,0.01,1,EQ,NSE,NSE
7755009,30293,SBIBPBINAV,0.01,1,EQ,NSE,NSE
4600577,17971,SBICARD,0.05,1,EQ,NSE,NSE
2599169,10153,SBICONINAV,0.01,1,EQ,NSE,NSE
1323009,5168,SBIETFCON,0.01,1,EQ,NSE,NSE
2600961,10160,SBIETFINAV,0.01,1,EQ,NSE,NSE
189441,740,SBIETFIT,0.01,1,EQ,NSE,NSE
184833,722,SBIETFPB,0.01,1,EQ,NSE,NSE
1847809,7218,SBIETFQLTY,0.01,1,EQ,NSE,NSE
2599425,10154,SBIFPBINAV,0.01,1,EQ,NSE,NSE
195628289,764173,SBIFUNDS,0.05,1,EQ,NSE,NSE
5582849,21808,SBILIFE,0.1,1,EQ,NSE,NSE
194174977,758496,SBILIQETF,0.01,1,EQ,NSE,NSE
7817473,30537,SBILIQINAV,0.01,1,EQ,NSE,NSE
2598913,10152,SBILTYINAV,0.01,1,EQ,NSE,NSE
194840321,761095,SBIMIDMOM,0.01,1,EQ,NSE,NSE
7835905,30609,SBIMOMINAV,0.01,1,EQ,NSE,NSE
779521,3045,SBIN,0.1,1,EQ,NSE,NSE
6278913,24527,SBINEQINAV,0.01,1,EQ,NSE,NSE
6278145,24524,SBINEQWETF,0.01,1,EQ,NSE,NSE
195005697,761741,SBINMID150,0.01,1,EQ,NSE,NSE
6238465,24369,SBISILINAV,0.01,1,EQ,NSE,NSE
6237697,24366,SBISILVER,0.01,1,EQ,NSE,NSE
195467009,763543,SBISMLETF,0.01,1,EQ,NSE,NSE
195469057,763551,SBISMLINAV,0.01,1,EQ,NSE,NSE
195467777,763546,SBIVALETF,0.01,1,EQ,NSE,NSE
195468801,763550,SBIVALINAV,0.01,1,EQ,NSE,NSE
195299073,762887,SCANSTL-BE,0.01,1,EQ,NSE,NSE
258817,1011,SCHAEFFLER,0.1,1,EQ,NSE,NSE
5298689,20698,SCHAND,0.01,1,EQ,NSE,NSE
7995905,31234,SCHNEIDER,0.1,1,EQ,NSE,NSE
780289,3048,SCI,0.05,1,EQ,NSE,NSE
5920513,23127,SCILAL,0.01,1,EQ,NSE,NSE
193911553,757467,SCL010825-NB,0.01,1,EQ,NSE,NSE
193911809,757468,SCL0182025-NC,0.01,1,EQ,NSE,NSE
193910273,757462,SCL01825-N6,0.01,1,EQ,NSE,NSE
193910017,757461,SCL1825-N5,0.01,1,EQ,NSE,NSE
7734273,30212,SCL190325-N1,0.01,1,EQ,NSE,NSE
7737857,30226,SCL190325A-N1,0.01,1,EQ,NSE,NSE
7735809,30218,SCL19325-N1,0.01,1,EQ,NSE,NSE
7733761,30210,SCL19325A-N1,0.01,1,EQ,NSE,NSE
6538753,25542,SCL25924-N1,0.01,1,EQ,NSE,NSE
6539265,25544,SCL25924A-N1,0.01,1,EQ,NSE,NSE
6541825,25554,SCL25924C-N1,0.01,1,EQ,NSE,NSE
6542337,25556,SCL25924D-N1,0.01,1,EQ,NSE,NSE
5061121,19770,SCL26-NA,0.01,1,EQ,NSE,NSE
7400193,28907,SCL271224-N1,0.01,1,EQ,NSE,NSE
7400449,28908,SCL271224A-N1,0.01,1,EQ,NSE,NSE
7404289,28923,SCL271224B-N1,0.01,1,EQ,NSE,NSE
6131201,23950,SCL310524A-ZK,0.01,1,EQ,NSE,NSE
4769281,18630,SCLZC26-NB,0.01,1,EQ,NSE,NSE
4771329,18638,SCLZC26A-NF,0.01,1,EQ,NSE,NSE
5061633,19772,SCLZC26C-NB,0.01,1,EQ,NSE,NSE
5140993,20082,SCLZC26D-NO,0.01,1,EQ,NSE,NSE
5142529,20088,SCLZC26E-NP,0.01,1,EQ,NSE,NSE
5376769,21003,SCLZC26F-Y9,0.01,1,EQ,NSE,NSE
5378049,21008,SCLZC26G-YA,0.01,1,EQ,NSE,NSE
4984065,19469,SCML-SM,0.05,1000,EQ,NSE,NSE
193914369,757478,SCODATUBES,0.01,1,EQ,NSE,NSE
3092737,12081,SCPL-BE,0.05,1,EQ,NSE,NSE
342529,1338,SDBL,0.01,1,EQ,NSE,NSE
195340289,763048,SDIL41-N0,0.01,1,EQ,NSE,NSE
2596353,10142,SDL24BINAV,0.01,1,EQ,NSE,NSE
2597633,10147,SDL26BINAV,0.01,1,EQ,NSE,NSE
6535169,25528,SDREAMS-SM,0.05,1000,EQ,NSE,NSE
669697,2616,SEAMECLTD,0.1,1,EQ,NSE,NSE
510721,1995,SECL-SZ,0.05,6250,EQ,NSE,NSE
4990977,19496,SECMARK,0.01,1,EQ,NSE,NSE
2830849,11058,SECURKLOUD,0.01,1,EQ,NSE,NSE
194855169,761153,SEDEMAC,0.1,1,EQ,NSE,NSE
195299585,762889,SEIL,0.01,1,EQ,NSE,NSE
5458177,21321,SEITINVIT-IV,0.01,25000,EQ,NSE,NSE
1815297,7091,SEJALLTD,0.05,1,EQ,NSE,NSE
195809281,764880,SEKURITIND,0.01,1,EQ,NSE,NSE
4675585,18264,SEL-SM,0.05,200,EQ,NSE,NSE
7707905,30109,SELECTIPO,0.01,1,EQ,NSE,NSE
7712513,30127,SELIPOINAV,0.01,1,EQ,NSE,NSE
194043393,757982,SELLOWRAP-SM,0.05,1600,EQ,NSE,NSE
1603073,6262,SELMC,0.01,1,EQ,NSE,NSE
3062017,11961,SEMAC,0.05,1,EQ,NSE,NSE
4421377,17271,SENCO,0.05,1,EQ,NSE,NSE
7395329,28888,SENORES,0.1,1,EQ,NSE,NSE
4508929,17613,SENSEXADD,0.01,1,EQ,NSE,NSE
3773953,14742,SENSEXAXIS,0.01,1,EQ,NSE,NSE
2691841,10515,SENSEXBETA,0.01,1,EQ,NSE,NSE
4921345,19224,SENSEXETF,0.01,1,EQ,NSE,NSE
1120769,4378,SENSEXIETF,0.01,1,EQ,NSE,NSE
4927233,19247,SENSEXINAV,0.01,1,EQ,NSE,NSE
3918849,15308,SEPC,0.01,1,EQ,NSE,NSE
4454145,17399,SERVICE-SM,0.05,2000,EQ,NSE,NSE
1409793,5507,SERVOTECH,0.01,1,EQ,NSE,NSE
784897,3066,SESHAPAPER,0.01,1,EQ,NSE,NSE
4484609,17518,SETCO-BE,0.01,1,EQ,NSE,NSE
4453121,17395,SETF10GILT,0.01,1,EQ,NSE,NSE
2599681,10155,SETF10INAV,0.01,1,EQ,NSE,NSE
2601217,10161,SETF50INAV,0.01,1,EQ,NSE,NSE
2114049,8258,SETFGOINAV,0.01,1,EQ,NSE,NSE
4421633,17272,SETFGOLD,0.01,1,EQ,NSE,NSE
2605057,10176,SETFNIF50,0.01,1,EQ,NSE,NSE
1884417,7361,SETFNIFBK,0.01,1,EQ,NSE,NSE
2602497,10166,SETFNIINAV,0.01,1,EQ,NSE,NSE
1882369,7353,SETFNN50,0.01,1,EQ,NSE,NSE
2602753,10167,SETFNNINAV,0.01,1,EQ,NSE,NSE
7443201,29075,SETL,0.05,1,EQ,NSE,NSE
4614145,18024,SETUINFRA-BZ,0.01,1,EQ,NSE,NSE
2774017,10836,SEYAIND-BE,0.01,1,EQ,NSE,NSE
4911105,19184,SFL,0.05,1,EQ,NSE,NSE
7185665,28069,SFML-SM,0.05,1600,EQ,NSE,NSE
4828673,18862,SGBAPR28I-GB,0.01,1,EQ,NSE,NSE
3303425,12904,SGBAUG27-GB,0.01,1,EQ,NSE,NSE
5730561,22385,SGBAUG28V-GB,0.01,1,EQ,NSE,NSE
1396481,5455,SGBAUG29V-GB,0.01,1,EQ,NSE,NSE
2865153,11192,SGBAUG30-GB,0.01,1,EQ,NSE,NSE
1817089,7098,SGBD29VIII-GB,0.01,1,EQ,NSE,NSE
3950593,15432,SGBDC27VII-GB,0.01,1,EQ,NSE,NSE
3492353,13642,SGBDE30III-GB,0.01,1,EQ,NSE,NSE
5753857,22476,SGBDE31III-GB,0.01,1,EQ,NSE,NSE
1959425,7654,SGBDEC26-GB,0.01,1,EQ,NSE,NSE
2244097,8766,SGBFEB27-GB,0.01,1,EQ,NSE,NSE
4521985,17664,SGBFEB28IX-GB,0.01,1,EQ,NSE,NSE
563201,2200,SGBFEB29XI-GB,0.01,1,EQ,NSE,NSE
5858817,22886,SGBFEB32IV-GB,0.01,1,EQ,NSE,NSE
4380161,17110,SGBJ28VIII-GB,0.01,1,EQ,NSE,NSE
2126849,8308,SGBJAN27-GB,0.01,1,EQ,NSE,NSE
491521,1920,SGBJAN29IX-GB,0.01,1,EQ,NSE,NSE
512769,2003,SGBJAN29X-GB,0.01,1,EQ,NSE,NSE
2017025,7879,SGBJAN30IX-GB,0.01,1,EQ,NSE,NSE
972801,3800,SGBJU29III-GB,0.01,1,EQ,NSE,NSE
2855425,11154,SGBJUL27-GB,0.01,1,EQ,NSE,NSE
5693953,22242,SGBJUL28IV-GB,0.01,1,EQ,NSE,NSE
1308929,5113,SGBJUL29IV-GB,0.01,1,EQ,NSE,NSE
2626817,10261,SGBJUN27-GB,0.01,1,EQ,NSE,NSE
4883969,19078,SGBJUN28-GB,0.01,1,EQ,NSE,NSE
958209,3743,SGBJUN29II-GB,0.01,1,EQ,NSE,NSE
2619393,10232,SGBJUN30-GB,0.01,1,EQ,NSE,NSE
4403713,17202,SGBJUN31I-GB,0.01,1,EQ,NSE,NSE
4723457,18451,SGBMAR28X-GB,0.01,1,EQ,NSE,NSE
2150657,8401,SGBMAR30X-GB,0.01,1,EQ,NSE,NSE
3737089,14598,SGBMAR31IV-GB,0.01,1,EQ,NSE,NSE
4856833,18972,SGBMAY28-GB,0.01,1,EQ,NSE,NSE
957953,3742,SGBMAY29I-GB,0.01,1,EQ,NSE,NSE
719361,2810,SGBMR29XII-GB,0.01,1,EQ,NSE,NSE
343553,1342,SGBN28VIII-GB,0.01,1,EQ,NSE,NSE
1626881,6355,SGBNOV26-GB,0.01,1,EQ,NSE,NSE
1668609,6518,SGBNV29VII-GB,0.01,1,EQ,NSE,NSE
213505,834,SGBOC28VII-GB,0.01,1,EQ,NSE,NSE
1525761,5960,SGBOCT26-GB,0.01,1,EQ,NSE,NSE
3579137,13981,SGBOCT27-GB,0.01,1,EQ,NSE,NSE
3648513,14252,SGBOCT27VI-GB,0.01,1,EQ,NSE,NSE
3381505,13209,SGBSEP27-GB,0.01,1,EQ,NSE,NSE
38145,149,SGBSEP28VI-GB,0.01,1,EQ,NSE,NSE
1427201,5575,SGBSEP29VI-GB,0.01,1,EQ,NSE,NSE
4980737,19456,SGBSEP31II-GB,0.01,1,EQ,NSE,NSE
194266369,758853,SGFIN,0.05,1,EQ,NSE,NSE
1309185,5114,SGIL,0.05,1,EQ,NSE,NSE
3421953,13367,SGL,0.01,1,EQ,NSE,NSE
195903233,765247,SGLRES,0.01,1,EQ,NSE,NSE
194275585,758889,SGMART,0.05,1,EQ,NSE,NSE
195810561,764885,SGRL,0.05,1,EQ,NSE,NSE
194936065,761469,SHADOWFAX,0.01,1,EQ,NSE,NSE
5195777,20296,SHAH,0.01,1,EQ,NSE,NSE
3035137,11856,SHAHALLOYS,0.01,1,EQ,NSE,NSE
2234113,8727,SHAILY,0.1,1,EQ,NSE,NSE
2735105,10684,SHAIVAL-ST,0.05,3600,EQ,NSE,NSE
6546945,25574,SHAKTIPUMP,0.05,1,EQ,NSE,NSE
182785,714,SHALBY,0.01,1,EQ,NSE,NSE
3928577,15346,SHALPAINTS-BE,0.01,1,EQ,NSE,NSE
5202177,20321,SHANKARA,0.01,1,EQ,NSE,NSE
195937793,765382,SHANKESH,0.01,1,EQ,NSE,NSE
5056513,19752,SHANTHALA-SM,0.05,1200,EQ,NSE,NSE
1446401,5650,SHANTI,0.01,1,EQ,NSE,NSE
787969,3078,SHANTIGEAR,0.05,1,EQ,NSE,NSE
194048513,758002,SHANTIGOLD,0.01,1,EQ,NSE,NSE
1277953,4992,SHARDACROP,0.05,1,EQ,NSE,NSE
2695681,10530,SHARDAMOTR,0.05,1,EQ,NSE,NSE
195301633,762897,SHARDUL-BE,0.01,1,EQ,NSE,NSE
26625,104,SHAREINDIA,0.01,1,EQ,NSE,NSE
4363265,17044,SHARIABEES,0.01,1,EQ,NSE,NSE
195302145,762899,SHBAJRG,0.01,1,EQ,NSE,NSE
194408961,759410,SHEEL-ST,0.05,2000,EQ,NSE,NSE
5226241,20415,SHEETAL-SM,0.05,500,EQ,NSE,NSE
5401345,21099,SHEKHAWATI-BE,0.01,1,EQ,NSE,NSE
1298433,5072,SHEMAROO-BE,0.01,1,EQ,NSE,NSE
3628033,14172,SHERA-SM,0.05,1000,EQ,NSE,NSE
195811841,764890,SHERVANI,0.05,1,EQ,NSE,NSE
194509313,759802,SHETHJI-SM,0.05,1000,EQ,NSE,NSE
2148865,8394,SHIGAN-SM,0.05,1500,EQ,NSE,NSE
194520833,759847,SHILCTECH,0.1,1,EQ,NSE,NSE
195813121,764895,SHILGRAVQ,0.01,1,EQ,NSE,NSE
4544513,17752,SHILPAMED,0.05,1,EQ,NSE,NSE
195303425,762904,SHINDL,0.01,1,EQ,NSE,NSE
195912193,765282,SHIPROCKET,0.01,1,EQ,NSE,NSE
195814401,764900,SHIVAAGRO,0.01,1,EQ,NSE,NSE
195880961,765160,SHIVACEM,0.01,1,EQ,NSE,NSE
1798657,7026,SHIVALIK-BE,0.01,1,EQ,NSE,NSE
3521537,13756,SHIVAMAUTO,0.01,1,EQ,NSE,NSE
383233,1497,SHIVAMILLS,0.01,1,EQ,NSE,NSE
194238465,758744,SHIVASHRIT-SM,0.05,1000,EQ,NSE,NSE
205825,804,SHIVATEX,0.01,1,EQ,NSE,NSE
194495233,759747,SHIVAUM,0.05,1,EQ,NSE,NSE
2870273,11212,SHK,0.01,1,EQ,NSE,NSE
194193409,758568,SHKSIL-SM,0.05,2000,EQ,NSE,NSE
3024129,11813,SHOPERSTOP,0.05,1,EQ,NSE,NSE
195815681,764905,SHRADDHA,0.01,1,EQ,NSE,NSE
181249,708,SHRADHA,0.01,1,EQ,NSE,NSE
793345,3099,SHREDIGCEM,0.01,1,EQ,NSE,NSE
794369,3103,SHREECEM,5,1,EQ,NSE,NSE
195112705,762159,SHREEDHAR-ST,0.05,2000,EQ,NSE,NSE
194418689,759448,SHREEJISPG,0.05,1,EQ,NSE,NSE
5906945,23074,SHREEKARNI-SM,0.05,150,EQ,NSE,NSE
5274369,20603,SHREEOSFM-SM,0.05,1000,EQ,NSE,NSE
2710529,10588,SHREEPUSHK,0.05,1,EQ,NSE,NSE
1952513,7627,SHREERAMA,0.01,1,EQ,NSE,NSE
1463809,5718,SHREMINVIT-IV,0.01,25000,EQ,NSE,NSE
194624513,760252,SHRENIK-BZ,0.01,1,EQ,NSE,NSE
800257,3126,SHREYANIND,0.01,1,EQ,NSE,NSE
193640705,756409,SHRIAHIMSA-ST,0.05,600,EQ,NSE,NSE
194611713,760202,SHRIKANHA-SM,0.05,1600,EQ,NSE,NSE
195304705,762909,SHRIKRISH,0.01,1,EQ,NSE,NSE
194327809,759093,SHRINGARMS,0.01,1,EQ,NSE,NSE
4399617,17186,SHRIPISTON,0.1,1,EQ,NSE,NSE
1102337,4306,SHRIRAMFIN,0.1,1,EQ,NSE,NSE
1843201,7200,SHRIRAMPPS,0.01,1,EQ,NSE,NSE
4527105,17684,SHRITECH-SM,0.05,2000,EQ,NSE,NSE
195816961,764910,SHRJAGP,0.05,1,EQ,NSE,NSE
1651457,6451,SHUBHLAXMI-SM,0.05,1000,EQ,NSE,NSE
6461441,25240,SHUBHSHREE-SM,0.05,300,EQ,NSE,NSE
195721473,764537,SHUKRAPHAR,0.01,1,EQ,NSE,NSE
2609153,10192,SHYAMCENT-BE,0.01,1,EQ,NSE,NSE
194870529,761213,SHYAMDHANI-ST,0.05,2000,EQ,NSE,NSE
1201409,4693,SHYAMMETL,0.1,1,EQ,NSE,NSE
3517441,13740,SHYAMTEL,0.01,1,EQ,NSE,NSE
4320001,16875,SICAGEN,0.01,1,EQ,NSE,NSE
4976641,19440,SICALLOG-BE,0.01,1,EQ,NSE,NSE
194516993,759832,SICCL28-N0,0.01,1,EQ,NSE,NSE
195723777,764546,SICCL29-N0,0.01,1,EQ,NSE,NSE
195518721,763745,SIDBI29-N0,0.01,1,EQ,NSE,NSE
194317569,759053,SIDDHICOTS-SM,0.05,1200,EQ,NSE,NSE
805889,3148,SIDDHIKA-SM,0.05,500,EQ,NSE,NSE
805633,3147,SIEL,0.01,1,EQ,NSE,NSE
806401,3150,SIEMENS,0.1,1,EQ,NSE,NSE
1705729,6663,SIGACHI,0.01,1,EQ,NSE,NSE
1156353,4517,SIGIND-BE,0.01,1,EQ,NSE,NSE
4264449,16658,SIGMA,0.01,1,EQ,NSE,NSE
3788033,14797,SIGMAADV-BE,0.05,1,EQ,NSE,NSE
4798209,18743,SIGNATURE,0.05,1,EQ,NSE,NSE
5926401,23150,SIGNORIA-ST,0.05,1000,EQ,NSE,NSE
5799937,22656,SIGNPOST,0.05,1,EQ,NSE,NSE
6643201,25950,SIHF27-N0,0.01,1,EQ,NSE,NSE
194720769,760628,SIHF29-N0,0.01,1,EQ,NSE,NSE
195004161,761735,SIHF29A-N0,0.01,1,EQ,NSE,NSE
195655425,764279,SIHF29B-N0,0.01,1,EQ,NSE,NSE
195305985,762914,SIKA,0.1,1,EQ,NSE,NSE
1593857,6226,SIKKO-BE,0.01,1,EQ,NSE,NSE
2892033,11297,SIL,0.01,1,EQ,NSE,NSE
7807489,30498,SIL360INAV,0.01,1,EQ,NSE,NSE
7829505,30584,SILBNDINAV,0.01,1,EQ,NSE,NSE
7751681,30280,SILCASINAV,0.01,1,EQ,NSE,NSE
3864065,15094,SILETFINAV,0.01,1,EQ,NSE,NSE
637953,2492,SILGO,0.01,1,EQ,NSE,NSE
1050881,4105,SILINV,0.05,1,EQ,NSE,NSE
6076417,23736,SILKFLEX-SM,0.05,1000,EQ,NSE,NSE
193965825,757679,SILKY-SM,0.05,800,EQ,NSE,NSE
4888833,19097,SILLYMONKS,0.01,1,EQ,NSE,NSE
2048769,8003,SILVER,0.01,1,EQ,NSE,NSE
195940353,765392,SILVER001,0.01,1,EQ,NSE,NSE
3348993,13082,SILVER1,0.01,1,EQ,NSE,NSE
193574401,756150,SILVER360,0.01,1,EQ,NSE,NSE
2754817,10761,SILVERADD,0.01,1,EQ,NSE,NSE
4294913,16777,SILVERAG,0.01,1,EQ,NSE,NSE
2865409,11193,SILVERAXIS,0.01,1,EQ,NSE,NSE
2068481,8080,SILVERBEES,0.01,1,EQ,NSE,NSE
3861761,15085,SILVERBETA,0.01,1,EQ,NSE,NSE
194643969,760328,SILVERBND,0.01,1,EQ,NSE,NSE
7750145,30274,SILVERCASE,0.01,1,EQ,NSE,NSE
2033153,7942,SILVERIETF,0.01,1,EQ,NSE,NSE
2108929,8238,SILVERINAV,0.01,1,EQ,NSE,NSE
2412033,9422,SILVERTUC,0.01,1,EQ,NSE,NSE
194262017,758836,SIMBHALS-BZ,0.01,1,EQ,NSE,NSE
195424769,763378,SIMCA-ST,0.05,600,EQ,NSE,NSE
809473,3162,SIMPLEXINF,0.01,1,EQ,NSE,NSE
195818241,764915,SIMPLXREA,0.01,1,EQ,NSE,NSE
6010881,23480,SINCLAIR,0.01,1,EQ,NSE,NSE
4315905,16859,SINDHUTRAD,0.01,1,EQ,NSE,NSE
194923521,761420,SINGERIND,0.01,1,EQ,NSE,NSE
97537,381,SINTERCOM,0.01,1,EQ,NSE,NSE
2828801,11050,SIRCA,0.05,1,EQ,NSE,NSE
5504257,21501,SIS,0.05,1,EQ,NSE,NSE
7477761,29210,SITINET-BZ,0.01,1,EQ,NSE,NSE
3608577,14096,SIYSIL,0.05,1,EQ,NSE,NSE
5258753,20542,SJLOGISTIC-SM,0.05,250,EQ,NSE,NSE
1700609,6643,SJS,0.1,1,EQ,NSE,NSE
4834049,18883,SJVN,0.01,1,EQ,NSE,NSE
815617,3186,SKFINDIA,0.1,1,EQ,NSE,NSE
194585857,760101,SKFINDUS,0.1,1,EQ,NSE,NSE
6171393,24107,SKIL-BZ,0.01,1,EQ,NSE,NSE
2413569,9428,SKIPPER,0.05,1,EQ,NSE,NSE
1211393,4732,SKMEGGPROD,0.01,1,EQ,NSE,NSE
2643201,10325,SKP-SM,0.05,500,EQ,NSE,NSE
3489537,13631,SKYGOLD,0.05,1,EQ,NSE,NSE
195926017,765336,SKYTECH-ST,0.05,1600,EQ,NSE,NSE
6065153,23692,SLONE-ST,0.05,400,EQ,NSE,NSE
7830529,30588,SMAADDINAV,0.01,1,EQ,NSE,NSE
5852929,22863,SMACAPINAV,0.01,1,EQ,NSE,NSE
193234689,754823,SMAETFINAV,0.01,1,EQ,NSE,NSE
194512385,759814,SMALL250,0.01,1,EQ,NSE,NSE
7826689,30573,SMALL2INAV,0.01,1,EQ,NSE,NSE
194651905,760359,SMALLADD,0.01,1,EQ,NSE,NSE
5844993,22832,SMALLCAP,0.01,1,EQ,NSE,NSE
192453121,751770,SMALLGINAV,0.01,1,EQ,NSE,NSE
192446721,751745,SMALLGROWW,0.01,1,EQ,NSE,NSE
193180673,754612,SMALLIETF,0.01,1,EQ,NSE,NSE
193951233,757622,SMARTEN-ST,0.05,1200,EQ,NSE,NSE
2532609,9893,SMARTLINK-BE,0.01,1,EQ,NSE,NSE
194039041,757965,SMARTWORKS,0.05,1,EQ,NSE,NSE
593921,2320,SMCGLOBAL,0.01,1,EQ,NSE,NSE
194292481,758955,SML100CASE,0.01,1,EQ,NSE,NSE
7819265,30544,SML100INAV,0.01,1,EQ,NSE,NSE
867073,3387,SMLMAH,0.5,1,EQ,NSE,NSE
1751809,6843,SMLT,0.01,1,EQ,NSE,NSE
3668225,14329,SMSPHARMA,0.05,1,EQ,NSE,NSE
216833,847,SMVD-SM,0.05,4040,EQ,NSE,NSE
194290177,758946,SNEHAA-SM,0.05,1000,EQ,NSE,NSE
1239809,4843,SNOWMAN,0.01,1,EQ,NSE,NSE
193908481,757455,SNXT30BEES,0.01,1,EQ,NSE,NSE
7812865,30519,SNXT30INAV,0.01,1,EQ,NSE,NSE
2347009,9168,SNXT50BETA,0.01,1,EQ,NSE,NSE
3539457,13826,SOBHA,0.1,1,EQ,NSE,NSE
194867713,761202,SOCL-SM,0.05,1600,EQ,NSE,NSE
2116097,8266,SOFTTECH,0.05,1,EQ,NSE,NSE
940033,3672,SOLARA,0.05,1,EQ,NSE,NSE
3412993,13332,SOLARINDS,1,1,EQ,NSE,NSE
194541825,759929,SOLARWORLD,0.01,1,EQ,NSE,NSE
194405633,759397,SOLEX,0.05,1,EQ,NSE,NSE
993281,3880,SOMANYCERA,0.05,1,EQ,NSE,NSE
1075457,4201,SOMATEX,0.01,1,EQ,NSE,NSE
4555265,17794,SOMICONVEY,0.01,1,EQ,NSE,NSE
1199105,4684,SONACOMS,0.05,1,EQ,NSE,NSE
195307265,762919,SONAL,0.01,1,EQ,NSE,NSE
5901313,23052,SONAMAC-SM,0.05,1000,EQ,NSE,NSE
2254337,8806,SONAMLTD,0.01,1,EQ,NSE,NSE
1688577,6596,SONATSOFTW,0.05,1,EQ,NSE,NSE
2422529,9463,SONUINFRA-ST,0.05,1500,EQ,NSE,NSE
3838209,14993,SOTAC-SM,0.05,1200,EQ,NSE,NSE
773377,3021,SOTL,0.05,1,EQ,NSE,NSE
1522689,5948,SOUTHBANK,0.01,1,EQ,NSE,NSE
2477569,9678,SOUTHWEST,0.01,1,EQ,NSE,NSE
4672513,18252,SPAL,0.05,1,EQ,NSE,NSE
2927361,11435,SPANDANA,0.05,1,EQ,NSE,NSE
3785729,14788,SPARC,0.01,1,EQ,NSE,NSE
4959233,19372,SPCENET,0.01,1,EQ,NSE,NSE
6207745,24249,SPCL-SM,0.05,600,EQ,NSE,NSE
194916609,761393,SPCON-SM,0.05,1200,EQ,NSE,NSE
194594561,760135,SPEB-SM,0.05,2000,EQ,NSE,NSE
6940417,27111,SPECIALITY-BE,0.01,1,EQ,NSE,NSE
7796993,30457,SPECTRUM-BE,0.1,1,EQ,NSE,NSE
4320257,16876,SPECTSTM-SM,0.05,800,EQ,NSE,NSE
195819521,764920,SPELS,0.01,1,EQ,NSE,NSE
2089729,8163,SPENCERS,0.01,1,EQ,NSE,NSE
832513,3252,SPIC,0.01,1,EQ,NSE,NSE
3055361,11935,SPLIL,0.01,1,EQ,NSE,NSE
2461953,9617,SPLPETRO,0.05,1,EQ,NSE,NSE
850177,3321,SPMLINFRA,0.01,1,EQ,NSE,NSE
2747649,10733,SPORTKING,0.01,1,EQ,NSE,NSE
6478337,25306,SPPPOLY-SM,0.05,2000,EQ,NSE,NSE
2181377,8521,SPRL-SM,0.05,800,EQ,NSE,NSE
194013441,757865,SPUNWEB-SM,0.05,1200,EQ,NSE,NSE
6588673,25737,SRD,0.01,1,EQ,NSE,NSE
8150273,31837,SREEL,0.01,1,EQ,NSE,NSE
837889,3273,SRF,0.1,1,EQ,NSE,NSE
4638465,18119,SRGHFL,0.05,1,EQ,NSE,NSE
3732993,14582,SRHHYPOLTD,0.05,1,EQ,NSE,NSE
195882241,765165,SRIKPRIND,0.01,1,EQ,NSE,NSE
3690497,14416,SRIVASAVI-ST,0.05,1000,EQ,NSE,NSE
5990913,23402,SRM,0.05,1,EQ,NSE,NSE
194608129,760188,SRTL,0.01,1,EQ,NSE,NSE
6363137,24856,SSDL,0.01,1,EQ,NSE,NSE
6322433,24697,SSEGL-SM,0.05,200,EQ,NSE,NSE
4623105,18059,SSFL-ST,0.05,500,EQ,NSE,NSE
3028225,11829,SSWL,0.05,1,EQ,NSE,NSE
7476481,29205,STALLION-BE,0.05,1,EQ,NSE,NSE
6201857,24226,STANLEY,0.01,1,EQ,NSE,NSE
1887745,7374,STAR,0.1,1,EQ,NSE,NSE
5399297,21091,STARCEMENT,0.01,1,EQ,NSE,NSE
1813249,7083,STARHEALTH,0.05,1,EQ,NSE,NSE
842497,3291,STARPAPER,0.01,1,EQ,NSE,NSE
2382081,9305,STARTECK,0.05,1,EQ,NSE,NSE
2802689,10948,STCINDIA,0.01,1,EQ,NSE,NSE
1741569,6803,STEELCAS,0.05,1,EQ,NSE,NSE
2663937,10406,STEELCITY,0.01,1,EQ,NSE,NSE
5462785,21339,STEELXIND,0.01,1,EQ,NSE,NSE
5499905,21484,STEL,0.05,1,EQ,NSE,NSE
1584129,6188,STERTOOLS-BE,0.05,1,EQ,NSE,NSE
194293249,758958,STLNETWORK,0.01,1,EQ,NSE,NSE
195883521,765170,STLSTRINF,0.01,1,EQ,NSE,NSE
2384129,9313,STLTECH-BE,0.05,1,EQ,NSE,NSE
539393,2107,STOVEKRAFT,0.05,1,EQ,NSE,NSE
194839297,761091,STRIDERS-SM,0.05,1600,EQ,NSE,NSE
194454273,759587,STUDDS,0.05,1,EQ,NSE,NSE
194182913,758527,STUDIOLSD-SM,0.05,2000,EQ,NSE,NSE
194543105,759934,STYL,0.05,1,EQ,NSE,NSE
1327617,5186,STYLAMIND,0.1,1,EQ,NSE,NSE
6429185,25114,STYLEBAAZA,0.05,1,EQ,NSE,NSE
4865,19,STYRENIX,0.1,1,EQ,NSE,NSE
194588673,760112,SUBAHOTELS-SM,0.05,1200,EQ,NSE,NSE
247553,967,SUBEXLTD,0.01,1,EQ,NSE,NSE
850945,3324,SUBROS,0.05,1,EQ,NSE,NSE
183041,715,SUDARCOLOR,0.05,1,EQ,NSE,NSE
851713,3327,SUDARSCHEM,0.1,1,EQ,NSE,NSE
194569985,760039,SUDEEPPHRM,0.05,1,EQ,NSE,NSE
3021825,11804,SUKHJITS,0.01,1,EQ,NSE,NSE
3383809,13218,SULA,0.01,1,EQ,NSE,NSE
195884801,765175,SUMEDHA,0.01,1,EQ,NSE,NSE
5322241,20790,SUMEETINDS,0.01,1,EQ,NSE,NSE
4378881,17105,SUMICHEM,0.05,1,EQ,NSE,NSE
2851841,11140,SUMIT,0.01,1,EQ,NSE,NSE
5446401,21275,SUMMITSEC,0.1,1,EQ,NSE,NSE
5364737,20956,SUNCLAY,0.1,1,EQ,NSE,NSE
4846337,18931,SUNDARAM,0.01,1,EQ,NSE,NSE
854785,3339,SUNDARMFIN,0.1,1,EQ,NSE,NSE
2521089,9848,SUNDRMBRAK-BE,0.05,1,EQ,NSE,NSE
856321,3345,SUNDRMFAST,0.05,1,EQ,NSE,NSE
425729,1663,SUNDROP,0.05,1,EQ,NSE,NSE
857089,3348,SUNFLAG,0.05,1,EQ,NSE,NSE
6366209,24868,SUNLITE-SM,0.05,300,EQ,NSE,NSE
195886081,765180,SUNLOC,0.01,1,EQ,NSE,NSE
857857,3351,SUNPHARMA,0.1,1,EQ,NSE,NSE
195820801,764925,SUNRAKSHAK,0.05,1,EQ,NSE,NSE
5174529,20213,SUNREST-SM,0.05,1600,EQ,NSE,NSE
195822081,764930,SUNSHIEL,0.1,1,EQ,NSE,NSE
195939073,765387,SUNSHINE,0.05,1,EQ,NSE,NSE
193987329,757763,SUNTECH-SM,0.05,1600,EQ,NSE,NSE
4516097,17641,SUNTECK,0.05,1,EQ,NSE,NSE
3431425,13404,SUNTV,0.05,1,EQ,NSE,NSE
5277697,20616,SUPERHOUSE,0.01,1,EQ,NSE,NSE
2286337,8931,SUPERSPIN-BE,0.01,1,EQ,NSE,NSE
2992385,11689,SUPRAJIT,0.05,1,EQ,NSE,NSE
7536385,29439,SUPREME,0.01,1,EQ,NSE,NSE
194303233,758997,SUPREMEENG-BZ,0.01,1,EQ,NSE,NSE
860929,3363,SUPREMEIND,0.1,1,EQ,NSE,NSE
3840513,15002,SUPREMEINF,0.01,1,EQ,NSE,NSE
5393153,21067,SUPREMEPWR-SM,0.05,500,EQ,NSE,NSE
1891841,7390,SUPRIYA,0.05,1,EQ,NSE,NSE
195824129,764938,SUPTANERY-BE,0.01,1,EQ,NSE,NSE
5330433,20822,SURAJEST,0.01,1,EQ,NSE,NSE
6391297,24966,SURAJLTD,0.01,1,EQ,NSE,NSE
6997505,27334,SURAKSHA,0.05,1,EQ,NSE,NSE
5395713,21077,SURANASOL,0.01,1,EQ,NSE,NSE
2739201,10700,SURANAT&P,0.01,1,EQ,NSE,NSE
2179329,8513,SURANI-SM,0.05,200,EQ,NSE,NSE
195308545,762924,SURYALA,0.05,1,EQ,NSE,NSE
3034113,11852,SURYALAXMI,0.01,1,EQ,NSE,NSE
864001,3375,SURYAROSNI,0.01,1,EQ,NSE,NSE
760321,2970,SURYODAY,0.01,1,EQ,NSE,NSE
3533825,13804,SUTLEJTEX-BE,0.01,1,EQ,NSE,NSE
2875649,11233,SUVEN,0.05,1,EQ,NSE,NSE
767489,2998,SUVIDHAA,0.01,1,EQ,NSE,NSE
6361857,24851,SUYOG,0.05,1,EQ,NSE,NSE
3076609,12018,SUZLON,0.01,1,EQ,NSE,NSE
195824641,764940,SVGLOBAL,0.01,1,EQ,NSE,NSE
3872257,15126,SVLL-BE,0.05,1,EQ,NSE,NSE
1285121,5020,SVPGLOB,0.01,1,EQ,NSE,NSE
195941121,765395,SVR001INAV,0.01,1,EQ,NSE,NSE
6936321,27095,SWANCORP,0.05,1,EQ,NSE,NSE
7465985,29164,SWANDEF-BE,0.1,1,EQ,NSE,NSE
195710977,764496,SWARAJ-BE,0.05,1,EQ,NSE,NSE
866305,3384,SWARAJENG,0.1,1,EQ,NSE,NSE
195887361,765185,SWARNSAR,0.01,1,EQ,NSE,NSE
2943233,11497,SWASTIK-ST,0.05,1200,EQ,NSE,NSE
3048705,11909,SWELECTES,0.05,1,EQ,NSE,NSE
6928897,27066,SWIGGY,0.05,1,EQ,NSE,NSE
195888641,765190,SWISSMLTRY,0.01,1,EQ,NSE,NSE
3197185,12489,SWSOLAR,0.01,1,EQ,NSE,NSE
6212353,24267,SYLVANPLY-SM,0.05,2000,EQ,NSE,NSE
6192641,24190,SYMPHONY,0.05,1,EQ,NSE,NSE
3069953,11992,SYNCOMF,0.01,1,EQ,NSE,NSE
2622209,10243,SYNGENE,0.05,1,EQ,NSE,NSE
4404737,17206,SYNOPTICS-ST,0.05,600,EQ,NSE,NSE
2763009,10793,SYRMA,0.1,1,EQ,NSE,NSE
3713537,14506,SYSTANGO-SM,0.05,400,EQ,NSE,NSE
194395649,759358,SYSTMTXC-BE,0.01,1,EQ,NSE,NSE
195309825,762929,TAALTECH,0.1,1,EQ,NSE,NSE
6000897,23441,TAC-ST,0.05,200,EQ,NSE,NSE
195464705,763534,TACA29-N0,0.01,1,EQ,NSE,NSE
5488129,21438,TAGOLDINAV,0.05,1,EQ,NSE,NSE
869377,3396,TAINWALCHM,0.01,1,EQ,NSE,NSE
2394625,9354,TAJGVK,0.05,1,EQ,NSE,NSE
3818753,14917,TAKE,0.01,1,EQ,NSE,NSE
3493889,13648,TALBROAUTO,0.05,1,EQ,NSE,NSE
195311873,762937,TAMBOLIIN-BE,0.01,1,EQ,NSE,NSE
195825921,764945,TANAA,0.05,1,EQ,NSE,NSE
193622529,756338,TANKUP-ST,0.05,250,EQ,NSE,NSE
3577857,13976,TANLA,0.05,1,EQ,NSE,NSE
2812417,10986,TAPIFRUIT-SM,0.05,750,EQ,NSE,NSE
6019073,23512,TARACHAND,0.01,1,EQ,NSE,NSE
4819713,18827,TARAPUR,0.01,1,EQ,NSE,NSE
404737,1581,TARC,0.01,1,EQ,NSE,NSE
3884545,15174,TARIL,0.05,1,EQ,NSE,NSE
3781377,14771,TARMAT,0.01,1,EQ,NSE,NSE
1777409,6943,TARSONS,0.05,1,EQ,NSE,NSE
5490945,21449,TASILVINAV,0.01,1,EQ,NSE,NSE
5143553,20092,TASTYBITE,0.5,1,EQ,NSE,NSE
194371841,759265,TATACAP,0.05,1,EQ,NSE,NSE
871681,3405,TATACHEM,0.05,1,EQ,NSE,NSE
952577,3721,TATACOMM,0.1,1,EQ,NSE,NSE
878593,3432,TATACONSUM,0.1,1,EQ,NSE,NSE
873217,3411,TATAELXSI,0.1,1,EQ,NSE,NSE
5478657,21401,TATAGOLD,0.01,1,EQ,NSE,NSE
414977,1621,TATAINVEST,0.05,1,EQ,NSE,NSE
877057,3426,TATAPOWER,0.05,1,EQ,NSE,NSE
895745,3499,TATASTEEL,0.01,1,EQ,NSE,NSE
5195009,20293,TATATECH,0.05,1,EQ,NSE,NSE
5485569,21428,TATSILV,0.01,1,EQ,NSE,NSE
1321473,5162,TATVA,0.1,1,EQ,NSE,NSE
194498305,759759,TAURIAN-ST,0.05,800,EQ,NSE,NSE
6148865,24019,TBI-SM,0.05,600,EQ,NSE,NSE
6077441,23740,TBOTEK,0.1,1,EQ,NSE,NSE
6921473,27037,TBZ,0.05,1,EQ,NSE,NSE
195024385,761814,TCC,0.05,1,EQ,NSE,NSE
4324865,16894,TCHF30-NB,0.01,1,EQ,NSE,NSE
2708481,10580,TCI,0.05,1,EQ,NSE,NSE
4921089,19223,TCIEXP,0.05,1,EQ,NSE,NSE
2232833,8722,TCIFINANCE-BE,0.01,1,EQ,NSE,NSE
5830913,22777,TCL-SM,0.05,800,EQ,NSE,NSE
47105,184,TCPLPACK,0.1,1,EQ,NSE,NSE
2953217,11536,TCS,0.1,1,EQ,NSE,NSE
6445569,25178,TDPOWERSYS,0.1,1,EQ,NSE,NSE
2743553,10717,TEAMGTY,0.01,1,EQ,NSE,NSE
3255297,12716,TEAMLEASE,0.1,1,EQ,NSE,NSE
195474177,763571,TEAMTECH-ST,0.05,2000,EQ,NSE,NSE
1654273,6462,TECH,0.01,1,EQ,NSE,NSE
194339329,759138,TECHD-SM,0.05,300,EQ,NSE,NSE
6566913,25652,TECHERA-SM,0.05,800,EQ,NSE,NSE
2551041,9965,TECHINAV,0.01,1,EQ,NSE,NSE
5395969,21078,TECHLABS-SM,0.05,125,EQ,NSE,NSE
3465729,13538,TECHM,0.1,1,EQ,NSE,NSE
195720193,764532,TECHNOCRAF,0.01,1,EQ,NSE,NSE
1649921,6445,TECHNOE,0.05,1,EQ,NSE,NSE
195312385,762939,TECHNVISN,0.1,1,EQ,NSE,NSE
883969,3453,TECILCHEM,0.01,1,EQ,NSE,NSE
1818881,7105,TEGA,0.1,1,EQ,NSE,NSE
195539201,763825,TEJA-SM,0.05,600,EQ,NSE,NSE
7609089,29723,TEJASCARGO-SM,0.05,400,EQ,NSE,NSE
5409537,21131,TEJASNET,0.05,1,EQ,NSE,NSE
838401,3275,TEMBO,0.05,1,EQ,NSE,NSE
195949057,765426,TEMPSENS,0.05,1,EQ,NSE,NSE
194529281,759880,TENNIND,0.05,1,EQ,NSE,NSE
195827201,764950,TERAI,0.01,1,EQ,NSE,NSE
4938753,19292,TERASOFT,0.05,1,EQ,NSE,NSE
2956545,11549,TEXINFRA,0.01,1,EQ,NSE,NSE
4662785,18214,TEXMOPIPES,0.01,1,EQ,NSE,NSE
5587969,21828,TEXRAIL,0.01,1,EQ,NSE,NSE
887297,3466,TFCILTD,0.01,1,EQ,NSE,NSE
3665665,14319,TFL,0.01,1,EQ,NSE,NSE
3739393,14607,TGBHOTELS,0.01,1,EQ,NSE,NSE
6023681,23530,TGL-ST,0.05,200,EQ,NSE,NSE
195828481,764955,TGVSL,0.01,1,EQ,NSE,NSE
195314433,762947,THACKER-BE,0.1,1,EQ,NSE,NSE
195314945,762949,THAKDEV,0.01,1,EQ,NSE,NSE
4638209,18118,THANGAMAYL,0.5,1,EQ,NSE,NSE
5485313,21427,THEINVEST,0.01,1,EQ,NSE,NSE
4935425,19279,THEJO,0.1,1,EQ,NSE,NSE
193795585,757014,THELEELA,0.05,1,EQ,NSE,NSE
3708161,14485,THEMISMED,0.01,1,EQ,NSE,NSE
889601,3475,THERMAX,0.1,1,EQ,NSE,NSE
6566657,25651,THESL-ST,0.05,3000,EQ,NSE,NSE
891137,3481,THOMASCOOK,0.01,1,EQ,NSE,NSE
7940353,31017,THOMASCOTT,0.05,1,EQ,NSE,NSE
4360193,17032,THYROCARE,0.05,1,EQ,NSE,NSE
4914177,19196,TI,0.05,1,EQ,NSE,NSE
4992769,19503,TICL-BE,0.01,1,EQ,NSE,NSE
194349057,759176,TIGERLOGS,0.01,1,EQ,NSE,NSE
3641089,14223,TIIL,0.1,1,EQ,NSE,NSE
79873,312,TIINDIA,0.1,1,EQ,NSE,NSE
6523393,25482,TIJARIA,0.01,1,EQ,NSE,NSE
2509313,9802,TIL-BE,0.05,1,EQ,NSE,NSE
1996801,7800,TIMESCAN-SM,0.05,2000,EQ,NSE,NSE
3764993,14707,TIMETECHNO,0.01,1,EQ,NSE,NSE
195316225,762954,TIMEX,0.05,1,EQ,NSE,NSE
3634689,14198,TIMKEN,0.1,1,EQ,NSE,NSE
193541121,756020,TINNARUBR,0.1,1,EQ,NSE,NSE
2911745,11374,TIPSFILMS,0.05,1,EQ,NSE,NSE
2333953,9117,TIPSMUSIC,0.05,1,EQ,NSE,NSE
894977,3496,TIRUMALCHM,0.01,1,EQ,NSE,NSE
5598209,21868,TIRUPATI-SM,0.05,125,EQ,NSE,NSE
5704705,22284,TIRUPATIFL-BE,0.01,1,EQ,NSE,NSE
194744321,760720,TIT45-N0,0.01,1,EQ,NSE,NSE
3945985,15414,TITAGARH,0.05,1,EQ,NSE,NSE
897537,3506,TITAN,0.1,1,EQ,NSE,NSE
2801921,10945,TMB,0.05,1,EQ,NSE,NSE
194504193,759782,TMCV,0.05,1,EQ,NSE,NSE
884737,3456,TMPV,0.05,1,EQ,NSE,NSE
2273793,8882,TNIDETF,0.01,1,EQ,NSE,NSE
2603265,10169,TNIDETINAV,0.01,1,EQ,NSE,NSE
898305,3509,TNPETRO,0.01,1,EQ,NSE,NSE
1018881,3980,TNPL,0.01,1,EQ,NSE,NSE
899073,3512,TNTELE,0.01,1,EQ,NSE,NSE
982273,3837,TOKYOPLAST,0.01,1,EQ,NSE,NSE
6467073,25262,TOLINS,0.01,1,EQ,NSE,NSE
6164737,24081,TOP100CASE,0.01,1,EQ,NSE,NSE
6166017,24086,TOP100INAV,0.01,1,EQ,NSE,NSE
6443777,25171,TOP10ADD,0.01,1,EQ,NSE,NSE
6445825,25179,TOP10AINAV,0.01,1,EQ,NSE,NSE
193991937,757781,TOP15IETF,0.01,1,EQ,NSE,NSE
194666241,760415,TOP20,0.01,1,EQ,NSE,NSE
7831041,30590,TOP20INAV,0.01,1,EQ,NSE,NSE
7814401,30525,TOPETFINAV,0.01,1,EQ,NSE,NSE
900609,3518,TORNTPHARM,0.5,1,EQ,NSE,NSE
3529217,13786,TORNTPOWER,0.1,1,EQ,NSE,NSE
5740289,22423,TOTAL,0.01,1,EQ,NSE,NSE
4328449,16908,TOUCHWOOD,0.01,1,EQ,NSE,NSE
195889921,765195,TOYAMSL,0.01,1,EQ,NSE,NSE
4352001,17000,TPHQ-BE,0.01,1,EQ,NSE,NSE
2360065,9219,TPLPLASTEH,0.01,1,EQ,NSE,NSE
2964993,11582,TRACXN,0.01,1,EQ,NSE,NSE
195891201,765200,TRANSCOR,0.01,1,EQ,NSE,NSE
1963265,7669,TRANSPEK-BE,0.1,1,EQ,NSE,NSE
7350785,28714,TRANSRAILL,0.05,1,EQ,NSE,NSE
5069057,19801,TRANSTEEL-SM,0.05,1000,EQ,NSE,NSE
5442561,21260,TRANSWIND-SM,0.05,4000,EQ,NSE,NSE
2206465,8619,TRANSWORLD-BE,0.01,1,EQ,NSE,NSE
193931521,757545,TRAVELFOOD,0.1,1,EQ,NSE,NSE
6420993,25082,TREEHOUSE,0.01,1,EQ,NSE,NSE
1924609,7518,TREJHARA,0.01,1,EQ,NSE,NSE
4555521,17795,TREL,0.01,1,EQ,NSE,NSE
502785,1964,TRENT,0.1,1,EQ,NSE,NSE
4604673,17987,TRF,0.01,1,EQ,NSE,NSE
2479361,9685,TRIDENT,0.01,1,EQ,NSE,NSE
4407041,17215,TRIDHYA-ST,0.05,3000,EQ,NSE,NSE
1389569,5428,TRIGYN,0.01,1,EQ,NSE,NSE
195829761,764960,TRITONV,0.1,1,EQ,NSE,NSE
6549505,25584,TRITURBINE,0.05,1,EQ,NSE,NSE
3348737,13081,TRIVENI,0.01,1,EQ,NSE,NSE
6308353,24642,TROM-SM,0.05,600,EQ,NSE,NSE
2400769,9378,TRU,0.01,1,EQ,NSE,NSE
194357761,759210,TRUALT,0.05,1,EQ,NSE,NSE
5994753,23417,TRUST-SM,0.05,600,EQ,NSE,NSE
194012417,757861,TSC-ST,0.05,2000,EQ,NSE,NSE
558849,2183,TSFINV,0.05,1,EQ,NSE,NSE
2910465,11369,TTKHLTCARE,0.1,1,EQ,NSE,NSE
907777,3546,TTKPRESTIG,0.05,1,EQ,NSE,NSE
3664385,14314,TTL,0.01,1,EQ,NSE,NSE
2292225,8954,TTML,0.01,1,EQ,NSE,NSE
6277121,24520,TUNWAL-SM,0.05,2000,EQ,NSE,NSE
193559041,756090,TURTLEMINT,0.01,1,EQ,NSE,NSE
195892481,765205,TUTIALKA,0.01,1,EQ,NSE,NSE
2883841,11265,TVSELECT,0.05,1,EQ,NSE,NSE
7426049,29008,TVSHLTD,1,1,EQ,NSE,NSE
194201089,758598,TVSINVIT-IV,0.01,25000,EQ,NSE,NSE
2170625,8479,TVSMOTOR,0.1,1,EQ,NSE,NSE
4646657,18151,TVSSCS,0.01,1,EQ,NSE,NSE
3646721,14245,TVSSRICHAK,0.1,1,EQ,NSE,NSE
2886401,11275,TVTODAY,0.01,1,EQ,NSE,NSE
4738049,18508,TVVISION-BE,0.01,1,EQ,NSE,NSE
7832577,30596,TWCGLDINAV,0.01,1,EQ,NSE,NSE
194683393,760482,TWCGOLDETF,0.01,1,EQ,NSE,NSE
4278529,16713,UBL,0.1,1,EQ,NSE,NSE
1981185,7739,UCAL-BE,0.01,1,EQ,NSE,NSE
1078785,4214,UCL-ST,0.05,2000,EQ,NSE,NSE
2873089,11223,UCOBANK,0.01,1,EQ,NSE,NSE
195831041,764965,UDAYJEW,0.01,1,EQ,NSE,NSE
4892929,19113,UDS,0.01,1,EQ,NSE,NSE
6017793,23507,UEL,0.01,1,EQ,NSE,NSE
802049,3133,UFBL-BE,0.05,1,EQ,NSE,NSE
269569,1053,UFLEX,0.05,1,EQ,NSE,NSE
2313985,9039,UFO,0.01,1,EQ,NSE,NSE
5011969,19578,UGARSUGAR,0.01,1,EQ,NSE,NSE
1360129,5313,UGROCAP,0.01,1,EQ,NSE,NSE
6640129,25938,UHTL-ST,0.05,2000,EQ,NSE,NSE
3898369,15228,UJJIVANSFB,0.01,1,EQ,NSE,NSE
2952193,11532,ULTRACEMCO,1,1,EQ,NSE,NSE
195318017,762961,ULTRAMAR,0.05,1,EQ,NSE,NSE
3417345,13349,UMA-SM,0.05,4000,EQ,NSE,NSE
2264321,8845,UMAEXPORTS-BE,0.01,1,EQ,NSE,NSE
4900353,19142,UMESLTD,0.01,1,EQ,NSE,NSE
2303489,8998,UMIYA-MRO,0.01,1,EQ,NSE,NSE
7600641,29690,UNGOLDINAV,0.05,1,EQ,NSE,NSE
916225,3579,UNICHEMLAB,0.05,1,EQ,NSE,NSE
52225,204,UNIDT-BE,0.01,1,EQ,NSE,NSE
6351105,24809,UNIECOM,0.01,1,EQ,NSE,NSE
2891009,11293,UNIENTER,0.01,1,EQ,NSE,NSE
4756993,18582,UNIHEALTH-SM,0.05,500,EQ,NSE,NSE
1994497,7791,UNIINFO,0.01,1,EQ,NSE,NSE
6562049,25633,UNILEX-SM,0.05,1600,EQ,NSE,NSE
7413761,28960,UNIMECH,0.1,1,EQ,NSE,NSE
2752769,10753,UNIONBANK,0.01,1,EQ,NSE,NSE
7599873,29687,UNIONGOLD,0.05,1,EQ,NSE,NSE
3342593,13057,UNIPARTS,0.05,1,EQ,NSE,NSE
2674433,10447,UNITDSPR,0.1,1,EQ,NSE,NSE
920065,3594,UNITECH,0.01,1,EQ,NSE,NSE
1935361,7560,UNITEDPOLY,0.01,1,EQ,NSE,NSE
4607745,17999,UNITEDTEA,0.05,1,EQ,NSE,NSE
2653697,10366,UNIVAFOODS-BE,0.01,1,EQ,NSE,NSE
4858625,18979,UNIVASTU-BE,0.01,1,EQ,NSE,NSE
923393,3607,UNIVCABLES,0.1,1,EQ,NSE,NSE
4521217,17661,UNIVPHOTO-BE,0.05,1,EQ,NSE,NSE
3623425,14154,UNOMINDA,0.1,1,EQ,NSE,NSE
195832321,764970,UPHOT,0.1,1,EQ,NSE,NSE
2889473,11287,UPL,0.05,1,EQ,NSE,NSE
4372737,17081,URAVIDEF-BE,0.01,1,EQ,NSE,NSE
4323329,16888,URBAN-SM,0.05,800,EQ,NSE,NSE
194325505,759084,URBANCO,0.01,1,EQ,NSE,NSE
5171969,20203,URJA,0.01,1,EQ,NSE,NSE
2716161,10610,USASEEDS-SM,0.05,428,EQ,NSE,NSE
6643713,25952,USHAFIN-SM,0.05,1600,EQ,NSE,NSE
2263041,8840,USHAMART,0.05,1,EQ,NSE,NSE
3806977,14871,USK,0.01,1,EQ,NSE,NSE
134913,527,UTIAMC,0.05,1,EQ,NSE,NSE
2603777,10171,UTIBANINAV,0.01,1,EQ,NSE,NSE
2604033,10172,UTINEXINAV,0.01,1,EQ,NSE,NSE
2604289,10173,UTINIFINAV,0.01,1,EQ,NSE,NSE
2604801,10175,UTISENINAV,0.01,1,EQ,NSE,NSE
2606593,10182,UTISXNINAV,0.01,1,EQ,NSE,NSE
192404481,751580,UTKAL-SM,0.05,2000,EQ,NSE,NSE
4443649,17358,UTKARSHBNK,0.01,1,EQ,NSE,NSE
194528257,759876,UTLSOLAR,0.05,1,EQ,NSE,NSE
6330625,24729,UTSSAV-ST,0.05,600,EQ,NSE,NSE
3424257,13376,UTTAMSUGAR,0.01,1,EQ,NSE,NSE
1521921,5945,UWCSL-SM,0.05,1000,EQ,NSE,NSE
6561025,25629,UYFINCORP-BE,0.01,1,EQ,NSE,NSE
3780097,14766,V2RETAIL,0.01,1,EQ,NSE,NSE
6194177,24196,VADILALIND,0.5,1,EQ,NSE,NSE
195833601,764975,VADILENT,1,1,EQ,NSE,NSE
2909185,11364,VAIBHAVGBL,0.05,1,EQ,NSE,NSE
4246785,16589,VAISHALI,0.01,1,EQ,NSE,NSE
3415553,13342,VAKRANGEE,0.01,1,EQ,NSE,NSE
6617857,25851,VAL30IETF,0.01,1,EQ,NSE,NSE
6618625,25854,VAL30IINAV,0.01,1,EQ,NSE,NSE
4920321,19220,VALIANTLAB-BE,0.01,1,EQ,NSE,NSE
85505,334,VALIANTORG-BE,0.05,1,EQ,NSE,NSE
194946817,761511,VALUE,0.01,1,EQ,NSE,NSE
195405825,763304,VALUE360-SM,0.05,1200,EQ,NSE,NSE
7719681,30155,VALUEAXIS,0.01,1,EQ,NSE,NSE
7836929,30613,VALUEINAV,0.01,1,EQ,NSE,NSE
192044545,750174,VAML,0.05,1,EQ,NSE,NSE
3431169,13403,VARDHACRLC-BE,0.01,1,EQ,NSE,NSE
933377,3646,VARDMNPOLY,0.01,1,EQ,NSE,NSE
987393,3857,VARROC,0.05,1,EQ,NSE,NSE
326145,1274,VASA-SM,0.05,4000,EQ,NSE,NSE
4636161,18110,VASCONEQ,0.01,1,EQ,NSE,NSE
195893761,765210,VASUPRADA,0.01,1,EQ,NSE,NSE
6487041,25340,VASWANI,0.01,1,EQ,NSE,NSE
4843777,18921,VBL,0.05,1,EQ,NSE,NSE
2310913,9027,VCL-BE,0.01,1,EQ,NSE,NSE
6413825,25054,VDEAL-SM,0.05,600,EQ,NSE,NSE
195834881,764980,VEDAVAAG,0.01,1,EQ,NSE,NSE
784129,3063,VEDL,0.05,1,EQ,NSE,NSE
192132609,750518,VEDPOWER,0.01,1,EQ,NSE,NSE
3588865,14019,VEEDOL,0.1,1,EQ,NSE,NSE
2741761,10710,VEEKAYEM-SM,0.05,500,EQ,NSE,NSE
195320065,762969,VELJAN-BE,0.1,1,EQ,NSE,NSE
3736321,14595,VELS-ST,0.05,1200,EQ,NSE,NSE
961793,3757,VENKEYS,0.1,1,EQ,NSE,NSE
7384833,28847,VENTIVE,0.05,1,EQ,NSE,NSE
2455553,9592,VENUSPIPES,0.1,1,EQ,NSE,NSE
3547137,13856,VENUSREM-BE,0.1,1,EQ,NSE,NSE
682497,2666,VERA-SM,0.05,1500,EQ,NSE,NSE
2275841,8890,VERANDA,0.05,1,EQ,NSE,NSE
6086401,23775,VERITAAS-SM,0.05,1200,EQ,NSE,NSE
3709697,14491,VERTEXPLUS-SM,0.05,600,EQ,NSE,NSE
2753793,10757,VERTIS-IV,0.01,25000,EQ,NSE,NSE
4828929,18863,VERTOZ,0.01,1,EQ,NSE,NSE
941057,3676,VESUVIUS,0.05,1,EQ,NSE,NSE
2216961,8660,VETO-BE,0.01,1,EQ,NSE,NSE
195904513,765252,VGCL,0.01,1,EQ,NSE,NSE
193807361,757060,VGINFOTECH-SM,0.05,1000,EQ,NSE,NSE
3525377,13771,VGL,0.01,1,EQ,NSE,NSE
3932673,15362,VGUARD,0.05,1,EQ,NSE,NSE
3044353,11892,VHL,0.1,1,EQ,NSE,NSE
5986817,23386,VHLTD-BE,0.01,1,EQ,NSE,NSE
3664897,14316,VIAZ-SM,0.05,2000,EQ,NSE,NSE
194736897,760691,VICTORYEV-SM,0.05,3000,EQ,NSE,NSE
3465217,13536,VIDHIING,0.05,1,EQ,NSE,NSE
194617345,760224,VIDYAWIRES,0.01,1,EQ,NSE,NSE
6459137,25231,VIESL-SM,0.05,800,EQ,NSE,NSE
194280449,758908,VIGOR-ST,0.05,1600,EQ,NSE,NSE
1429761,5585,VIJAYA,0.1,1,EQ,NSE,NSE
194590977,760121,VIJAYPD-SM,0.05,2000,EQ,NSE,NSE
4529921,17695,VIJIFIN-BE,0.01,1,EQ,NSE,NSE
195836161,764985,VIJSOLX,0.05,1,EQ,NSE,NSE
6593537,25756,VIKASECO,0.01,1,EQ,NSE,NSE
2542337,9931,VIKASLIFE,0.01,1,EQ,NSE,NSE
194419969,759453,VIKRAMSOLR,0.01,1,EQ,NSE,NSE
194297089,758973,VIKRAN,0.01,1,EQ,NSE,NSE
6120705,23909,VILAS-SM,0.05,250,EQ,NSE,NSE
4340225,16954,VILINBIO-SM,0.05,4000,EQ,NSE,NSE
3353857,13101,VIMTALABS,0.05,1,EQ,NSE,NSE
4445185,17364,VINATIORGA,0.1,1,EQ,NSE,NSE
6613761,25835,VINCOFE,0.01,1,EQ,NSE,NSE
945665,3694,VINDHYATEL,0.1,1,EQ,NSE,NSE
974593,3807,VINEETLAB,0.01,1,EQ,NSE,NSE
3197441,12490,VINNY,0.01,1,EQ,NSE,NSE
4583681,17905,VINSYS-ST,0.05,250,EQ,NSE,NSE
4916737,19206,VINYAS-SM,0.05,100,EQ,NSE,NSE
4306177,16821,VINYLINDIA,0.01,1,EQ,NSE,NSE
3799809,14843,VIPCLOTHNG,0.01,1,EQ,NSE,NSE
947969,3703,VIPIND,0.05,1,EQ,NSE,NSE
2159873,8437,VIPULLTD-BE,0.01,1,EQ,NSE,NSE
195837441,764990,VIRAT,0.05,1,EQ,NSE,NSE
3915521,15295,VIRINCHI,0.01,1,EQ,NSE,NSE
195895041,765215,VIRTUALG,0.01,1,EQ,NSE,NSE
3403521,13295,VISACHROME,0.01,1,EQ,NSE,NSE
1080577,4221,VISAKAIND,0.01,1,EQ,NSE,NSE
6214145,24274,VISAMAN-SM,0.05,1000,EQ,NSE,NSE
4789249,18708,VISDEM-SM,0.05,1200,EQ,NSE,NSE
3013889,11773,VISHAL,0.01,1,EQ,NSE,NSE
1768449,6908,VISHNU,0.05,1,EQ,NSE,NSE
4940801,19300,VISHNUINFR-SM,0.05,500,EQ,NSE,NSE
3507713,13702,VISHWARAJ,0.01,1,EQ,NSE,NSE
5983489,23373,VISHWAS-ST,0.05,1600,EQ,NSE,NSE
192074241,750290,VISL,0.01,1,EQ,NSE,NSE
194853889,761148,VITAL,0.01,1,EQ,NSE,NSE
195491073,763637,VIVIANA-BE,0.05,1,EQ,NSE,NSE
195012609,761768,VIVIDEL-SM,0.05,240,EQ,NSE,NSE
7648513,29877,VIVIDHA,0.01,1,EQ,NSE,NSE
3063809,11968,VIVIMEDLAB-BE,0.01,1,EQ,NSE,NSE
1950721,7620,VIVO-ST,0.05,1600,EQ,NSE,NSE
195838721,764995,VIVOBIOT,0.01,1,EQ,NSE,NSE
3659777,14296,VIYASH,0.05,1,EQ,NSE,NSE
4613377,18021,VLEGOV-BE,0.01,1,EQ,NSE,NSE
6299137,24606,VLINFRA-SM,0.05,1500,EQ,NSE,NSE
951041,3715,VLSFINANCE,0.05,1,EQ,NSE,NSE
816129,3188,VMARCIND-SM,0.05,1500,EQ,NSE,NSE
7496705,29284,VMART,0.05,1,EQ,NSE,NSE
7160065,27969,VMM,0.01,1,EQ,NSE,NSE
195538177,763821,VMOBILE-SM,0.05,800,EQ,NSE,NSE
194342913,759152,VMSTMT,0.01,1,EQ,NSE,NSE
195050497,761916,VOEPL,0.05,1,EQ,NSE,NSE
192094209,750368,VOGL,0.01,1,EQ,NSE,NSE
195840001,765000,VOITHPAPR,0.1,1,EQ,NSE,NSE
7592449,29658,VOLERCAR-SM,0.05,800,EQ,NSE,NSE
3475713,13577,VOLTAMP,0.5,1,EQ,NSE,NSE
951809,3718,VOLTAS,0.1,1,EQ,NSE,NSE
4695297,18341,VPRPL,0.01,1,EQ,NSE,NSE
5892609,23018,VR-SM,0.05,400,EQ,NSE,NSE
6226177,24321,VRAJ,0.01,1,EQ,NSE,NSE
2226177,8696,VRLLOG,0.05,1,EQ,NSE,NSE
5369089,20973,VSCL-SM,0.05,3000,EQ,NSE,NSE
6929153,27067,VSSL,0.05,1,EQ,NSE,NSE
953345,3724,VSTIND,0.01,1,EQ,NSE,NSE
5818881,22730,VSTL,0.01,1,EQ,NSE,NSE
6218753,24292,VSTTILLERS,0.1,1,EQ,NSE,NSE
530689,2073,VTL,0.05,1,EQ,NSE,NSE
195896321,765220,VTMLTD,0.01,1,EQ,NSE,NSE
6632193,25907,WAAREEENER,0.1,1,EQ,NSE,NSE
5108481,19955,WAAREEINDO,0.05,1,EQ,NSE,NSE
193545729,756038,WAAREERTL,0.05,1,EQ,NSE,NSE
5168129,20188,WABAG,0.1,1,EQ,NSE,NSE
194626305,760259,WAKEFIT,0.01,1,EQ,NSE,NSE
956417,3736,WALCHANNAG,0.01,1,EQ,NSE,NSE
1283329,5013,WALPAR-SM,0.05,2000,EQ,NSE,NSE
3600129,14063,WANBURY,0.05,1,EQ,NSE,NSE
195897601,765225,WARDINMOBI,0.01,1,EQ,NSE,NSE
958721,3745,WATERBASE,0.01,1,EQ,NSE,NSE
6503169,25403,WCIL,0.01,1,EQ,NSE,NSE
492289,1923,WEALTH,0.05,1,EQ,NSE,NSE
3738113,14602,WEBELSOLAR,0.01,1,EQ,NSE,NSE
959489,3748,WEIZMANIND,0.01,1,EQ,NSE,NSE
2005761,7835,WEL,0.01,1,EQ,NSE,NSE
3026177,11821,WELCORP,0.1,1,EQ,NSE,NSE
2976257,11626,WELENT,0.05,1,EQ,NSE,NSE
5069825,19804,WELINV-BE,0.1,1,EQ,NSE,NSE
195320577,762971,WELSPLSOL,0.01,1,EQ,NSE,NSE
2880769,11253,WELSPUNLIV,0.01,1,EQ,NSE,NSE
1084161,4235,WENDT,0.5,1,EQ,NSE,NSE
2964481,11580,WESTLIFE,0.05,1,EQ,NSE,NSE
2524673,9862,WEWIN,0.01,1,EQ,NSE,NSE
194415105,759434,WEWORK,0.05,1,EQ,NSE,NSE
195841281,765005,WHBRADY,0.05,1,EQ,NSE,NSE
964097,3766,WHEELS,0.1,1,EQ,NSE,NSE
4610817,18011,WHIRLPOOL,0.05,1,EQ,NSE,NSE
193962241,757665,WHITEFORCE-SM,0.05,1600,EQ,NSE,NSE
965633,3772,WILLAMAGOR,0.01,1,EQ,NSE,NSE
1373697,5366,WINDLAS,0.05,1,EQ,NSE,NSE
6392065,24969,WINDMACHIN,0.05,1,EQ,NSE,NSE
6188289,24173,WINNY-SM,0.05,500,EQ,NSE,NSE
6070785,23714,WINSOL-SM,0.05,400,EQ,NSE,NSE
5243137,20481,WIPL,0.01,1,EQ,NSE,NSE
969473,3787,WIPRO,0.01,1,EQ,NSE,NSE
1921537,7506,WOCKPHARMA,0.1,1,EQ,NSE,NSE
6554113,25602,WOL3D-SM,0.05,1000,EQ,NSE,NSE
5025793,19632,WOMANCART-ST,0.05,400,EQ,NSE,NSE
768513,3002,WONDERLA,0.05,1,EQ,NSE,NSE
5702913,22277,WORTHPERI,0.01,1,EQ,NSE,NSE
195322369,762978,WPIL,0.05,1,EQ,NSE,NSE
3795969,14828,WSI,0.01,1,EQ,NSE,NSE
972545,3799,WSTCSTPAPR,0.05,1,EQ,NSE,NSE
5817601,22725,WTICAB-SM,0.05,500,EQ,NSE,NSE
2996481,11705,XCHANGING,0.01,1,EQ,NSE,NSE
2170113,8477,XELPMOC,0.01,1,EQ,NSE,NSE
2920193,11407,XPROINDIA,0.1,1,EQ,NSE,NSE
6460161,25235,XTGLOBAL,0.01,1,EQ,NSE,NSE
195663873,764312,XTRANET,0.01,1,EQ,NSE,NSE
194782721,760870,YAAP-SM,0.05,1000,EQ,NSE,NSE
4641537,18131,YASHO,0.1,1,EQ,NSE,NSE
6003457,23451,YASHOPTICS-SM,0.05,800,EQ,NSE,NSE
4540929,17738,YATHARTH,0.05,1,EQ,NSE,NSE
4802561,18760,YATRA,0.01,1,EQ,NSE,NSE
4512513,17627,YCCL-SM,0.05,3000,EQ,NSE,NSE
3050241,11915,YESBANK,0.01,1,EQ,NSE,NSE
195842561,765010,YOGI,0.01,1,EQ,NSE,NSE
4618241,18040,YUDIZ-SM,0.05,800,EQ,NSE,NSE
1408257,5501,YUKEN,0.05,1,EQ,NSE,NSE
4763649,18608,ZAGGLE,0.01,1,EQ,NSE,NSE
4548097,17766,ZEAL-SM,0.05,600,EQ,NSE,NSE
975873,3812,ZEEL,0.01,1,EQ,NSE,NSE
5339137,20856,ZEELEARN-BE,0.01,1,EQ,NSE,NSE
3584769,14003,ZEEMEDIA,0.01,1,EQ,NSE,NSE
5837569,22803,ZENITHDRUG-SM,0.05,800,EQ,NSE,NSE
1069057,4176,ZENITHEXPO,0.01,1,EQ,NSE,NSE
3727873,14562,ZENITHSTL,0.01,1,EQ,NSE,NSE
275457,1076,ZENSARTECH,0.05,1,EQ,NSE,NSE
1922049,7508,ZENTEC,0.1,1,EQ,NSE,NSE
4330241,16915,ZFCVINDIA,0.1,1,EQ,NSE,NSE
1082625,4229,ZFSTEERING,0.05,1,EQ,NSE,NSE
3170305,12384,ZIMLAB,0.01,1,EQ,NSE,NSE
1825025,7129,ZODIAC,0.05,1,EQ,NSE,NSE
978177,3821,ZODIACLOTH,0.01,1,EQ,NSE,NSE
2916865,11394,ZOTA,0.1,1,EQ,NSE,NSE
195324161,762985,ZSARACOM,1,1,EQ,NSE,NSE
6137857,23976,ZTECH-SM,0.05,300,EQ,NSE,NSE
7436801,29050,ZUARI,0.01,1,EQ,NSE,NSE
979713,3827,ZUARIIND,0.05,1,EQ,NSE,NSE
2029825,7929,ZYDUSLIFE,0.1,1,EQ,NSE,NSE
4514561,17635,ZYDUSWELL,0.05,1,EQ,NSE,NSE
